case_id,state,district_type,project_type,case_opened_date,snapshot_date,land_area_hectares,land_type,affected_owner_count,is_multi_village,has_title_dispute,has_court_case,has_objection,compensation_estimate_inr_lakh,compensation_funding_available,notification_stage,days_since_case_opened,land_notified_percent,award_completed_percent,compensation_disbursed_percent,possession_completed_percent,delay_label,delay_risk,delay_probability,actual_delay_days
SYN-LA-00001,Uttar Pradesh,Rural,Urban Infrastructure,2018-06-10,2020-03-03,3.18,Agricultural,17,0,0,0,1,65.74,1,3D issued,632,100,73.0,43.5,25.1,1,Medium,0.517,195
SYN-LA-00002,Punjab,Rural,Railway,2021-11-19,2022-08-22,5.07,Agricultural,9,1,0,1,0,515.63,1,3A issued,276,41.6,39.6,23.6,0,1,High,0.654,299
SYN-LA-00003,Punjab,Urban,Railway,2024-05-08,2025-04-03,8.43,Agricultural,3,1,0,0,0,261.64,1,3D issued,330,87.6,58.9,47.5,23.3,0,Medium,0.444,0
SYN-LA-00004,Madhya Pradesh,Semi-urban,Urban Infrastructure,2018-08-24,2019-09-09,2.51,Agricultural,8,0,0,0,0,56.24,1,3G award,381,77.3,77.0,74.9,69.0,0,Low,0.123,0
SYN-LA-00005,Rajasthan,Urban,Urban Infrastructure,2018-09-11,2020-07-29,3.79,Agricultural,19,0,0,0,0,77.15,1,3G award,687,100,100,94.7,86.2,0,Low,0.287,0
SYN-LA-00006,Chhattisgarh,Urban,Industrial Corridor,2024-11-14,2026-03-22,0.71,Agricultural,20,1,1,0,0,34.41,1,3A issued,493,47.1,45.1,18.9,3.7,1,High,0.681,276
SYN-LA-00007,Rajasthan,Rural,Railway,2024-09-16,2026-01-25,2.72,Residential,31,1,1,0,1,106.39,1,3D issued,496,73.5,62.9,58.4,49.3,1,High,0.748,189
SYN-LA-00008,Odisha,Semi-urban,Urban Infrastructure,2023-07-06,2024-12-13,0.52,Agricultural,12,1,0,0,0,13.92,0,3D issued,526,72.9,52.1,22.3,11.7,0,Medium,0.477,0
SYN-LA-00009,Odisha,Rural,Railway,2023-06-15,2024-01-17,3.71,Commercial,18,0,0,0,0,631.3,1,3D issued,216,72.2,38.6,28.7,6.5,1,Low,0.315,174
SYN-LA-00010,Maharashtra,Rural,Railway,2020-09-27,2021-07-10,3.21,Agricultural,20,0,1,0,1,136.01,1,3A issued,286,32.5,23.9,17.1,8.3,0,High,0.664,0
SYN-LA-00011,Chhattisgarh,Semi-urban,Urban Infrastructure,2024-01-26,2025-08-04,2.79,Agricultural,7,0,0,0,0,177.76,1,3G award,556,100,100,70.9,60.4,0,Low,0.179,0
SYN-LA-00012,Uttar Pradesh,Semi-urban,Railway,2018-06-05,2020-01-02,1.46,Agricultural,13,0,0,0,0,75.68,1,3G award,576,100,93.8,81.6,69.7,0,Low,0.17,0
SYN-LA-00013,Maharashtra,Semi-urban,National Highway,2024-03-28,2025-09-02,12.79,Agricultural,9,1,0,0,0,1188.94,1,3G award,523,100,89.5,76.1,68.8,1,Medium,0.517,222
SYN-LA-00014,Punjab,Urban,Railway,2020-07-30,2021-07-29,0.9,Forest,13,0,0,0,0,42.37,1,3D issued,364,100,69.0,64.3,55.5,1,Low,0.212,133
SYN-LA-00015,Karnataka,Urban,Railway,2019-05-22,2019-09-17,2.74,Agricultural,10,0,0,0,1,282.27,1,Pre-notification,118,5.6,0,0,0,1,Medium,0.373,168
SYN-LA-00016,Punjab,Urban,Urban Infrastructure,2022-07-15,2023-05-11,7.01,Residential,22,1,0,0,0,382.72,1,3G award,300,86.3,77.5,55.3,47.0,0,Medium,0.466,0
SYN-LA-00017,Punjab,Rural,Urban Infrastructure,2018-05-09,2019-06-17,8.07,Agricultural,11,1,0,0,0,540.22,1,3G award,404,100,94.9,62.8,51.6,0,Medium,0.372,0
SYN-LA-00018,Haryana,Rural,Railway,2021-08-07,2023-05-06,13.3,Agricultural,5,1,0,0,0,956.32,1,3G award,637,100,100,90.8,88.1,0,Medium,0.47,0
SYN-LA-00019,West Bengal,Semi-urban,Railway,2019-10-18,2020-09-21,13.1,Agricultural,7,1,1,0,0,391.33,1,3A issued,339,16.0,16.0,16.0,6.0,1,High,0.824,257
SYN-LA-00020,Chhattisgarh,Rural,Railway,2018-12-16,2019-02-11,17.68,Agricultural,4,1,0,0,0,1296.03,1,3A issued,57,40.1,29.1,1.9,0,1,High,0.707,293
SYN-LA-00021,Maharashtra,Rural,Railway,2021-07-02,2023-01-22,11.71,Agricultural,13,1,0,0,0,731.64,1,3G award,569,100,92.7,68.5,45.5,1,Medium,0.611,281
SYN-LA-00022,Haryana,Rural,Urban Infrastructure,2018-07-04,2018-11-04,3.38,Agricultural,10,0,0,0,0,230.82,1,Pre-notification,123,1.6,0,0,0,0,Low,0.231,0
SYN-LA-00023,Chhattisgarh,Rural,National Highway,2023-06-11,2025-01-14,16.62,Agricultural,10,1,0,0,0,1103.29,1,3G award,583,100,100,85.8,83.1,1,Medium,0.638,314
SYN-LA-00024,Odisha,Urban,State Highway,2021-07-07,2022-10-29,1.9,Agricultural,8,0,0,0,1,147.85,1,3D issued,479,75.8,63.4,44.2,25.3,0,Medium,0.389,0
SYN-LA-00025,Rajasthan,Urban,National Highway,2020-11-01,2021-02-07,0.66,Agricultural,7,0,0,0,0,12.66,0,Pre-notification,98,9.8,0,0,0,0,Low,0.305,0
SYN-LA-00026,Karnataka,Semi-urban,State Highway,2023-01-03,2024-08-20,7.7,Agricultural,40,1,0,0,1,296.61,1,3D issued,595,76.2,65.3,46.4,41.2,1,High,0.811,307
SYN-LA-00027,Uttar Pradesh,Semi-urban,State Highway,2019-05-03,2020-01-16,2.87,Agricultural,5,1,0,0,0,87.69,1,3D issued,258,69.3,52.3,39.0,31.7,0,Low,0.218,0
SYN-LA-00028,Odisha,Semi-urban,National Highway,2018-01-11,2018-11-07,0.19,Agricultural,14,0,0,0,0,16.62,1,3A issued,300,35.9,25.4,0,0,0,Low,0.233,0
SYN-LA-00029,Madhya Pradesh,Urban,Urban Infrastructure,2020-05-12,2020-11-01,0.72,Commercial,8,0,0,0,0,100.86,1,3A issued,173,51.7,21.6,16.5,0,1,Low,0.211,51
SYN-LA-00030,Punjab,Urban,Urban Infrastructure,2018-12-11,2020-07-02,1.63,Agricultural,18,1,0,0,1,137.46,1,3G award,569,100,87.9,56.1,40.9,0,Medium,0.505,0
SYN-LA-00031,Odisha,Semi-urban,State Highway,2024-09-14,2025-03-01,1.75,Agricultural,6,1,0,0,0,183.16,1,3A issued,168,45.1,37.4,12.0,0,0,Low,0.245,0
SYN-LA-00032,Madhya Pradesh,Urban,Industrial Corridor,2019-10-23,2020-07-24,2.17,Residential,28,1,0,0,0,192.13,1,3D issued,275,70.3,51.5,41.4,16.3,0,Medium,0.46,0
SYN-LA-00033,Madhya Pradesh,Urban,State Highway,2020-05-15,2021-04-24,3.62,Residential,22,1,0,0,0,380.03,1,3D issued,344,85.9,71.0,53.1,33.4,0,Medium,0.424,0
SYN-LA-00034,Karnataka,Urban,Urban Infrastructure,2021-10-20,2022-04-19,8.59,Agricultural,11,1,0,0,0,673.38,1,3A issued,181,16.9,6.9,3.4,0,0,Medium,0.55,0
SYN-LA-00035,Maharashtra,Semi-urban,National Highway,2022-01-15,2023-06-27,0.55,Agricultural,3,0,0,0,0,33.2,1,3G award,528,100,100,79.9,78.2,0,Low,0.09,0
SYN-LA-00036,Rajasthan,Urban,National Highway,2023-10-01,2024-11-29,1.79,Agricultural,93,1,0,0,0,131.9,1,3D issued,425,76.4,48.1,42.6,26.9,1,High,0.66,161
SYN-LA-00037,Karnataka,Semi-urban,Railway,2019-06-21,2020-11-25,2.49,Agricultural,4,0,0,0,0,122.39,1,3G award,523,100,91.7,84.5,81.4,1,Low,0.109,84
SYN-LA-00038,West Bengal,Rural,Industrial Corridor,2018-10-22,2020-10-10,4.0,Agricultural,11,1,0,0,0,280.19,1,3G award,719,100,95.5,93.1,83.6,1,Low,0.277,115
SYN-LA-00039,Madhya Pradesh,Urban,Railway,2020-12-07,2021-09-18,6.39,Commercial,13,1,0,0,0,352.52,0,3A issued,285,37.9,21.2,0,0,1,High,0.683,148
SYN-LA-00040,Punjab,Semi-urban,Railway,2020-11-16,2022-08-03,4.2,Forest,2,0,0,0,0,109.36,1,3G award,625,100,99.5,81.9,72.8,0,Low,0.21,0
SYN-LA-00041,Haryana,Semi-urban,Industrial Corridor,2021-02-02,2022-03-19,2.67,Residential,1,0,0,0,0,110.74,1,3D issued,410,68.2,33.7,28.2,5.4,0,Low,0.221,0
SYN-LA-00042,Rajasthan,Semi-urban,Industrial Corridor,2019-02-13,2019-05-01,1.31,Forest,6,1,0,0,1,52.4,1,Pre-notification,77,13.5,8.0,0,0,0,Medium,0.396,0
SYN-LA-00043,West Bengal,Rural,Urban Infrastructure,2018-04-30,2019-12-25,2.05,Agricultural,3,1,0,1,0,56.65,1,3G award,604,100,100,90.9,58.6,0,Medium,0.447,0
SYN-LA-00044,Rajasthan,Semi-urban,Urban Infrastructure,2023-10-26,2025-05-10,4.66,Agricultural,9,0,0,0,0,241.65,1,3G award,562,100,100,76.3,64.2,0,Low,0.221,0
SYN-LA-00045,West Bengal,Urban,State Highway,2018-07-30,2019-06-08,2.47,Agricultural,7,0,0,0,0,99.74,1,3A issued,313,45.4,45.4,26.2,7.3,0,Low,0.281,0
SYN-LA-00046,Odisha,Semi-urban,Urban Infrastructure,2023-07-20,2025-05-25,12.19,Forest,9,1,0,1,1,364.52,1,3G award,675,100,96.3,93.7,64.7,1,High,0.911,217
SYN-LA-00047,Madhya Pradesh,Urban,State Highway,2024-12-08,2025-01-29,6.13,Agricultural,6,1,0,0,0,343.68,1,Pre-notification,52,4.0,0,0,0,0,Medium,0.381,0
SYN-LA-00048,Maharashtra,Semi-urban,Railway,2022-07-14,2023-12-16,3.35,Agricultural,33,1,0,0,0,133.39,1,3D issued,520,86.5,58.6,29.5,16.7,0,Medium,0.577,0
SYN-LA-00049,Odisha,Rural,Industrial Corridor,2024-03-06,2025-03-07,1.94,Forest,9,0,1,1,0,85.5,1,Pre-notification,366,11.7,0,0,0,1,High,0.785,294
SYN-LA-00050,Odisha,Urban,Railway,2022-10-24,2024-09-15,1.75,Residential,7,0,1,0,0,98.17,1,3G award,692,100,99.3,90.4,88.0,0,Low,0.316,0
SYN-LA-00051,Uttar Pradesh,Urban,Railway,2018-03-21,2019-10-23,7.79,Agricultural,17,1,0,0,1,794.15,0,3D issued,581,61.1,47.8,1.7,0,1,High,0.898,291
SYN-LA-00052,Karnataka,Rural,Urban Infrastructure,2020-04-20,2020-12-22,2.17,Agricultural,10,0,0,0,0,37.32,0,Pre-notification,246,12.4,12.4,0,0,1,Medium,0.357,158
SYN-LA-00053,Odisha,Semi-urban,State Highway,2021-10-25,2023-04-27,1.45,Residential,1,0,0,0,1,104.36,1,3G award,549,100,77.2,67.0,49.8,0,Low,0.225,0
SYN-LA-00054,Maharashtra,Semi-urban,State Highway,2020-03-09,2020-12-07,9.63,Agricultural,3,1,0,0,0,172.95,1,3D issued,273,63.1,47.4,21.9,17.1,1,Medium,0.441,139
SYN-LA-00055,Uttar Pradesh,Semi-urban,State Highway,2023-08-27,2025-08-01,3.68,Agricultural,4,0,0,0,0,145.72,1,3G award,705,100,99.5,92.0,90.1,0,Low,0.157,0
SYN-LA-00056,Punjab,Urban,Urban Infrastructure,2023-02-15,2024-10-22,1.9,Residential,7,0,0,0,1,113.59,1,3G award,615,100,84.5,64.2,40.3,0,Medium,0.359,0
SYN-LA-00057,Maharashtra,Semi-urban,Industrial Corridor,2019-01-03,2020-05-30,4.98,Agricultural,7,0,0,0,0,512.41,1,3G award,513,100,96.0,88.0,74.8,0,Low,0.179,0
SYN-LA-00058,Uttar Pradesh,Rural,State Highway,2018-11-09,2020-07-03,5.21,Agricultural,2,0,0,0,0,539.68,1,3G award,602,100,100,91.4,90.2,0,Low,0.156,0
SYN-LA-00059,Uttar Pradesh,Urban,National Highway,2020-04-17,2021-08-11,1.91,Residential,27,1,0,0,1,44.95,1,3D issued,481,93.1,64.9,53.7,32.7,0,Medium,0.617,0
SYN-LA-00060,Chhattisgarh,Urban,Urban Infrastructure,2022-04-22,2023-03-28,0.69,Forest,18,0,0,0,0,31.42,1,3A issued,340,54.1,49.2,23.4,1.9,0,Medium,0.413,0
SYN-LA-00061,West Bengal,Semi-urban,State Highway,2024-01-21,2025-05-25,2.72,Agricultural,31,1,0,0,0,243.55,0,3D issued,490,72.9,55.4,33.8,26.2,0,High,0.656,0
SYN-LA-00062,Punjab,Semi-urban,Railway,2019-08-08,2021-03-05,2.09,Forest,7,0,0,0,0,48.18,1,3G award,575,100,92.7,68.3,43.2,0,Low,0.249,0
SYN-LA-00063,Haryana,Semi-urban,Industrial Corridor,2020-11-25,2021-01-16,3.74,Agricultural,12,0,0,0,0,165.28,1,3A issued,52,28.8,28.6,22.4,5.3,0,Low,0.221,0
SYN-LA-00064,Odisha,Rural,Railway,2018-06-30,2019-06-01,2.42,Agricultural,3,0,0,0,0,181.17,1,3A issued,336,33.4,26.6,8.3,0,0,Low,0.229,0
SYN-LA-00065,Odisha,Semi-urban,Industrial Corridor,2023-10-06,2025-08-25,0.9,Residential,10,0,0,0,1,61.1,1,3D issued,689,99.3,69.5,48.5,29.7,0,Medium,0.376,0
SYN-LA-00066,Maharashtra,Urban,Industrial Corridor,2018-02-08,2018-06-29,2.21,Agricultural,10,0,0,0,0,98.13,1,3A issued,141,26.0,23.4,3.1,0,1,Low,0.254,95
SYN-LA-00067,West Bengal,Rural,Industrial Corridor,2021-12-15,2022-11-24,3.55,Residential,10,0,0,0,0,60.29,1,3A issued,344,39.4,39.4,18.0,7.7,0,Low,0.292,0
SYN-LA-00068,Madhya Pradesh,Rural,National Highway,2023-05-09,2025-03-04,2.31,Commercial,2,0,1,0,0,91.16,1,3G award,665,78.8,75.5,67.3,63.3,0,Low,0.3,0
SYN-LA-00069,Karnataka,Semi-urban,Railway,2018-02-28,2019-02-09,4.82,Commercial,4,0,0,0,0,773.74,0,3D issued,346,79.0,49.4,1.6,0.3,0,Medium,0.43,0
SYN-LA-00070,West Bengal,Rural,State Highway,2021-01-07,2022-05-09,3.02,Agricultural,6,0,0,0,0,284.61,1,3D issued,487,78.6,69.1,41.4,29.7,0,Low,0.233,0
SYN-LA-00071,Karnataka,Urban,Industrial Corridor,2018-01-13,2019-01-08,3.48,Agricultural,19,0,0,0,0,239.15,1,3G award,360,100,77.3,54.1,42.8,0,Low,0.29,0
SYN-LA-00072,Odisha,Semi-urban,Industrial Corridor,2020-08-18,2021-03-04,1.3,Agricultural,6,0,1,0,1,33.27,1,3A issued,198,20.6,11.8,4.9,0,1,Medium,0.485,140
SYN-LA-00073,Uttar Pradesh,Rural,State Highway,2020-11-07,2022-05-04,3.77,Residential,14,0,1,0,0,329.81,1,3G award,543,90.2,82.4,65.3,62.1,1,Medium,0.421,222
SYN-LA-00074,Madhya Pradesh,Semi-urban,National Highway,2020-01-04,2020-10-21,3.41,Commercial,3,0,0,0,0,311.88,1,3D issued,291,69.7,62.4,30.2,22.0,1,Low,0.184,62
SYN-LA-00075,Rajasthan,Semi-urban,National Highway,2020-02-11,2020-05-27,9.23,Agricultural,14,1,0,0,0,365.93,1,Pre-notification,106,2.4,1.7,0,0,0,Medium,0.525,0
SYN-LA-00076,Haryana,Semi-urban,Industrial Corridor,2019-10-23,2020-09-26,5.41,Residential,38,1,0,0,0,447.4,0,3A issued,339,41.9,23.0,0,0,1,High,0.792,248
SYN-LA-00077,Haryana,Rural,State Highway,2024-01-22,2025-11-20,1.42,Agricultural,13,0,0,0,0,67.45,1,3G award,668,100,100,98.8,93.4,1,Low,0.134,15
SYN-LA-00078,West Bengal,Rural,National Highway,2023-04-01,2025-03-01,4.93,Agricultural,5,0,0,0,0,285.99,1,3G award,700,100,91.5,85.1,64.5,1,Low,0.245,149
SYN-LA-00079,Punjab,Urban,National Highway,2022-05-11,2022-08-20,1.16,Agricultural,11,0,0,0,0,43.23,1,3A issued,101,31.6,11.4,0,0,1,Low,0.212,147
SYN-LA-00080,Odisha,Rural,Industrial Corridor,2024-02-11,2025-01-22,2.78,Agricultural,9,0,0,0,0,199.84,1,3D issued,346,93.3,60.5,30.7,5.7,0,Low,0.266,0
SYN-LA-00081,Rajasthan,Rural,Railway,2023-06-30,2024-10-02,2.91,Agricultural,7,0,0,0,0,176.82,1,3G award,460,100,100,73.3,57.8,0,Low,0.163,0
SYN-LA-00082,Chhattisgarh,Rural,Industrial Corridor,2019-07-16,2020-11-30,4.3,Agricultural,7,1,0,0,1,263.51,1,3G award,503,100,91.4,68.8,61.1,0,Medium,0.374,0
SYN-LA-00083,Haryana,Rural,Urban Infrastructure,2022-04-26,2023-07-12,1.78,Residential,31,1,1,1,1,91.5,1,Pre-notification,442,0,0,0,0,1,High,0.934,314
SYN-LA-00084,Chhattisgarh,Semi-urban,Urban Infrastructure,2019-11-19,2020-09-06,1.04,Agricultural,27,1,0,0,1,84.43,1,3A issued,292,56.0,30.3,5.7,0,0,Medium,0.567,0
SYN-LA-00085,West Bengal,Rural,Urban Infrastructure,2020-03-09,2021-11-14,1.95,Agricultural,20,0,0,0,0,36.06,0,3G award,615,100,97.0,78.1,59.4,0,Medium,0.388,0
SYN-LA-00086,Madhya Pradesh,Urban,Urban Infrastructure,2023-01-01,2023-09-10,0.83,Agricultural,8,0,0,0,0,14.61,1,3A issued,252,40.1,26.2,0,0,0,Low,0.234,0
SYN-LA-00087,Chhattisgarh,Rural,State Highway,2018-07-17,2019-07-13,0.99,Agricultural,17,0,0,0,0,84.9,0,3A issued,361,51.6,42.0,17.2,0,1,Medium,0.437,256
SYN-LA-00088,Rajasthan,Semi-urban,Urban Infrastructure,2019-06-19,2020-05-16,4.68,Agricultural,6,0,0,0,0,310.84,1,3D issued,332,63.6,55.2,41.8,15.9,0,Low,0.263,0
SYN-LA-00089,Uttar Pradesh,Semi-urban,State Highway,2020-12-31,2022-08-21,7.15,Agricultural,6,1,0,0,0,352.81,1,3G award,598,100,100,95.6,86.1,0,Low,0.29,0
SYN-LA-00090,Haryana,Semi-urban,State Highway,2020-02-03,2021-04-10,2.01,Agricultural,24,1,0,0,0,179.76,0,3D issued,432,91.7,69.4,22.3,0,0,Medium,0.625,0
SYN-LA-00091,West Bengal,Urban,Urban Infrastructure,2019-02-27,2020-03-15,0.21,Commercial,2,0,0,0,0,34.79,1,3D issued,382,70.3,43.0,18.7,8.0,0,Low,0.208,0
SYN-LA-00092,Odisha,Rural,State Highway,2018-08-29,2020-04-13,2.51,Agricultural,11,0,0,0,0,143.63,0,3D issued,593,97.4,62.9,26.0,16.2,0,Medium,0.465,0
SYN-LA-00093,Karnataka,Semi-urban,State Highway,2023-10-17,2024-08-29,2.37,Agricultural,8,0,0,0,1,234.98,1,3A issued,317,35.3,10.1,2.3,0,1,Medium,0.358,208
SYN-LA-00094,West Bengal,Rural,State Highway,2023-04-11,2024-09-12,5.95,Agricultural,4,0,0,0,0,131.7,1,3G award,520,100,100,99.5,87.8,0,Low,0.166,0
SYN-LA-00095,Maharashtra,Semi-urban,National Highway,2020-05-10,2020-06-28,4.49,Residential,26,1,0,0,1,381.71,1,Pre-notification,49,8.2,0,0,0,1,Medium,0.577,235
SYN-LA-00096,West Bengal,Semi-urban,National Highway,2019-02-16,2019-07-16,3.39,Residential,6,0,0,0,0,336.69,1,3A issued,150,59.2,36.8,32.1,9.8,1,Low,0.203,79
SYN-LA-00097,Rajasthan,Urban,National Highway,2022-05-02,2023-12-24,7.32,Agricultural,7,1,0,0,0,195.75,1,3G award,601,100,100,84.4,62.0,0,Medium,0.426,0
SYN-LA-00098,Maharashtra,Urban,State Highway,2023-04-26,2024-05-30,1.36,Residential,11,0,0,0,0,49.97,1,3D issued,400,91.6,73.8,55.9,34.8,0,Low,0.221,0
SYN-LA-00099,Uttar Pradesh,Urban,State Highway,2021-07-04,2021-10-31,1.85,Commercial,41,1,0,0,0,241.98,1,Pre-notification,119,7.1,0,0,0,0,Medium,0.577,0
SYN-LA-00100,Haryana,Urban,Urban Infrastructure,2021-03-14,2022-06-15,3.32,Agricultural,7,0,0,0,0,181.67,1,3D issued,458,90.9,59.0,48.8,23.0,1,Low,0.29,183
SYN-LA-00101,Odisha,Semi-urban,Railway,2021-03-24,2021-07-17,2.73,Agricultural,24,1,0,0,0,69.16,1,Pre-notification,115,0,0,0,0,1,Medium,0.393,151
SYN-LA-00102,Rajasthan,Semi-urban,Urban Infrastructure,2023-10-10,2024-11-22,1.49,Agricultural,11,0,0,0,0,132.96,1,3A issued,409,44.3,34.2,19.8,0,0,Low,0.276,0
SYN-LA-00103,Odisha,Urban,State Highway,2022-09-06,2024-05-12,1.85,Agricultural,15,0,0,0,0,77.92,1,3G award,614,100,93.7,73.1,63.0,0,Low,0.25,0
SYN-LA-00104,Karnataka,Rural,Railway,2022-10-03,2023-10-22,1.98,Agricultural,54,1,0,0,0,204.73,1,3D issued,384,85.7,53.4,32.3,21.5,0,Medium,0.599,0
SYN-LA-00105,Madhya Pradesh,Urban,State Highway,2020-01-04,2021-10-20,6.94,Agricultural,17,1,0,0,1,629.76,0,3G award,655,100,100,66.2,66.0,1,High,0.764,214
SYN-LA-00106,Chhattisgarh,Urban,Railway,2023-10-07,2025-06-07,13.42,Residential,9,1,0,0,0,1097.04,1,3G award,609,100,77.2,70.8,55.1,0,High,0.68,0
SYN-LA-00107,Punjab,Rural,Urban Infrastructure,2023-12-25,2024-03-11,2.68,Agricultural,9,0,0,0,0,72.82,1,3A issued,77,24.2,8.9,0,0,0,Low,0.191,0
SYN-LA-00108,Haryana,Semi-urban,Industrial Corridor,2020-05-18,2021-03-26,6.07,Agricultural,23,1,0,0,0,433.75,1,3A issued,312,45.0,25.8,4.4,0,1,Medium,0.56,194
SYN-LA-00109,Madhya Pradesh,Urban,State Highway,2020-11-02,2022-06-09,2.56,Agricultural,4,0,0,0,0,207.43,1,3G award,584,100,100,92.1,82.6,0,Low,0.149,0
SYN-LA-00110,Rajasthan,Semi-urban,Urban Infrastructure,2018-12-07,2020-05-07,2.51,Agricultural,14,0,0,0,0,238.09,1,3D issued,517,81.1,54.5,53.8,31.9,1,Low,0.269,114
SYN-LA-00111,Karnataka,Semi-urban,National Highway,2018-04-01,2018-05-13,2.35,Residential,11,0,0,0,1,106.43,1,Pre-notification,42,0,0,0,0,0,Low,0.29,0
SYN-LA-00112,Chhattisgarh,Urban,National Highway,2020-02-25,2021-03-14,0.94,Residential,4,1,0,0,0,45.65,1,3D issued,383,99.0,73.9,64.1,45.9,0,Low,0.202,0
SYN-LA-00113,Punjab,Semi-urban,National Highway,2022-07-09,2023-10-05,1.78,Forest,5,0,0,1,0,148.81,1,3D issued,453,93.4,68.9,56.1,40.5,0,Medium,0.439,0
SYN-LA-00114,Punjab,Urban,Industrial Corridor,2022-07-26,2024-03-02,7.05,Agricultural,32,1,0,1,0,137.46,0,3G award,585,100,82.2,38.8,12.6,1,High,0.946,328
SYN-LA-00115,Punjab,Urban,Railway,2019-09-24,2021-03-23,3.54,Agricultural,41,1,0,0,0,255.74,1,3G award,546,100,100,99.4,80.2,1,Medium,0.487,220
SYN-LA-00116,Punjab,Rural,Industrial Corridor,2023-04-25,2023-12-08,1.1,Forest,7,0,0,0,0,82.85,1,3D issued,227,69.7,52.0,50.6,41.8,0,Low,0.149,0
SYN-LA-00117,West Bengal,Semi-urban,Industrial Corridor,2022-09-10,2024-01-26,2.86,Forest,10,0,1,0,0,48.19,1,3A issued,503,50.4,41.2,16.0,0.2,1,Medium,0.637,223
SYN-LA-00118,Punjab,Semi-urban,Urban Infrastructure,2024-04-26,2024-06-16,3.02,Agricultural,10,0,0,0,0,138.98,1,3A issued,51,22.5,11.4,0,0,1,Low,0.198,109
SYN-LA-00119,Punjab,Urban,Industrial Corridor,2019-08-27,2019-09-30,7.42,Agricultural,9,1,0,0,0,358.21,1,Pre-notification,34,0.4,0,0,0,0,Medium,0.432,0
SYN-LA-00120,West Bengal,Semi-urban,State Highway,2024-07-11,2025-12-04,2.1,Agricultural,6,0,0,0,0,46.64,1,3D issued,511,88.5,64.5,61.4,44.1,0,Low,0.184,0
SYN-LA-00121,Odisha,Urban,State Highway,2024-11-27,2026-09-20,1.15,Agricultural,4,0,1,0,0,103.35,1,3G award,662,100,95.6,85.6,62.0,0,Low,0.344,0
SYN-LA-00122,Odisha,Semi-urban,Railway,2023-01-11,2024-09-09,1.07,Commercial,15,0,1,0,0,95.39,1,3G award,607,100,100,87.1,72.1,0,Low,0.324,0
SYN-LA-00123,Chhattisgarh,Semi-urban,Industrial Corridor,2023-04-02,2024-02-18,3.62,Agricultural,23,1,0,0,0,309.68,1,3A issued,322,52.7,28.5,5.1,4.1,0,Medium,0.479,0
SYN-LA-00124,Odisha,Urban,Urban Infrastructure,2021-08-01,2021-10-20,1.55,Residential,21,1,0,0,0,127.77,1,Pre-notification,80,10.1,7.8,4.0,0,0,Medium,0.373,0
SYN-LA-00125,Karnataka,Rural,Industrial Corridor,2022-04-29,2023-12-08,2.48,Agricultural,14,0,0,0,0,109.54,1,3G award,588,100,96.2,82.6,65.1,0,Low,0.194,0
SYN-LA-00126,Rajasthan,Urban,Urban Infrastructure,2023-06-18,2025-05-11,0.54,Agricultural,6,0,0,0,0,31.5,0,3G award,693,100,100,78.3,70.5,0,Low,0.275,0
SYN-LA-00127,West Bengal,Urban,Industrial Corridor,2023-08-20,2024-09-13,3.75,Agricultural,2,0,0,0,0,131.52,1,3G award,390,84.3,80.1,56.1,42.3,1,Low,0.212,170
SYN-LA-00128,West Bengal,Rural,State Highway,2020-02-26,2020-04-25,2.59,Forest,16,0,0,0,0,60.15,1,Pre-notification,59,8.8,8.8,1.0,0,1,Low,0.315,216
SYN-LA-00129,Haryana,Semi-urban,National Highway,2023-03-04,2024-11-12,0.7,Forest,11,1,0,0,0,14.07,1,3G award,619,100,100,93.8,85.8,0,Low,0.211,0
SYN-LA-00130,Haryana,Semi-urban,Urban Infrastructure,2018-03-06,2019-09-03,15.71,Agricultural,13,1,0,0,0,1335.18,1,3G award,546,100,89.7,88.2,66.1,1,High,0.661,221
SYN-LA-00131,Odisha,Semi-urban,Railway,2022-01-27,2022-07-31,4.41,Residential,5,0,0,0,0,286.75,1,3D issued,185,67.4,51.9,38.3,20.4,0,Low,0.202,0
SYN-LA-00132,Rajasthan,Rural,State Highway,2023-08-15,2023-09-22,5.27,Agricultural,8,0,0,0,1,195.27,0,Pre-notification,38,0,0,0,0,1,Medium,0.521,233
SYN-LA-00133,Punjab,Urban,National Highway,2021-03-11,2021-11-08,1.75,Commercial,6,0,0,0,0,297.66,1,3A issued,242,30.5,28.5,16.6,12.5,0,Low,0.203,0
SYN-LA-00134,Odisha,Rural,Urban Infrastructure,2023-08-22,2024-05-16,5.65,Forest,7,0,0,1,0,293.59,1,Pre-notification,268,0,0,0,0,0,High,0.679,0
SYN-LA-00135,Odisha,Urban,Urban Infrastructure,2020-12-03,2022-01-09,2.21,Residential,6,0,0,0,0,159.63,1,3D issued,402,73.2,66.6,34.3,32.3,0,Low,0.223,0
SYN-LA-00136,Chhattisgarh,Semi-urban,State Highway,2018-07-27,2019-02-07,2.23,Residential,23,1,0,0,0,184.94,0,3A issued,195,38.7,29.1,0,0,1,Medium,0.552,177
SYN-LA-00137,Punjab,Semi-urban,National Highway,2023-06-26,2024-04-08,0.93,Forest,27,1,0,0,0,70.04,1,3A issued,287,46.0,38.7,18.9,0,1,Medium,0.484,222
SYN-LA-00138,Haryana,Rural,State Highway,2022-12-28,2024-11-13,3.75,Agricultural,17,1,0,0,1,245.72,1,3G award,686,100,100,92.8,72.0,1,Medium,0.455,189
SYN-LA-00139,Madhya Pradesh,Rural,Urban Infrastructure,2019-03-15,2021-03-02,1.94,Agricultural,16,1,0,0,0,79.77,1,3G award,718,100,100,68.2,61.8,0,Low,0.304,0
SYN-LA-00140,Karnataka,Rural,Industrial Corridor,2021-09-25,2022-01-23,0.66,Agricultural,2,0,0,0,1,31.8,1,Pre-notification,120,0,0,0,0,0,Low,0.21,0
SYN-LA-00141,West Bengal,Rural,State Highway,2018-03-16,2019-05-28,1.59,Agricultural,3,0,1,1,0,161.35,1,3A issued,438,41.1,26.0,15.6,0,1,High,0.693,249
SYN-LA-00142,Chhattisgarh,Urban,Railway,2022-10-17,2023-06-27,8.11,Forest,11,1,0,0,0,385.43,1,3A issued,253,57.5,42.8,22.0,7.9,0,Medium,0.636,0
SYN-LA-00143,Uttar Pradesh,Urban,Industrial Corridor,2023-07-06,2024-06-10,7.39,Residential,9,1,0,1,0,168.08,0,3A issued,340,18.8,18.0,0,0,1,High,0.885,278
SYN-LA-00144,Maharashtra,Urban,Industrial Corridor,2022-06-24,2023-05-25,2.76,Agricultural,8,0,0,0,0,199.59,1,3A issued,335,34.2,28.0,9.8,1.5,1,Low,0.31,203
SYN-LA-00145,Uttar Pradesh,Urban,Railway,2022-11-28,2023-11-01,4.03,Residential,9,1,0,0,0,111.66,1,3A issued,338,35.7,22.4,10.0,3.7,0,Medium,0.444,0
SYN-LA-00146,Punjab,Urban,Railway,2024-07-30,2025-03-25,3.42,Agricultural,3,1,0,0,0,209.76,1,3A issued,238,17.9,17.0,0,0,0,Low,0.323,0
SYN-LA-00147,Odisha,Semi-urban,Urban Infrastructure,2023-09-24,2023-11-06,5.18,Agricultural,9,0,0,0,0,405.65,1,3A issued,43,38.0,12.4,0,0,1,Low,0.258,132
SYN-LA-00148,Odisha,Semi-urban,Railway,2023-02-28,2023-07-19,1.61,Agricultural,26,1,1,0,1,99.23,1,Pre-notification,141,9.5,0,0,0,1,High,0.716,240
SYN-LA-00149,Haryana,Rural,National Highway,2024-10-09,2026-07-07,2.03,Agricultural,2,0,0,0,0,142.34,1,3G award,636,100,100,91.1,85.1,0,Low,0.11,0
SYN-LA-00150,Maharashtra,Rural,State Highway,2021-04-22,2022-10-12,6.55,Residential,26,1,1,0,0,577.61,1,3D issued,538,82.4,57.7,29.4,17.8,0,High,0.798,0
SYN-LA-00151,West Bengal,Rural,Urban Infrastructure,2024-04-25,2025-12-26,1.36,Residential,18,1,0,0,0,83.42,1,3G award,610,100,92.5,88.6,76.1,0,Low,0.242,0
SYN-LA-00152,Punjab,Rural,Urban Infrastructure,2023-05-17,2023-10-09,1.15,Agricultural,2,1,0,1,0,67.33,1,Pre-notification,145,6.6,4.4,0,0,1,Medium,0.413,240
SYN-LA-00153,Punjab,Semi-urban,National Highway,2018-12-11,2020-11-09,7.74,Agricultural,12,1,0,0,0,264.01,1,3G award,699,100,100,92.1,75.5,1,Medium,0.395,171
SYN-LA-00154,Karnataka,Urban,Urban Infrastructure,2020-12-30,2022-03-15,1.63,Agricultural,19,0,0,0,0,136.33,0,3D issued,440,85.8,70.4,27.7,14.6,0,Medium,0.495,0
SYN-LA-00155,Rajasthan,Urban,Industrial Corridor,2019-03-31,2020-11-11,1.67,Agricultural,50,1,0,0,1,153.03,1,3G award,591,83.9,77.4,72.8,53.2,1,High,0.748,297
SYN-LA-00156,Uttar Pradesh,Urban,Industrial Corridor,2021-06-30,2022-07-29,1.79,Agricultural,11,1,0,0,0,175.89,1,3D issued,394,100,73.0,40.1,26.3,0,Low,0.331,0
SYN-LA-00157,Madhya Pradesh,Urban,Industrial Corridor,2024-01-14,2025-04-22,2.17,Forest,1,0,0,0,0,75.2,0,3G award,464,94.3,86.9,62.0,54.5,0,Low,0.328,0
SYN-LA-00158,Karnataka,Urban,National Highway,2019-12-12,2020-12-01,6.33,Agricultural,29,1,1,1,0,656.73,1,3A issued,355,23.1,19.0,0,0,0,High,0.94,0
SYN-LA-00159,Uttar Pradesh,Rural,Urban Infrastructure,2019-03-08,2019-11-08,1.68,Agricultural,21,1,0,0,0,151.18,1,3A issued,245,49.9,30.2,7.7,6.9,1,Medium,0.364,188
SYN-LA-00160,Haryana,Semi-urban,National Highway,2020-06-23,2021-04-03,10.75,Residential,11,1,1,1,0,579.27,1,Pre-notification,284,2.8,0,0,0,1,High,0.917,313
SYN-LA-00161,Karnataka,Rural,National Highway,2020-11-03,2021-05-12,4.11,Commercial,3,1,0,0,0,379.66,1,3A issued,190,24.1,13.2,0,0,1,Low,0.282,113
SYN-LA-00162,Haryana,Semi-urban,State Highway,2022-01-04,2022-03-14,1.83,Agricultural,5,0,0,0,0,156.46,1,Pre-notification,69,4.3,1.2,0,0,0,Low,0.158,0
SYN-LA-00163,Karnataka,Rural,Industrial Corridor,2023-01-29,2023-05-06,5.02,Residential,4,0,0,0,1,146.79,0,Pre-notification,97,7.7,0,0,0,0,Medium,0.485,0
SYN-LA-00164,Chhattisgarh,Urban,National Highway,2021-04-15,2021-07-29,6.31,Agricultural,6,1,0,0,0,440.79,1,Pre-notification,105,8.1,0,0,0,1,Medium,0.418,202
SYN-LA-00165,Rajasthan,Rural,Industrial Corridor,2018-08-31,2019-06-06,1.94,Forest,12,1,0,0,0,114.03,1,3D issued,279,86.9,58.3,49.5,45.2,0,Low,0.266,0
SYN-LA-00166,Madhya Pradesh,Semi-urban,Urban Infrastructure,2021-10-25,2022-05-09,2.97,Agricultural,5,0,1,1,0,141.18,1,Pre-notification,196,0,0,0,0,1,High,0.658,185
SYN-LA-00167,Odisha,Rural,State Highway,2023-06-04,2023-11-29,5.5,Agricultural,7,0,0,0,0,184.5,1,3A issued,178,21.2,3.5,0,0,1,Low,0.294,150
SYN-LA-00168,Haryana,Rural,Industrial Corridor,2024-04-19,2024-11-19,11.47,Agricultural,30,1,0,0,0,1148.89,1,3A issued,214,35.5,28.9,2.4,0,0,High,0.75,0
SYN-LA-00169,Haryana,Semi-urban,Industrial Corridor,2020-08-31,2022-02-01,9.58,Forest,10,1,0,0,0,212.57,1,3G award,519,100,91.9,67.6,53.3,0,Medium,0.548,0
SYN-LA-00170,Punjab,Urban,Urban Infrastructure,2019-11-28,2021-03-22,7.06,Agricultural,9,1,0,0,0,409.79,1,3G award,480,100,79.8,70.9,50.3,1,Medium,0.411,198
SYN-LA-00171,Odisha,Semi-urban,Industrial Corridor,2021-11-25,2022-08-13,0.52,Residential,5,0,0,0,1,49.21,1,3A issued,261,42.5,26.7,8.6,8.1,1,Low,0.255,109
SYN-LA-00172,Chhattisgarh,Semi-urban,National Highway,2019-07-19,2020-07-25,10.56,Forest,22,1,0,0,0,410.99,1,3D issued,372,66.0,46.9,30.0,14.8,1,High,0.756,303
SYN-LA-00173,Maharashtra,Urban,National Highway,2024-09-07,2025-01-10,5.67,Agricultural,4,1,0,0,0,283.49,1,3A issued,125,22.7,3.1,0,0,0,Medium,0.378,0
SYN-LA-00174,Chhattisgarh,Urban,Railway,2021-12-28,2023-08-15,16.36,Residential,15,1,1,1,1,1553.4,1,3A issued,595,17.4,17.4,8.4,0,1,High,0.98,266
SYN-LA-00175,Uttar Pradesh,Rural,Urban Infrastructure,2019-07-05,2019-10-11,1.01,Agricultural,24,1,0,0,1,72.42,1,3A issued,98,33.1,11.0,0,0,0,Medium,0.472,0
SYN-LA-00176,Uttar Pradesh,Rural,State Highway,2022-06-26,2023-07-03,2.15,Commercial,1,0,0,0,1,350.4,1,3A issued,372,26.4,19.9,1.8,1.0,0,Low,0.334,0
SYN-LA-00177,Odisha,Urban,Urban Infrastructure,2023-11-20,2024-12-29,4.61,Agricultural,8,0,0,0,0,214.46,0,3D issued,405,74.7,68.7,19.8,0,1,Medium,0.558,153
SYN-LA-00178,Chhattisgarh,Urban,National Highway,2019-08-20,2020-04-05,1.8,Residential,9,0,0,0,0,181.91,0,3A issued,229,20.9,1.1,0,0,0,Medium,0.406,0
SYN-LA-00179,Uttar Pradesh,Urban,State Highway,2022-03-21,2023-11-16,9.29,Agricultural,6,1,0,0,0,716.59,1,3G award,605,100,94.6,67.1,65.9,1,Medium,0.484,165
SYN-LA-00180,Haryana,Semi-urban,Railway,2018-12-12,2019-05-10,2.36,Commercial,1,1,0,0,0,298.17,0,3A issued,149,21.0,9.3,0,0,0,Low,0.338,0
SYN-LA-00181,Chhattisgarh,Urban,State Highway,2023-01-07,2023-07-24,10.98,Residential,9,1,0,0,0,258.17,1,3A issued,198,35.0,35.0,22.3,1.6,0,Medium,0.633,0
SYN-LA-00182,Uttar Pradesh,Semi-urban,Urban Infrastructure,2019-01-30,2019-05-18,2.37,Residential,44,1,0,0,1,76.18,1,Pre-notification,108,0,0,0,0,1,High,0.689,156
SYN-LA-00183,Chhattisgarh,Urban,State Highway,2019-11-03,2021-02-17,2.42,Agricultural,5,0,0,0,0,44.37,1,3G award,472,87.0,76.8,45.1,44.5,0,Low,0.212,0
SYN-LA-00184,Haryana,Semi-urban,State Highway,2019-10-10,2020-04-11,4.93,Forest,10,0,0,0,0,330.46,1,3D issued,184,61.4,61.4,48.8,26.2,0,Low,0.287,0
SYN-LA-00185,Rajasthan,Rural,Railway,2023-05-31,2024-06-05,4.36,Agricultural,4,0,0,0,0,392.4,1,3A issued,371,57.1,48.2,37.3,25.8,0,Low,0.227,0
SYN-LA-00186,Odisha,Semi-urban,Industrial Corridor,2023-12-23,2025-04-29,1.7,Residential,61,1,1,0,1,93.25,1,3A issued,493,29.6,29.6,15.0,0,1,High,0.909,262
SYN-LA-00187,Odisha,Semi-urban,Railway,2018-09-04,2019-12-10,1.04,Agricultural,15,0,0,1,0,95.97,1,3D issued,462,70.5,63.0,52.6,26.2,0,Medium,0.489,0
SYN-LA-00188,Rajasthan,Semi-urban,Industrial Corridor,2019-10-18,2021-06-30,4.98,Agricultural,2,1,0,0,1,120.96,1,3G award,621,100,100,94.2,75.5,0,Low,0.346,0
SYN-LA-00189,Karnataka,Semi-urban,Railway,2023-01-01,2023-11-02,4.12,Residential,6,1,0,0,0,286.79,1,3D issued,305,64.6,39.2,21.4,0,0,Low,0.342,0
SYN-LA-00190,Odisha,Semi-urban,Industrial Corridor,2018-04-23,2019-08-30,3.79,Residential,16,0,0,0,0,372.64,1,3G award,494,100,92.8,80.0,76.4,0,Low,0.198,0
SYN-LA-00191,Haryana,Urban,State Highway,2022-04-20,2023-11-20,5.34,Commercial,3,0,1,0,0,545.61,1,3D issued,579,72.6,51.4,30.6,28.8,1,Medium,0.549,250
SYN-LA-00192,Uttar Pradesh,Semi-urban,Industrial Corridor,2024-06-10,2026-04-15,6.54,Commercial,15,1,0,0,0,634.44,1,3G award,674,100,100,96.0,88.0,0,Medium,0.359,0
SYN-LA-00193,Haryana,Semi-urban,State Highway,2022-07-14,2023-10-27,3.28,Agricultural,5,0,0,0,0,167.14,1,3G award,470,78.1,76.1,61.9,50.6,0,Low,0.171,0
SYN-LA-00194,Maharashtra,Semi-urban,Urban Infrastructure,2018-03-12,2018-11-27,1.06,Residential,12,0,1,1,1,103.6,0,Pre-notification,260,7.3,0,0,0,1,High,0.872,249
SYN-LA-00195,Maharashtra,Urban,State Highway,2022-12-06,2024-11-15,0.78,Agricultural,5,0,0,0,0,54.92,1,3G award,710,100,100,93.1,87.3,0,Low,0.139,0
SYN-LA-00196,Maharashtra,Semi-urban,Urban Infrastructure,2020-11-19,2022-05-24,5.03,Agricultural,4,0,0,0,0,504.44,0,3G award,551,100,93.0,75.9,53.7,0,Low,0.343,0
SYN-LA-00197,West Bengal,Semi-urban,State Highway,2021-09-28,2022-06-01,1.05,Agricultural,12,0,0,0,1,45.74,0,3A issued,246,36.3,22.5,0,0,1,Medium,0.494,160
SYN-LA-00198,Madhya Pradesh,Rural,Railway,2020-11-19,2022-03-13,0.91,Agricultural,3,0,0,0,0,63.21,1,3D issued,479,87.8,63.8,57.2,31.7,0,Low,0.155,0
SYN-LA-00199,Karnataka,Urban,Urban Infrastructure,2019-03-21,2019-12-29,4.61,Agricultural,14,0,0,0,0,291.14,1,3A issued,283,57.9,40.2,32.4,9.0,0,Medium,0.364,0
SYN-LA-00200,Rajasthan,Rural,Urban Infrastructure,2023-11-09,2024-12-18,5.15,Forest,7,0,0,0,0,341.92,1,3D issued,405,87.8,65.0,56.0,33.1,0,Low,0.33,0
SYN-LA-00201,Chhattisgarh,Urban,Industrial Corridor,2019-11-29,2020-03-13,1.54,Commercial,18,1,1,0,0,111.88,1,Pre-notification,105,8.8,0,0,0,0,Medium,0.568,0
SYN-LA-00202,Karnataka,Rural,National Highway,2018-06-05,2020-01-28,3.41,Residential,5,0,0,0,0,266.29,1,3G award,602,100,80.8,76.3,55.1,0,Low,0.191,0
SYN-LA-00203,Uttar Pradesh,Semi-urban,National Highway,2019-06-09,2020-03-14,26.28,Commercial,4,1,1,0,0,2428.29,0,3A issued,279,16.8,9.2,0,0,1,High,0.954,296
SYN-LA-00204,Chhattisgarh,Semi-urban,National Highway,2018-11-13,2020-04-14,10.05,Agricultural,14,1,0,0,0,418.94,1,3G award,518,100,100,88.2,77.6,1,Medium,0.442,201
SYN-LA-00205,Haryana,Semi-urban,Railway,2018-05-04,2019-12-29,2.71,Agricultural,6,0,0,0,0,145.05,1,3G award,604,100,87.4,82.7,75.3,1,Low,0.146,73
SYN-LA-00206,Odisha,Rural,Industrial Corridor,2018-05-13,2019-09-08,33.63,Agricultural,13,1,0,0,0,1612.72,1,3G award,483,96.0,76.1,52.0,26.9,1,High,0.855,331
SYN-LA-00207,Chhattisgarh,Rural,Railway,2019-01-16,2019-07-23,5.21,Agricultural,14,0,0,0,0,229.13,0,Pre-notification,188,0,0,0,0,0,Medium,0.493,0
SYN-LA-00208,Rajasthan,Urban,Urban Infrastructure,2020-05-14,2021-02-12,6.36,Agricultural,5,1,0,0,0,365.65,1,3D issued,274,75.8,55.3,33.4,12.9,0,Medium,0.425,0
SYN-LA-00209,Madhya Pradesh,Rural,National Highway,2023-10-18,2024-08-24,2.56,Agricultural,5,0,0,0,0,93.45,1,3D issued,311,82.0,47.6,32.9,9.6,0,Low,0.208,0
SYN-LA-00210,Uttar Pradesh,Rural,Industrial Corridor,2022-09-13,2022-12-13,4.06,Agricultural,9,0,0,0,0,328.44,1,Pre-notification,91,0.5,0.5,0,0,0,Low,0.248,0
SYN-LA-00211,Maharashtra,Rural,National Highway,2018-10-15,2019-10-24,0.57,Agricultural,5,0,0,0,0,30.71,1,3D issued,374,94.2,62.7,50.8,27.0,0,Low,0.148,0
SYN-LA-00212,Karnataka,Semi-urban,National Highway,2019-06-24,2019-08-24,4.21,Residential,7,0,0,0,0,411.62,1,Pre-notification,61,0,0,0,0,0,Low,0.213,0
SYN-LA-00213,West Bengal,Semi-urban,State Highway,2022-06-03,2022-09-18,0.85,Forest,11,0,0,0,0,33.17,1,3A issued,107,50.6,32.7,12.0,0,0,Low,0.245,0
SYN-LA-00214,Rajasthan,Rural,State Highway,2022-09-19,2023-10-17,2.23,Agricultural,12,0,0,0,0,119.51,1,3G award,393,100,87.2,62.3,58.5,0,Low,0.159,0
SYN-LA-00215,Uttar Pradesh,Rural,Industrial Corridor,2018-05-09,2019-05-27,7.31,Agricultural,26,1,0,1,0,478.96,1,3D issued,383,78.0,60.0,46.6,13.6,1,High,0.837,281
SYN-LA-00216,Rajasthan,Semi-urban,Railway,2020-09-30,2021-04-23,3.99,Agricultural,15,0,0,0,0,402.26,1,3D issued,205,63.2,53.8,30.1,27.0,0,Low,0.239,0
SYN-LA-00217,Rajasthan,Rural,Railway,2023-01-11,2023-12-09,2.05,Agricultural,5,0,0,0,0,85.31,1,3D issued,332,60.0,39.1,33.2,12.0,1,Low,0.201,155
SYN-LA-00218,Chhattisgarh,Urban,Railway,2022-03-08,2024-01-29,1.69,Residential,16,1,0,0,0,148.66,1,3G award,692,100,100,69.8,67.8,0,Low,0.333,0
SYN-LA-00219,Odisha,Urban,Urban Infrastructure,2020-01-06,2020-05-31,6.39,Commercial,11,1,0,0,0,216.86,1,3A issued,146,32.7,25.3,23.2,22.9,0,Medium,0.398,0
SYN-LA-00220,Chhattisgarh,Semi-urban,Urban Infrastructure,2023-12-09,2025-05-26,1.13,Commercial,3,1,0,0,0,92.54,0,3G award,534,100,90.7,50.0,31.9,0,Medium,0.358,0
SYN-LA-00221,Madhya Pradesh,Urban,State Highway,2024-04-22,2025-03-12,2.06,Agricultural,19,0,1,0,0,81.93,1,3A issued,324,15.8,15.7,5.9,0,0,Medium,0.582,0
SYN-LA-00222,Uttar Pradesh,Urban,Industrial Corridor,2022-05-09,2024-02-17,2.84,Agricultural,18,0,0,0,1,280.5,1,3G award,649,100,100,87.0,73.9,0,Medium,0.41,0
SYN-LA-00223,Chhattisgarh,Urban,Urban Infrastructure,2022-11-16,2024-08-28,2.59,Residential,3,0,0,1,0,188.03,1,3G award,651,89.7,79.8,76.9,44.2,1,Medium,0.509,263
SYN-LA-00224,Rajasthan,Rural,National Highway,2023-06-05,2023-07-08,1.45,Agricultural,46,1,0,0,0,86.34,1,Pre-notification,33,1.9,0,0,0,1,Medium,0.506,218
SYN-LA-00225,Maharashtra,Rural,National Highway,2023-12-31,2025-12-15,2.23,Forest,7,0,0,1,0,172.73,1,3G award,715,100,98.6,75.2,54.3,1,Medium,0.537,197
SYN-LA-00226,Punjab,Rural,Urban Infrastructure,2019-10-11,2021-04-23,7.83,Agricultural,4,1,0,0,0,756.87,1,3G award,560,90.4,89.1,68.2,48.0,0,Medium,0.374,0
SYN-LA-00227,Karnataka,Urban,Industrial Corridor,2022-05-24,2023-09-01,7.18,Residential,7,1,0,0,0,533.06,1,3G award,465,100,98.8,91.6,66.5,0,Low,0.345,0
SYN-LA-00228,Karnataka,Rural,National Highway,2022-10-13,2024-05-28,3.74,Agricultural,4,0,0,0,0,82.34,0,3G award,593,100,87.4,53.1,39.5,0,Medium,0.352,0
SYN-LA-00229,West Bengal,Semi-urban,State Highway,2022-04-06,2023-08-15,0.68,Forest,7,0,0,0,0,31.67,1,3G award,496,100,81.4,79.8,78.5,0,Low,0.141,0
SYN-LA-00230,Rajasthan,Urban,National Highway,2020-08-19,2021-07-15,0.82,Agricultural,5,0,0,0,0,83.65,1,3G award,330,99.3,76.0,53.3,47.3,0,Low,0.141,0
SYN-LA-00231,West Bengal,Urban,Urban Infrastructure,2022-06-18,2022-09-28,2.7,Residential,30,1,0,0,0,164.33,1,Pre-notification,102,7.1,6.3,0,0,0,Medium,0.503,0
SYN-LA-00232,Maharashtra,Urban,Railway,2018-05-18,2020-01-27,2.41,Agricultural,10,0,0,0,0,214.06,0,3G award,619,100,95.8,74.0,58.7,0,Medium,0.369,0
SYN-LA-00233,Odisha,Urban,State Highway,2024-02-08,2024-12-03,4.9,Agricultural,3,0,0,0,1,403.6,1,3A issued,299,53.1,50.0,30.6,10.1,0,Medium,0.435,0
SYN-LA-00234,Uttar Pradesh,Rural,Railway,2019-11-26,2020-11-25,1.05,Agricultural,7,0,0,0,0,33.91,1,3A issued,365,42.1,34.9,21.3,0.7,0,Low,0.231,0
SYN-LA-00235,Chhattisgarh,Rural,Railway,2021-01-12,2021-05-28,2.89,Residential,14,0,1,1,1,102.74,0,Pre-notification,136,0,0,0,0,1,High,0.891,308
SYN-LA-00236,Karnataka,Urban,Railway,2021-09-04,2023-05-09,3.86,Forest,10,0,1,0,0,226.24,1,3D issued,612,96.9,70.7,50.3,31.3,1,Medium,0.641,260
SYN-LA-00237,West Bengal,Rural,National Highway,2021-03-27,2021-07-15,5.76,Agricultural,6,0,0,0,0,333.05,1,Pre-notification,110,11.7,4.8,0,0,1,Low,0.277,120
SYN-LA-00238,Madhya Pradesh,Rural,Urban Infrastructure,2023-05-09,2023-09-04,1.45,Agricultural,7,0,0,0,1,41.47,1,3A issued,118,18.4,0,0,0,0,Low,0.266,0
SYN-LA-00239,Punjab,Semi-urban,Urban Infrastructure,2021-02-15,2022-06-09,1.06,Agricultural,8,1,0,0,0,104.53,1,3G award,479,78.0,78.0,50.5,26.6,0,Low,0.241,0
SYN-LA-00240,Rajasthan,Rural,Industrial Corridor,2022-01-05,2023-03-09,3.46,Agricultural,8,0,1,1,0,337.62,0,3A issued,428,20.9,12.1,0,0,1,High,0.861,269
SYN-LA-00241,Maharashtra,Urban,Industrial Corridor,2021-12-20,2022-04-06,9.95,Agricultural,5,1,0,0,0,250.03,0,Pre-notification,107,0,0,0,0,1,High,0.674,288
SYN-LA-00242,Madhya Pradesh,Rural,Railway,2022-09-14,2023-11-24,7.25,Agricultural,5,1,1,1,0,681.04,1,3A issued,436,22.3,12.5,0,0,1,High,0.875,215
SYN-LA-00243,Odisha,Urban,Urban Infrastructure,2021-02-02,2022-01-01,0.9,Agricultural,4,0,0,0,0,71.94,1,3D issued,333,74.6,41.4,28.8,28.4,0,Low,0.175,0
SYN-LA-00244,Rajasthan,Semi-urban,State Highway,2019-07-09,2020-02-12,2.97,Residential,15,0,0,0,0,204.96,1,3A issued,218,41.5,37.7,17.2,9.1,0,Low,0.263,0
SYN-LA-00245,Uttar Pradesh,Semi-urban,National Highway,2019-11-24,2020-09-15,12.75,Commercial,20,1,0,0,0,1166.31,1,3D issued,296,64.6,54.2,37.3,15.0,0,High,0.715,0
SYN-LA-00246,Madhya Pradesh,Semi-urban,Railway,2024-12-20,2026-10-30,3.93,Agricultural,6,0,0,0,0,346.8,1,3G award,679,100,100,76.8,74.3,0,Low,0.188,0
SYN-LA-00247,Odisha,Rural,State Highway,2018-05-19,2020-05-03,9.24,Agricultural,20,1,0,0,1,859.0,1,3G award,715,100,94.6,82.1,65.4,0,High,0.707,0
SYN-LA-00248,West Bengal,Semi-urban,State Highway,2020-02-02,2020-08-21,10.67,Residential,9,1,0,0,0,1079.07,1,3A issued,201,58.3,43.5,19.4,0.1,1,Medium,0.574,116
SYN-LA-00249,Rajasthan,Semi-urban,Urban Infrastructure,2023-04-03,2023-09-28,44.64,Agricultural,25,1,0,0,0,3321.12,1,3A issued,178,20.5,18.3,0,0,1,High,0.891,363
SYN-LA-00250,Chhattisgarh,Urban,Industrial Corridor,2019-12-01,2020-02-02,3.3,Residential,8,0,0,0,0,318.41,1,Pre-notification,63,2.4,0,0,0,1,Low,0.255,176
SYN-LA-00251,Punjab,Semi-urban,National Highway,2023-11-21,2024-04-25,6.72,Agricultural,5,1,1,1,0,309.52,1,Pre-notification,156,0,0,0,0,1,High,0.802,283
SYN-LA-00252,Haryana,Urban,Railway,2022-07-10,2023-08-19,2.23,Residential,4,0,0,0,1,50.87,1,3D issued,405,61.0,36.2,23.4,2.5,0,Medium,0.405,0
SYN-LA-00253,West Bengal,Semi-urban,Industrial Corridor,2021-05-04,2022-08-10,0.73,Residential,14,0,0,0,0,18.96,1,3G award,463,100,96.9,67.8,61.3,0,Low,0.153,0
SYN-LA-00254,West Bengal,Semi-urban,Railway,2022-07-13,2023-04-10,2.79,Residential,6,0,0,0,0,217.03,1,3A issued,271,47.2,34.5,11.9,0,1,Low,0.244,149
SYN-LA-00255,West Bengal,Semi-urban,National Highway,2023-02-02,2024-11-15,6.94,Agricultural,11,1,0,0,0,728.2,1,3G award,652,100,90.5,83.9,62.6,1,Medium,0.413,216
SYN-LA-00256,Punjab,Urban,Industrial Corridor,2023-01-12,2024-07-03,6.83,Agricultural,5,1,0,0,0,351.57,1,3G award,538,100,100,77.7,57.1,0,Medium,0.368,0
SYN-LA-00257,Haryana,Rural,State Highway,2020-11-24,2022-05-06,2.57,Agricultural,8,0,0,0,1,170.29,1,3G award,528,85.0,79.0,58.2,52.6,0,Low,0.278,0
SYN-LA-00258,Maharashtra,Urban,National Highway,2022-08-30,2024-03-09,2.07,Residential,3,0,0,0,0,41.24,1,3G award,557,100,100,96.7,88.3,0,Low,0.124,0
SYN-LA-00259,Punjab,Semi-urban,National Highway,2024-03-12,2025-11-18,0.63,Agricultural,25,1,0,0,0,10.14,0,3G award,616,100,100,80.6,73.2,0,Medium,0.392,0
SYN-LA-00260,Chhattisgarh,Urban,Industrial Corridor,2024-11-04,2025-10-14,2.7,Agricultural,8,1,0,0,0,47.64,1,3A issued,344,49.4,25.1,17.2,2.6,0,Medium,0.391,0
SYN-LA-00261,West Bengal,Rural,State Highway,2023-07-13,2023-08-17,2.24,Commercial,36,1,1,0,0,134.38,1,Pre-notification,35,0,0,0,0,1,High,0.661,212
SYN-LA-00262,Uttar Pradesh,Rural,State Highway,2023-02-20,2024-03-05,4.04,Agricultural,8,0,0,0,0,122.21,1,3A issued,379,51.7,49.5,27.9,8.7,1,Low,0.302,164
SYN-LA-00263,West Bengal,Rural,National Highway,2023-09-28,2025-06-23,5.11,Commercial,2,0,0,0,0,881.98,1,3G award,634,99.1,76.1,44.1,33.6,0,Low,0.294,0
SYN-LA-00264,Odisha,Urban,State Highway,2024-02-13,2024-10-03,4.71,Residential,7,0,1,0,0,204.42,1,3A issued,233,56.9,30.0,24.3,23.7,0,Medium,0.463,0
SYN-LA-00265,Odisha,Urban,National Highway,2018-04-20,2019-08-01,8.63,Residential,5,1,1,0,0,356.88,1,3A issued,468,47.2,39.3,19.2,8.0,1,High,0.774,290
SYN-LA-00266,Rajasthan,Rural,Railway,2020-11-01,2022-07-16,1.77,Forest,5,0,0,0,0,52.13,0,3G award,622,100,86.9,69.5,53.4,0,Medium,0.356,0
SYN-LA-00267,Chhattisgarh,Rural,Industrial Corridor,2020-02-06,2020-09-08,1.65,Agricultural,12,0,0,0,1,48.0,1,3A issued,215,24.1,14.5,5.8,0,0,Medium,0.351,0
SYN-LA-00268,Madhya Pradesh,Urban,National Highway,2018-02-13,2019-06-22,1.54,Agricultural,6,0,0,0,0,160.42,1,3G award,494,100,97.7,66.1,43.4,0,Low,0.198,0
SYN-LA-00269,Odisha,Semi-urban,Railway,2024-07-12,2025-08-12,15.63,Agricultural,8,1,0,0,0,1379.67,1,3A issued,396,43.1,29.8,8.6,3.2,1,High,0.766,223
SYN-LA-00270,Chhattisgarh,Semi-urban,Urban Infrastructure,2022-04-02,2022-10-29,18.41,Agricultural,14,1,0,0,0,845.55,1,Pre-notification,210,12.4,12.4,0,0,1,High,0.827,280
SYN-LA-00271,West Bengal,Urban,Urban Infrastructure,2018-02-16,2019-09-22,2.24,Forest,21,1,1,0,0,108.87,1,3G award,583,100,93.2,81.3,68.8,1,Medium,0.643,214
SYN-LA-00272,West Bengal,Urban,Industrial Corridor,2023-05-08,2024-11-28,1.2,Agricultural,5,0,0,0,0,118.25,1,3G award,570,100,100,67.7,49.6,1,Low,0.198,102
SYN-LA-00273,Chhattisgarh,Urban,State Highway,2018-10-30,2019-06-27,6.24,Agricultural,8,1,0,0,0,541.89,1,3A issued,240,50.7,47.6,18.7,15.0,1,Medium,0.431,245
SYN-LA-00274,Maharashtra,Urban,Urban Infrastructure,2024-06-15,2025-03-04,3.19,Agricultural,11,1,0,0,0,147.73,0,3A issued,262,30.5,25.9,0,0,0,Medium,0.556,0
SYN-LA-00275,Punjab,Rural,Railway,2020-10-05,2021-07-10,1.82,Agricultural,2,0,0,0,0,161.02,1,3A issued,278,31.3,31.3,5.4,0,0,Low,0.181,0
SYN-LA-00276,Punjab,Urban,Industrial Corridor,2022-05-23,2022-08-17,2.26,Agricultural,14,0,1,0,0,171.49,1,Pre-notification,86,0,0,0,0,0,Medium,0.444,0
SYN-LA-00277,Rajasthan,Semi-urban,Industrial Corridor,2023-08-07,2023-11-27,9.35,Agricultural,3,1,0,0,0,732.91,1,Pre-notification,112,10.2,0,0,0,0,Medium,0.436,0
SYN-LA-00278,Punjab,Semi-urban,Urban Infrastructure,2023-08-16,2025-02-03,3.16,Agricultural,5,0,0,0,0,304.44,0,3G award,537,100,78.2,38.4,23.9,0,Medium,0.368,0
SYN-LA-00279,Chhattisgarh,Rural,Industrial Corridor,2020-11-26,2021-11-13,2.64,Residential,12,0,0,0,1,157.75,1,3A issued,352,55.8,38.8,26.4,21.8,0,Medium,0.359,0
SYN-LA-00280,West Bengal,Urban,National Highway,2018-01-18,2019-05-10,8.63,Agricultural,13,1,0,0,1,288.97,1,3A issued,477,49.2,46.5,15.8,10.2,1,High,0.773,251
SYN-LA-00281,Karnataka,Rural,Railway,2023-10-19,2024-09-09,9.03,Agricultural,8,1,0,0,0,343.27,1,3A issued,326,51.5,27.5,18.4,11.9,1,Medium,0.492,228
SYN-LA-00282,Chhattisgarh,Rural,Industrial Corridor,2018-05-16,2018-06-29,2.96,Agricultural,10,0,0,0,0,220.28,1,3A issued,44,34.0,31.2,24.7,24.5,0,Low,0.159,0
SYN-LA-00283,Rajasthan,Semi-urban,State Highway,2024-11-04,2026-10-05,12.34,Agricultural,30,1,0,0,1,583.09,1,3G award,700,100,100,99.4,99.1,1,High,0.761,284
SYN-LA-00284,Rajasthan,Rural,Urban Infrastructure,2022-11-11,2023-08-22,4.27,Forest,9,0,0,0,0,415.28,1,3A issued,284,42.3,29.8,27.2,12.9,1,Low,0.34,205
SYN-LA-00285,Karnataka,Semi-urban,National Highway,2024-06-04,2025-11-26,4.48,Forest,7,0,0,1,0,184.37,1,3G award,540,100,83.8,67.7,44.1,1,Medium,0.576,225
SYN-LA-00286,Madhya Pradesh,Urban,Railway,2018-05-29,2020-03-11,6.62,Agricultural,10,1,0,0,0,223.53,1,3G award,652,100,89.0,73.7,63.4,0,Medium,0.435,0
SYN-LA-00287,Punjab,Urban,Industrial Corridor,2020-05-16,2020-12-28,4.63,Residential,18,0,0,1,0,215.78,1,3A issued,226,25.0,18.5,0,0,0,High,0.674,0
SYN-LA-00288,Maharashtra,Urban,Industrial Corridor,2021-03-25,2022-07-01,7.58,Commercial,8,1,0,0,0,1297.02,1,3G award,463,100,98.8,94.5,87.2,0,Low,0.309,0
SYN-LA-00289,West Bengal,Urban,National Highway,2020-08-13,2020-09-29,5.13,Residential,4,0,0,0,0,384.64,1,Pre-notification,47,0,0,0,0,0,Low,0.275,0
SYN-LA-00290,Madhya Pradesh,Rural,State Highway,2023-07-21,2024-07-22,0.97,Agricultural,11,0,0,0,1,43.87,0,3A issued,367,57.3,38.8,0,0,1,Medium,0.513,262
SYN-LA-00291,Maharashtra,Semi-urban,Railway,2021-06-29,2021-12-03,2.73,Agricultural,4,0,0,0,0,284.72,1,3A issued,157,46.5,45.0,41.1,32.7,0,Low,0.131,0
SYN-LA-00292,Maharashtra,Semi-urban,Industrial Corridor,2021-03-15,2022-09-11,1.43,Residential,15,0,0,0,0,37.2,0,3D issued,545,67.6,54.9,8.8,1.8,0,Medium,0.487,0
SYN-LA-00293,Karnataka,Semi-urban,State Highway,2022-12-10,2023-02-08,4.65,Agricultural,7,1,0,0,0,317.3,1,Pre-notification,60,4.6,4.0,0,0,0,Low,0.286,0
SYN-LA-00294,Maharashtra,Urban,Railway,2022-03-28,2022-05-27,3.9,Commercial,2,0,0,0,0,363.89,1,3A issued,60,28.7,20.2,0,0,0,Low,0.224,0
SYN-LA-00295,Madhya Pradesh,Semi-urban,State Highway,2019-11-11,2021-05-18,2.35,Agricultural,4,0,0,1,0,91.9,1,3D issued,554,84.9,59.9,40.1,9.4,1,Medium,0.522,160
SYN-LA-00296,Karnataka,Urban,Industrial Corridor,2021-07-24,2023-05-17,9.16,Agricultural,6,1,0,0,0,505.44,0,3D issued,662,79.1,72.6,32.8,31.8,0,High,0.731,0
SYN-LA-00297,Karnataka,Rural,National Highway,2023-02-04,2024-08-10,1.21,Agricultural,10,0,0,0,0,92.71,1,3G award,553,100,100,75.5,58.2,0,Low,0.155,0
SYN-LA-00298,Chhattisgarh,Urban,Urban Infrastructure,2022-10-17,2023-11-29,5.41,Commercial,6,0,0,1,0,511.85,1,3D issued,408,74.3,66.6,47.5,23.0,1,Medium,0.615,233
SYN-LA-00299,West Bengal,Urban,National Highway,2018-10-12,2020-05-08,1.06,Agricultural,19,0,0,0,1,51.39,1,3G award,574,100,91.1,88.4,67.6,0,Medium,0.352,0
SYN-LA-00300,Rajasthan,Rural,National Highway,2021-10-20,2021-12-22,2.37,Commercial,15,0,0,0,0,277.35,1,3A issued,63,21.3,13.9,0,0,0,Low,0.228,0
SYN-LA-00301,Rajasthan,Rural,Urban Infrastructure,2021-02-07,2022-11-25,1.19,Agricultural,3,0,0,0,0,97.91,1,3G award,656,100,92.0,90.0,90.0,0,Low,0.102,0
SYN-LA-00302,Madhya Pradesh,Urban,State Highway,2020-04-03,2021-08-19,6.32,Agricultural,11,1,0,0,0,630.22,1,3D issued,503,91.1,73.7,56.2,32.7,1,Medium,0.484,151
SYN-LA-00303,Madhya Pradesh,Urban,National Highway,2024-02-01,2024-12-18,0.71,Agricultural,7,0,0,0,0,62.5,0,3A issued,321,23.8,22.8,4.4,1.8,1,Medium,0.368,136
SYN-LA-00304,Haryana,Semi-urban,State Highway,2020-09-02,2020-12-01,3.17,Agricultural,15,1,0,0,0,247.82,1,3A issued,90,18.8,9.6,0,0,0,Low,0.315,0
SYN-LA-00305,Rajasthan,Semi-urban,National Highway,2024-01-01,2025-06-14,1.0,Agricultural,43,1,0,0,1,33.36,1,3G award,530,100,82.8,74.0,51.1,0,Medium,0.609,0
SYN-LA-00306,Maharashtra,Rural,Railway,2022-07-12,2023-06-27,11.06,Agricultural,4,1,0,0,1,718.79,1,3A issued,350,49.0,33.1,2.0,0,1,High,0.714,252
SYN-LA-00307,Chhattisgarh,Urban,Railway,2018-04-20,2018-11-14,0.44,Agricultural,7,0,0,0,0,41.96,1,3A issued,208,34.1,18.1,6.6,0,0,Low,0.216,0
SYN-LA-00308,Karnataka,Rural,National Highway,2021-07-06,2023-02-09,0.78,Forest,2,0,0,0,0,74.37,1,3G award,583,100,84.2,81.1,62.1,0,Low,0.155,0
SYN-LA-00309,Karnataka,Rural,National Highway,2020-04-09,2020-12-02,16.43,Agricultural,9,1,1,0,0,1255.04,0,Pre-notification,237,4.5,0,0,0,1,High,0.927,162
SYN-LA-00310,Madhya Pradesh,Semi-urban,State Highway,2019-07-02,2019-09-11,4.35,Forest,3,0,0,0,0,418.3,1,Pre-notification,71,0,0,0,0,0,Low,0.263,0
SYN-LA-00311,Chhattisgarh,Urban,Urban Infrastructure,2022-08-01,2024-05-10,3.34,Agricultural,6,0,0,0,0,115.71,0,3D issued,648,85.8,60.5,25.6,17.3,1,Medium,0.529,215
SYN-LA-00312,Chhattisgarh,Urban,National Highway,2019-02-16,2020-10-22,11.4,Residential,8,1,0,0,0,883.19,1,3G award,614,100,99.0,91.8,84.8,1,Medium,0.507,231
SYN-LA-00313,Odisha,Semi-urban,Industrial Corridor,2019-04-17,2019-05-30,2.37,Residential,4,0,0,0,0,96.81,0,Pre-notification,43,6.6,6.6,0,0,0,Low,0.268,0
SYN-LA-00314,Madhya Pradesh,Urban,Industrial Corridor,2021-09-11,2023-03-31,4.61,Agricultural,15,0,0,0,0,360.41,1,3G award,566,100,100,95.6,80.3,0,Low,0.256,0
SYN-LA-00315,Madhya Pradesh,Semi-urban,Urban Infrastructure,2024-03-22,2025-01-12,1.41,Agricultural,4,0,0,0,0,55.36,1,3A issued,296,41.3,19.2,15.9,0,0,Low,0.195,0
SYN-LA-00316,Odisha,Urban,Railway,2022-05-07,2023-12-20,1.38,Agricultural,7,1,0,0,0,47.91,1,3G award,592,100,100,67.9,62.1,0,Low,0.244,0
SYN-LA-00317,Karnataka,Urban,Industrial Corridor,2022-05-30,2022-10-11,5.07,Agricultural,9,0,0,0,1,333.58,1,3A issued,134,34.2,17.6,0,0,0,Medium,0.449,0
SYN-LA-00318,Punjab,Urban,Industrial Corridor,2019-08-03,2020-08-10,4.79,Agricultural,8,0,0,0,0,463.74,1,3A issued,373,47.4,47.4,36.0,30.0,0,Low,0.285,0
SYN-LA-00319,Karnataka,Rural,Railway,2020-12-22,2022-02-03,2.52,Agricultural,4,0,0,0,1,215.85,1,3D issued,408,80.3,54.0,50.6,33.6,0,Low,0.262,0
SYN-LA-00320,Maharashtra,Rural,Urban Infrastructure,2024-04-19,2025-04-25,3.25,Residential,14,0,0,0,0,125.59,1,3A issued,371,56.4,39.7,32.1,15.5,0,Low,0.288,0
SYN-LA-00321,Haryana,Semi-urban,State Highway,2021-11-12,2023-08-20,2.09,Forest,13,1,0,0,0,143.15,1,3G award,646,100,96.1,78.1,68.9,0,Low,0.315,0
SYN-LA-00322,Chhattisgarh,Urban,Urban Infrastructure,2021-03-12,2021-05-31,9.74,Residential,2,1,0,0,0,836.92,1,Pre-notification,80,14.7,1.2,0,0,1,Medium,0.493,214
SYN-LA-00323,Madhya Pradesh,Urban,Railway,2022-03-14,2023-04-11,1.08,Agricultural,22,1,0,1,0,53.89,0,Pre-notification,393,14.5,0,0,0,0,High,0.835,0
SYN-LA-00324,Odisha,Urban,Railway,2022-04-10,2023-08-09,2.74,Agricultural,6,0,0,0,0,271.49,1,3D issued,486,100,72.3,40.0,37.5,1,Low,0.246,180
SYN-LA-00325,Rajasthan,Semi-urban,Urban Infrastructure,2021-08-01,2022-07-01,0.46,Forest,8,0,0,0,0,8.14,1,3D issued,334,98.4,71.6,54.2,30.8,0,Low,0.197,0
SYN-LA-00326,Haryana,Semi-urban,Urban Infrastructure,2018-04-02,2019-01-31,1.85,Commercial,20,0,1,1,0,174.88,1,3A issued,304,18.9,18.9,4.2,0,1,High,0.764,212
SYN-LA-00327,Karnataka,Semi-urban,Railway,2018-09-01,2019-05-30,1.99,Agricultural,6,0,0,0,0,134.3,1,3A issued,271,47.3,47.3,33.9,33.2,0,Low,0.142,0
SYN-LA-00328,Odisha,Urban,National Highway,2018-10-08,2020-06-30,1.21,Agricultural,8,0,0,0,1,74.35,1,3G award,631,100,100,99.7,75.6,1,Low,0.265,75
SYN-LA-00329,Madhya Pradesh,Urban,Industrial Corridor,2019-07-27,2020-02-24,4.49,Residential,8,0,0,0,0,77.9,1,3D issued,212,76.1,50.6,32.1,19.5,0,Low,0.268,0
SYN-LA-00330,Karnataka,Rural,State Highway,2022-12-23,2023-07-27,5.49,Agricultural,10,1,0,0,0,100.76,1,3D issued,216,62.9,56.3,50.1,29.8,0,Low,0.294,0
SYN-LA-00331,Chhattisgarh,Semi-urban,Industrial Corridor,2018-08-20,2019-04-23,1.47,Agricultural,5,1,0,0,0,116.11,1,3D issued,246,83.2,70.3,48.2,28.9,0,Low,0.186,0
SYN-LA-00332,Haryana,Urban,State Highway,2018-08-14,2020-02-18,8.01,Commercial,3,1,0,0,0,588.73,1,3G award,553,100,87.8,62.6,45.7,0,Medium,0.444,0
SYN-LA-00333,Haryana,Rural,Industrial Corridor,2019-08-23,2020-08-29,5.98,Forest,6,0,0,0,0,260.81,1,3D issued,372,99.9,71.8,39.1,36.1,0,Low,0.319,0
SYN-LA-00334,Karnataka,Semi-urban,Urban Infrastructure,2020-09-30,2022-03-23,8.82,Agricultural,6,1,0,0,0,535.59,0,3G award,539,100,82.2,51.1,35.8,0,Medium,0.616,0
SYN-LA-00335,Odisha,Semi-urban,Railway,2019-02-04,2020-07-29,1.3,Agricultural,5,0,1,0,0,69.18,1,3D issued,541,64.1,57.7,41.8,41.7,0,Low,0.326,0
SYN-LA-00336,Haryana,Semi-urban,Urban Infrastructure,2019-03-16,2019-05-24,1.86,Forest,7,0,0,0,1,59.83,1,Pre-notification,69,8.5,3.8,0,0,0,Low,0.334,0
SYN-LA-00337,Rajasthan,Urban,State Highway,2024-03-28,2025-10-31,5.35,Agricultural,9,0,1,1,0,116.51,1,3A issued,582,53.8,53.8,39.4,24.4,1,High,0.837,290
SYN-LA-00338,Chhattisgarh,Urban,State Highway,2023-06-14,2024-08-22,6.86,Residential,6,1,0,0,1,519.96,1,3G award,435,100,78.0,67.3,60.1,1,Medium,0.49,198
SYN-LA-00339,Uttar Pradesh,Semi-urban,Urban Infrastructure,2023-08-19,2025-07-11,4.5,Agricultural,9,0,0,0,0,461.81,1,3G award,692,100,98.1,93.4,81.9,0,Low,0.215,0
SYN-LA-00340,West Bengal,Semi-urban,National Highway,2021-09-12,2023-01-24,1.73,Agricultural,5,0,0,0,0,170.58,1,3G award,499,100,86.5,55.6,44.8,0,Low,0.168,0
SYN-LA-00341,Chhattisgarh,Urban,Industrial Corridor,2022-05-30,2024-03-05,2.58,Agricultural,3,0,0,0,0,83.44,1,3G award,645,100,100,75.0,51.1,1,Low,0.233,125
SYN-LA-00342,Haryana,Semi-urban,State Highway,2018-03-01,2018-05-26,1.07,Agricultural,17,0,0,0,1,32.03,1,3A issued,86,23.8,8.3,0,0,0,Low,0.315,0
SYN-LA-00343,Maharashtra,Rural,Railway,2018-09-11,2020-03-09,4.5,Agricultural,8,0,0,0,1,426.37,1,3G award,545,100,94.8,67.9,53.4,0,Low,0.343,0
SYN-LA-00344,Uttar Pradesh,Semi-urban,Railway,2019-09-10,2020-05-20,4.89,Agricultural,12,1,0,1,0,202.94,1,3A issued,253,45.8,37.5,15.9,5.6,1,High,0.674,230
SYN-LA-00345,Odisha,Semi-urban,National Highway,2021-03-18,2022-08-20,12.16,Agricultural,6,1,0,0,0,1006.36,1,3D issued,520,84.8,57.0,43.1,32.7,0,Medium,0.6,0
SYN-LA-00346,Haryana,Semi-urban,Industrial Corridor,2018-03-31,2018-12-25,1.72,Agricultural,25,1,0,0,1,138.2,0,3A issued,269,49.5,32.3,0,0,1,High,0.694,251
SYN-LA-00347,Odisha,Rural,State Highway,2018-10-30,2020-04-19,1.94,Agricultural,10,0,1,0,0,196.14,1,3D issued,537,63.8,49.2,31.0,11.0,0,Medium,0.491,0
SYN-LA-00348,Madhya Pradesh,Rural,National Highway,2019-08-16,2021-05-16,1.11,Forest,14,1,0,0,0,65.66,1,3G award,639,100,100,94.0,84.7,0,Low,0.249,0
SYN-LA-00349,Chhattisgarh,Semi-urban,Urban Infrastructure,2022-09-08,2023-02-10,2.21,Agricultural,9,0,0,1,0,119.28,1,3A issued,155,17.0,8.9,8.3,0,0,Medium,0.457,0
SYN-LA-00350,Uttar Pradesh,Urban,State Highway,2021-02-04,2021-05-14,8.89,Agricultural,8,1,0,0,0,452.91,1,3A issued,99,20.6,15.3,0,0,0,Medium,0.528,0
SYN-LA-00351,West Bengal,Semi-urban,Urban Infrastructure,2022-03-20,2022-09-11,4.13,Agricultural,10,0,0,0,0,225.96,1,Pre-notification,175,8.3,0.6,0,0,0,Low,0.279,0
SYN-LA-00352,Karnataka,Rural,Railway,2024-09-01,2026-01-03,2.34,Agricultural,5,0,0,0,0,223.03,1,3G award,489,100,98.9,75.8,69.7,0,Low,0.122,0
SYN-LA-00353,Madhya Pradesh,Rural,Urban Infrastructure,2024-10-28,2025-12-19,0.77,Residential,39,1,0,0,1,34.07,1,3D issued,417,100,71.3,63.6,41.0,0,Medium,0.553,0
SYN-LA-00354,Maharashtra,Semi-urban,Railway,2023-03-12,2023-05-07,1.07,Residential,8,1,0,0,0,86.11,1,Pre-notification,56,12.0,0,0,0,0,Low,0.206,0
SYN-LA-00355,Uttar Pradesh,Semi-urban,State Highway,2019-08-30,2021-04-13,2.6,Agricultural,27,1,0,0,1,92.55,1,3D issued,592,82.7,71.6,44.3,32.2,1,Medium,0.624,261
SYN-LA-00356,Odisha,Urban,Urban Infrastructure,2024-08-31,2025-01-18,4.46,Agricultural,19,0,0,0,0,122.72,1,Pre-notification,140,0,0,0,0,1,Medium,0.396,239
SYN-LA-00357,West Bengal,Urban,National Highway,2024-11-07,2026-03-16,3.36,Forest,11,0,0,0,0,340.17,1,3G award,494,100,80.2,76.1,75.9,0,Low,0.266,0
SYN-LA-00358,Punjab,Semi-urban,National Highway,2024-06-14,2025-08-19,11.86,Residential,12,1,0,0,1,823.98,1,3D issued,431,94.1,70.9,62.1,51.9,1,High,0.655,298
SYN-LA-00359,Chhattisgarh,Rural,Railway,2021-07-17,2022-06-25,2.62,Commercial,8,1,0,0,0,448.53,1,3D issued,343,78.7,60.7,47.7,39.0,1,Low,0.231,200
SYN-LA-00360,Uttar Pradesh,Urban,Industrial Corridor,2020-01-05,2021-05-06,6.26,Agricultural,12,1,0,0,0,577.72,1,3G award,487,100,96.0,75.1,66.7,0,Medium,0.385,0
SYN-LA-00361,Odisha,Urban,Railway,2022-11-28,2024-05-05,3.43,Agricultural,3,0,0,0,0,259.39,1,3G award,524,100,92.9,79.8,59.4,1,Low,0.201,77
SYN-LA-00362,Madhya Pradesh,Urban,Industrial Corridor,2021-11-01,2022-02-01,0.74,Agricultural,13,0,0,0,0,48.49,1,3A issued,92,45.6,37.7,22.4,20.3,0,Low,0.175,0
SYN-LA-00363,Maharashtra,Urban,Urban Infrastructure,2023-04-15,2023-07-22,6.21,Agricultural,5,1,0,0,1,407.5,1,Pre-notification,98,4.3,4.3,0,0,0,Medium,0.533,0
SYN-LA-00364,West Bengal,Semi-urban,State Highway,2022-10-08,2023-04-28,5.55,Commercial,7,0,0,0,0,162.7,1,3A issued,202,39.6,37.6,17.6,0,1,Low,0.307,107
SYN-LA-00365,Maharashtra,Semi-urban,State Highway,2019-03-17,2020-07-19,1.12,Residential,10,1,0,0,0,56.46,0,3D issued,490,70.5,65.1,16.1,12.2,0,Medium,0.458,0
SYN-LA-00366,Karnataka,Urban,State Highway,2023-04-25,2023-06-24,4.52,Agricultural,14,1,0,0,0,136.33,1,3A issued,60,38.0,28.6,15.7,0,0,Medium,0.39,0
SYN-LA-00367,West Bengal,Rural,State Highway,2019-06-25,2020-09-13,5.75,Agricultural,1,0,0,0,0,356.59,1,3G award,446,100,100,74.2,72.7,1,Low,0.161,113
SYN-LA-00368,Madhya Pradesh,Semi-urban,Urban Infrastructure,2018-09-23,2020-01-23,5.63,Forest,2,0,0,0,1,587.14,1,3D issued,487,98.2,67.8,61.5,39.1,0,Medium,0.438,0
SYN-LA-00369,Madhya Pradesh,Semi-urban,Industrial Corridor,2023-05-28,2024-01-12,3.53,Agricultural,9,0,0,0,1,369.51,1,3A issued,229,35.7,29.1,13.3,0,0,Medium,0.381,0
SYN-LA-00370,Odisha,Urban,National Highway,2018-02-01,2018-07-06,2.09,Agricultural,5,1,0,0,0,93.41,1,3A issued,155,30.6,25.6,0,0,1,Low,0.291,146
SYN-LA-00371,Madhya Pradesh,Rural,State Highway,2018-10-24,2020-02-04,4.54,Agricultural,16,1,0,0,0,236.57,0,3D issued,468,93.1,65.3,39.1,18.9,1,Medium,0.595,234
SYN-LA-00372,Karnataka,Semi-urban,Industrial Corridor,2021-08-18,2023-04-12,3.35,Forest,12,0,0,1,1,259.52,1,3G award,602,100,84.4,76.2,61.8,1,High,0.674,251
SYN-LA-00373,Haryana,Semi-urban,National Highway,2018-12-08,2019-12-19,5.21,Agricultural,5,0,0,0,0,230.62,0,3A issued,376,32.9,29.4,0,0,0,Medium,0.47,0
SYN-LA-00374,West Bengal,Semi-urban,State Highway,2021-05-10,2022-05-15,2.71,Commercial,11,1,0,0,1,389.87,1,3A issued,370,35.9,27.4,27.2,10.6,1,Medium,0.48,225
SYN-LA-00375,Maharashtra,Rural,State Highway,2019-04-29,2020-11-08,6.71,Residential,5,1,0,0,0,140.97,0,3G award,559,100,95.8,74.1,50.8,1,Medium,0.5,148
SYN-LA-00376,Karnataka,Rural,State Highway,2021-10-12,2022-06-25,5.42,Agricultural,5,0,1,0,0,454.13,1,Pre-notification,256,0.2,0,0,0,1,Medium,0.484,239
SYN-LA-00377,Haryana,Rural,Urban Infrastructure,2020-10-13,2021-12-28,1.93,Agricultural,4,0,0,0,0,187.52,0,3D issued,441,83.3,70.8,21.6,21.0,1,Low,0.307,198
SYN-LA-00378,Punjab,Rural,Urban Infrastructure,2018-01-22,2018-03-13,0.67,Residential,23,1,0,0,0,25.75,1,3A issued,50,23.2,23.2,0,0,0,Low,0.28,0
SYN-LA-00379,Madhya Pradesh,Rural,Industrial Corridor,2019-02-26,2020-04-12,11.96,Agricultural,6,1,0,0,0,727.66,1,3D issued,411,100,73.4,46.1,32.3,1,Medium,0.545,219
SYN-LA-00380,West Bengal,Semi-urban,Urban Infrastructure,2020-09-23,2021-11-17,1.19,Forest,3,0,0,0,0,33.98,1,3D issued,420,85.0,68.2,35.7,15.6,0,Low,0.248,0
SYN-LA-00381,Uttar Pradesh,Semi-urban,National Highway,2020-06-14,2020-11-16,8.45,Forest,9,1,0,0,0,469.29,1,3A issued,155,30.8,30.8,27.8,20.4,1,Medium,0.499,139
SYN-LA-00382,Odisha,Semi-urban,State Highway,2024-06-14,2026-03-14,2.79,Agricultural,6,0,0,0,1,186.44,1,3G award,638,100,91.7,89.0,83.3,0,Low,0.23,0
SYN-LA-00383,Chhattisgarh,Urban,National Highway,2018-11-06,2019-05-12,12.68,Residential,8,1,0,0,1,1038.94,1,3A issued,187,37.1,23.4,0,0,1,High,0.788,298
SYN-LA-00384,Chhattisgarh,Urban,State Highway,2018-11-02,2020-04-04,0.67,Agricultural,11,0,0,0,0,13.55,1,3D issued,519,70.1,60.2,40.7,23.2,0,Low,0.273,0
SYN-LA-00385,Rajasthan,Rural,Railway,2018-11-11,2020-07-19,23.98,Forest,11,1,0,0,1,1229.78,1,3G award,616,100,92.5,83.9,73.0,0,High,0.896,0
SYN-LA-00386,Karnataka,Urban,Urban Infrastructure,2018-05-09,2018-09-27,5.75,Forest,6,0,0,0,0,174.01,1,3A issued,141,43.2,33.3,18.1,1.0,0,Medium,0.395,0
SYN-LA-00387,Uttar Pradesh,Rural,Urban Infrastructure,2019-08-14,2021-01-23,4.17,Residential,8,0,0,0,1,250.44,1,3D issued,528,94.4,67.3,65.7,48.4,0,Medium,0.356,0
SYN-LA-00388,Maharashtra,Rural,Urban Infrastructure,2019-12-12,2020-04-16,2.86,Agricultural,19,0,0,0,0,275.38,1,Pre-notification,126,9.1,7.9,0,0,0,Low,0.282,0
SYN-LA-00389,Madhya Pradesh,Rural,Urban Infrastructure,2022-12-27,2024-03-21,1.67,Commercial,8,1,0,0,0,259.96,1,3D issued,450,74.8,59.6,42.3,36.0,0,Low,0.234,0
SYN-LA-00390,Maharashtra,Urban,Industrial Corridor,2022-01-18,2023-08-09,4.23,Residential,26,1,0,0,0,345.52,1,3G award,568,100,94.0,85.8,75.0,0,Medium,0.422,0
SYN-LA-00391,Madhya Pradesh,Rural,Industrial Corridor,2020-10-26,2020-12-15,4.13,Commercial,6,1,0,0,0,677.27,0,Pre-notification,50,8.2,2.2,0,0,0,Medium,0.404,0
SYN-LA-00392,West Bengal,Semi-urban,Industrial Corridor,2021-09-04,2022-03-05,3.96,Residential,33,1,0,0,0,162.28,1,3A issued,182,33.4,19.7,0,0,1,Medium,0.543,160
SYN-LA-00393,Haryana,Urban,Railway,2019-04-30,2021-03-25,7.74,Agricultural,11,1,0,0,0,321.54,1,3G award,695,100,94.7,88.6,64.7,1,Medium,0.491,207
SYN-LA-00394,Madhya Pradesh,Rural,Urban Infrastructure,2024-05-13,2024-10-05,11.29,Residential,10,1,0,0,1,978.83,1,Pre-notification,145,6.1,6.1,4.5,0,1,High,0.698,229
SYN-LA-00395,Karnataka,Rural,Industrial Corridor,2018-08-06,2019-02-17,7.71,Agricultural,24,1,1,0,1,142.09,1,Pre-notification,195,8.4,0,0,0,1,High,0.848,269
SYN-LA-00396,Uttar Pradesh,Rural,Urban Infrastructure,2019-06-04,2020-08-21,1.65,Residential,14,0,1,1,1,93.84,0,Pre-notification,444,3.2,3.2,0,0,1,High,0.917,317
SYN-LA-00397,Maharashtra,Urban,State Highway,2021-02-15,2022-10-29,0.97,Agricultural,3,1,0,0,0,93.85,1,3G award,621,100,86.0,64.4,46.9,1,Low,0.249,189
SYN-LA-00398,Odisha,Semi-urban,National Highway,2019-06-23,2019-11-04,20.94,Agricultural,23,1,0,0,1,1694.39,1,Pre-notification,134,6.0,2.2,0,0,1,High,0.927,281
SYN-LA-00399,Uttar Pradesh,Urban,Urban Infrastructure,2019-05-28,2021-02-04,2.57,Forest,8,0,0,0,0,225.9,1,3G award,618,100,100,87.1,79.2,0,Low,0.253,0
SYN-LA-00400,Madhya Pradesh,Urban,Industrial Corridor,2022-02-28,2023-03-24,2.46,Agricultural,12,0,0,0,0,74.5,1,3D issued,389,100,71.0,64.9,63.6,0,Low,0.182,0
SYN-LA-00401,Rajasthan,Urban,State Highway,2018-08-19,2019-06-24,7.63,Agricultural,9,1,0,0,0,326.51,1,3A issued,309,52.1,43.1,31.4,29.6,0,Medium,0.458,0
SYN-LA-00402,Punjab,Semi-urban,Urban Infrastructure,2024-07-05,2025-10-15,4.21,Forest,12,0,0,0,0,122.58,1,3D issued,467,75.8,56.4,38.3,16.8,1,Medium,0.395,129
SYN-LA-00403,Maharashtra,Semi-urban,Urban Infrastructure,2019-10-20,2020-03-24,2.0,Agricultural,6,0,0,0,0,159.71,1,3A issued,156,34.2,8.0,0,0,0,Low,0.188,0
SYN-LA-00404,Punjab,Urban,Railway,2018-01-09,2018-08-17,1.18,Residential,49,1,0,0,0,67.22,1,3A issued,220,59.5,40.8,36.0,14.6,1,Medium,0.581,191
SYN-LA-00405,Odisha,Semi-urban,National Highway,2018-12-07,2019-10-07,3.07,Agricultural,9,0,0,0,1,188.38,0,3A issued,304,40.7,40.7,4.5,0,1,Medium,0.555,227
SYN-LA-00406,Chhattisgarh,Semi-urban,National Highway,2023-02-24,2024-05-08,2.88,Agricultural,2,0,0,0,0,217.07,1,3G award,439,100,97.3,85.2,71.0,1,Low,0.118,73
SYN-LA-00407,Maharashtra,Urban,Railway,2024-07-04,2025-05-31,3.21,Forest,3,0,0,1,0,312.37,1,3A issued,331,48.2,45.3,16.6,0,0,Medium,0.639,0
SYN-LA-00408,Punjab,Semi-urban,State Highway,2018-02-24,2019-11-22,4.75,Residential,14,0,0,0,0,463.76,1,3G award,636,100,92.0,63.5,48.6,1,Low,0.305,109
SYN-LA-00409,Odisha,Semi-urban,State Highway,2024-02-03,2025-10-31,3.94,Agricultural,4,0,0,0,0,316.42,1,3G award,636,100,91.7,75.3,70.4,0,Low,0.182,0
SYN-LA-00410,Maharashtra,Rural,Industrial Corridor,2021-09-23,2022-02-15,2.43,Forest,17,0,0,0,0,210.1,1,3A issued,145,34.9,8.4,0,0,0,Low,0.335,0
SYN-LA-00411,Rajasthan,Semi-urban,Urban Infrastructure,2022-08-28,2024-01-08,0.85,Agricultural,25,1,0,0,0,37.13,1,3G award,498,100,100,91.2,90.0,0,Low,0.204,0
SYN-LA-00412,Maharashtra,Semi-urban,State Highway,2024-10-16,2025-04-06,4.01,Agricultural,11,0,0,0,0,150.81,1,3A issued,172,43.6,39.0,21.0,3.4,0,Low,0.262,0
SYN-LA-00413,Maharashtra,Urban,Railway,2024-10-06,2026-05-10,2.38,Agricultural,2,0,0,0,1,156.05,0,3A issued,581,58.7,58.7,29.6,11.8,1,Medium,0.584,202
SYN-LA-00414,Haryana,Rural,Industrial Corridor,2022-02-21,2023-11-16,2.8,Agricultural,24,1,0,0,1,81.8,0,3G award,633,100,100,62.4,57.4,0,High,0.663,0
SYN-LA-00415,Rajasthan,Semi-urban,State Highway,2021-12-21,2023-01-28,2.16,Agricultural,8,0,0,0,0,56.1,1,3D issued,403,78.9,46.1,31.0,30.4,0,Low,0.196,0
SYN-LA-00416,Haryana,Urban,Railway,2023-06-18,2024-09-13,12.24,Residential,11,1,0,0,0,903.45,1,3D issued,453,67.3,45.7,44.4,25.3,0,High,0.687,0
SYN-LA-00417,Rajasthan,Urban,Railway,2021-06-29,2023-03-06,6.03,Commercial,3,1,0,0,0,168.6,1,3G award,615,100,100,96.5,95.5,0,Low,0.256,0
SYN-LA-00418,Karnataka,Urban,Railway,2018-03-30,2019-05-10,7.82,Commercial,15,1,0,0,1,988.01,1,3D issued,406,86.8,56.9,33.5,16.4,1,High,0.711,244
SYN-LA-00419,Karnataka,Rural,Industrial Corridor,2023-12-06,2024-10-10,1.33,Residential,8,0,1,1,0,40.11,1,Pre-notification,309,7.9,0,0,0,1,High,0.661,355
SYN-LA-00420,Haryana,Rural,National Highway,2021-08-24,2022-12-25,4.59,Agricultural,21,1,0,0,0,430.28,1,3D issued,488,73.6,67.8,66.6,44.2,0,Medium,0.404,0
SYN-LA-00421,Haryana,Urban,State Highway,2019-12-10,2021-01-11,3.75,Residential,4,0,0,0,0,278.11,1,3D issued,398,64.3,48.5,37.5,24.7,1,Low,0.258,112
SYN-LA-00422,Maharashtra,Urban,Urban Infrastructure,2024-09-27,2025-01-08,5.32,Agricultural,7,0,0,0,0,231.11,1,3A issued,103,43.7,27.9,4.5,1.2,0,Low,0.305,0
SYN-LA-00423,Odisha,Rural,Urban Infrastructure,2022-12-21,2023-06-15,4.73,Agricultural,4,0,0,0,0,480.73,1,3A issued,176,49.0,22.6,8.1,0,0,Low,0.251,0
SYN-LA-00424,Chhattisgarh,Semi-urban,National Highway,2020-02-07,2021-01-06,3.93,Forest,7,0,0,0,0,118.67,1,3D issued,334,67.9,51.1,47.6,33.9,0,Low,0.273,0
SYN-LA-00425,Madhya Pradesh,Urban,Urban Infrastructure,2019-09-11,2021-04-10,6.47,Agricultural,5,1,0,0,0,601.62,1,3G award,577,100,100,90.2,68.0,1,Low,0.346,143
SYN-LA-00426,Uttar Pradesh,Semi-urban,Railway,2023-08-02,2024-10-17,2.59,Residential,10,0,0,0,1,96.64,1,3D issued,442,75.9,56.6,39.3,22.6,0,Medium,0.375,0
SYN-LA-00427,West Bengal,Semi-urban,Urban Infrastructure,2024-04-04,2024-08-25,2.72,Agricultural,5,0,0,0,0,63.65,1,3A issued,143,25.6,25.6,19.7,1.6,0,Low,0.199,0
SYN-LA-00428,Haryana,Rural,Railway,2021-09-09,2023-02-20,0.72,Agricultural,10,0,0,0,0,60.11,1,3G award,529,100,100,96.2,93.5,0,Low,0.093,0
SYN-LA-00429,West Bengal,Semi-urban,Urban Infrastructure,2023-12-06,2024-12-08,3.5,Residential,7,0,0,0,1,315.87,1,3A issued,368,46.3,19.1,8.6,0,1,Medium,0.427,215
SYN-LA-00430,Madhya Pradesh,Rural,Industrial Corridor,2023-08-17,2025-01-06,1.05,Commercial,27,1,0,0,1,93.9,1,3D issued,508,69.7,68.4,63.6,56.6,1,Medium,0.438,149
SYN-LA-00431,Maharashtra,Urban,National Highway,2019-02-16,2020-03-03,2.92,Residential,10,0,0,0,0,289.21,1,3D issued,381,89.5,67.7,64.8,54.3,0,Low,0.201,0
SYN-LA-00432,West Bengal,Semi-urban,Urban Infrastructure,2021-12-28,2023-05-22,4.69,Agricultural,6,0,0,0,0,197.66,1,3G award,510,100,100,76.2,68.3,0,Low,0.188,0
SYN-LA-00433,Uttar Pradesh,Rural,National Highway,2019-12-13,2021-06-11,1.93,Agricultural,16,0,0,0,0,198.51,1,3G award,546,100,95.9,90.8,66.4,0,Low,0.196,0
SYN-LA-00434,Madhya Pradesh,Semi-urban,Urban Infrastructure,2024-04-17,2025-02-24,15.22,Agricultural,9,1,0,0,0,571.88,0,3D issued,313,71.8,41.3,10.2,9.5,0,High,0.822,0
SYN-LA-00435,Punjab,Rural,Urban Infrastructure,2019-06-28,2020-10-23,19.17,Residential,8,1,0,0,1,712.9,1,3D issued,483,74.4,51.2,49.4,34.9,1,High,0.863,350
SYN-LA-00436,Odisha,Urban,State Highway,2020-05-07,2020-11-15,5.27,Agricultural,8,0,0,0,0,490.58,1,3A issued,192,40.1,23.8,0,0,1,Medium,0.351,270
SYN-LA-00437,Karnataka,Urban,Urban Infrastructure,2018-09-20,2020-08-22,1.1,Agricultural,14,1,0,0,0,56.56,1,3G award,702,100,97.8,97.7,80.1,0,Low,0.253,0
SYN-LA-00438,Uttar Pradesh,Semi-urban,Urban Infrastructure,2019-09-11,2021-07-01,4.8,Agricultural,12,0,0,1,1,465.91,1,3G award,659,100,91.0,75.8,42.2,0,High,0.739,0
SYN-LA-00439,Uttar Pradesh,Semi-urban,State Highway,2022-12-08,2023-06-13,2.91,Forest,9,0,0,0,1,99.86,1,Pre-notification,187,2.7,2.7,0,0,1,Medium,0.446,220
SYN-LA-00440,Rajasthan,Rural,National Highway,2021-08-26,2022-09-30,8.15,Agricultural,5,1,0,0,0,784.13,1,3G award,400,100,76.0,45.0,29.2,1,Medium,0.418,198
SYN-LA-00441,Rajasthan,Urban,Urban Infrastructure,2020-06-30,2022-05-25,2.42,Agricultural,2,0,0,0,0,231.89,1,3G award,694,100,100,72.3,61.6,0,Low,0.207,0
SYN-LA-00442,Rajasthan,Rural,Urban Infrastructure,2023-08-04,2024-09-22,5.27,Agricultural,15,0,0,0,1,318.45,1,3D issued,415,68.7,54.8,27.1,7.3,1,Medium,0.543,206
SYN-LA-00443,Rajasthan,Semi-urban,Urban Infrastructure,2021-02-25,2023-01-15,2.52,Commercial,1,0,1,0,0,264.07,1,3G award,689,100,100,89.8,85.7,1,Low,0.25,188
SYN-LA-00444,Rajasthan,Semi-urban,Railway,2023-05-19,2024-11-08,3.63,Commercial,21,1,0,0,1,162.16,0,3D issued,539,79.0,48.3,28.2,10.8,0,High,0.776,0
SYN-LA-00445,Haryana,Rural,State Highway,2020-11-15,2021-10-20,1.39,Agricultural,14,0,0,0,0,99.48,1,3D issued,339,95.1,73.0,46.6,42.9,0,Low,0.166,0
SYN-LA-00446,Rajasthan,Urban,National Highway,2024-09-07,2024-12-17,2.55,Agricultural,12,1,0,0,0,266.47,0,3A issued,101,21.4,7.1,0,0,0,Medium,0.487,0
SYN-LA-00447,West Bengal,Rural,Industrial Corridor,2021-02-28,2022-10-31,0.92,Residential,10,1,1,0,1,36.53,1,3D issued,610,74.0,37.9,32.4,6.5,1,High,0.712,257
SYN-LA-00448,West Bengal,Urban,Railway,2023-04-12,2024-06-05,1.81,Agricultural,10,1,1,0,0,98.44,1,3A issued,420,42.6,41.3,34.9,25.1,1,Medium,0.54,235
SYN-LA-00449,Haryana,Rural,National Highway,2021-07-27,2022-08-20,1.94,Agricultural,7,0,0,0,0,139.73,0,3D issued,389,86.2,46.5,27.3,16.3,1,Low,0.328,97
SYN-LA-00450,Haryana,Urban,Industrial Corridor,2023-10-27,2024-11-07,1.69,Agricultural,2,0,0,0,0,35.97,1,3D issued,377,82.1,72.0,68.5,44.5,0,Low,0.152,0
SYN-LA-00451,Haryana,Urban,Railway,2020-03-14,2021-10-03,2.14,Agricultural,26,1,0,0,1,65.85,0,3D issued,568,82.4,68.1,50.5,35.2,1,High,0.752,249
SYN-LA-00452,Chhattisgarh,Semi-urban,State Highway,2019-07-13,2020-12-22,10.95,Commercial,11,1,0,0,0,1033.67,1,3D issued,528,92.1,68.8,52.0,32.6,0,Medium,0.607,0
SYN-LA-00453,Rajasthan,Rural,National Highway,2023-07-05,2025-05-21,3.74,Agricultural,13,0,0,0,0,379.76,1,3G award,686,100,100,72.9,71.1,1,Low,0.239,157
SYN-LA-00454,Madhya Pradesh,Semi-urban,Urban Infrastructure,2024-10-08,2026-04-03,8.63,Forest,7,1,0,0,0,718.67,1,3D issued,542,91.3,71.0,43.4,24.4,1,Medium,0.6,232
SYN-LA-00455,Haryana,Semi-urban,Urban Infrastructure,2021-12-30,2023-03-27,2.28,Agricultural,31,1,0,0,0,47.27,1,3D issued,452,75.7,60.3,54.9,30.1,0,Medium,0.445,0
SYN-LA-00456,Rajasthan,Semi-urban,National Highway,2020-05-16,2021-12-04,6.29,Agricultural,59,1,1,0,0,306.21,1,3G award,567,100,89.6,66.9,44.9,0,High,0.866,0
SYN-LA-00457,Rajasthan,Urban,Urban Infrastructure,2020-02-27,2020-12-12,2.27,Agricultural,21,1,0,0,0,162.74,1,3D issued,289,89.6,70.5,66.7,61.3,0,Low,0.275,0
SYN-LA-00458,Odisha,Urban,Urban Infrastructure,2022-12-21,2023-09-24,1.05,Agricultural,11,0,1,0,1,16.93,1,3A issued,277,30.4,20.0,0,0,1,Medium,0.608,206
SYN-LA-00459,Punjab,Urban,State Highway,2022-09-25,2023-12-28,1.02,Commercial,7,0,0,0,1,70.62,1,3D issued,459,77.6,58.5,49.1,44.5,0,Low,0.27,0
SYN-LA-00460,Haryana,Urban,Urban Infrastructure,2020-01-27,2020-04-28,2.4,Residential,1,0,0,0,0,238.23,1,Pre-notification,92,11.6,11.6,0,0,0,Low,0.188,0
SYN-LA-00461,Maharashtra,Rural,National Highway,2019-04-20,2021-03-15,5.24,Agricultural,11,0,0,0,1,251.9,0,3G award,695,100,94.6,70.3,49.2,0,Medium,0.614,0
SYN-LA-00462,Haryana,Rural,State Highway,2018-10-06,2019-12-16,4.89,Agricultural,10,0,0,0,0,506.04,1,3D issued,436,75.1,49.7,33.7,33.0,0,Low,0.272,0
SYN-LA-00463,Uttar Pradesh,Urban,Industrial Corridor,2022-11-16,2024-06-22,1.89,Agricultural,19,0,0,0,1,178.06,1,3G award,584,100,83.6,65.9,51.4,1,Medium,0.439,170
SYN-LA-00464,Rajasthan,Urban,National Highway,2024-05-23,2025-06-28,2.08,Agricultural,6,0,0,0,1,58.82,1,3A issued,401,42.9,30.6,13.7,5.2,1,Medium,0.416,118
SYN-LA-00465,Madhya Pradesh,Rural,Industrial Corridor,2022-12-11,2024-10-29,4.63,Agricultural,22,1,0,0,1,85.66,1,3G award,688,100,100,92.0,76.5,0,Medium,0.517,0
SYN-LA-00466,Uttar Pradesh,Rural,Railway,2018-04-03,2018-12-14,1.46,Agricultural,7,0,0,0,0,74.89,1,3A issued,255,31.5,19.0,17.3,11.4,1,Low,0.189,179
SYN-LA-00467,Punjab,Rural,Industrial Corridor,2021-11-27,2022-07-09,2.81,Residential,4,0,0,0,0,274.84,1,3A issued,224,48.7,43.2,41.5,34.0,0,Low,0.135,0
SYN-LA-00468,Punjab,Urban,Industrial Corridor,2020-02-17,2021-10-12,5.99,Agricultural,6,0,0,0,0,396.53,1,3G award,603,100,92.5,63.5,51.4,0,Low,0.315,0
SYN-LA-00469,Odisha,Semi-urban,National Highway,2024-07-31,2025-04-04,2.86,Agricultural,8,0,0,0,0,94.89,1,3A issued,247,47.9,26.0,9.9,0,0,Low,0.248,0
SYN-LA-00470,Karnataka,Urban,Urban Infrastructure,2022-03-09,2022-08-26,76.44,Agricultural,3,1,0,0,0,6958.91,1,3A issued,170,51.6,44.7,26.2,20.2,1,High,0.772,290
SYN-LA-00471,West Bengal,Rural,Industrial Corridor,2019-07-15,2020-02-25,5.86,Commercial,10,0,0,0,0,581.42,1,Pre-notification,225,11.2,11.2,0,0,0,Low,0.347,0
SYN-LA-00472,West Bengal,Rural,Industrial Corridor,2020-05-30,2021-08-21,25.76,Forest,15,1,0,0,0,1464.06,1,3D issued,448,71.0,42.5,32.4,31.3,1,High,0.891,270
SYN-LA-00473,West Bengal,Semi-urban,National Highway,2021-12-25,2023-11-02,9.24,Agricultural,14,1,0,0,0,399.82,1,3G award,677,100,97.5,65.7,50.2,0,Medium,0.571,0
SYN-LA-00474,West Bengal,Semi-urban,State Highway,2019-02-26,2020-08-04,7.26,Agricultural,7,1,0,0,0,617.75,1,3G award,525,100,100,68.1,52.4,0,Medium,0.379,0
SYN-LA-00475,Maharashtra,Urban,National Highway,2018-02-23,2019-08-12,1.27,Residential,5,0,1,0,1,60.37,1,3D issued,535,86.4,63.5,33.7,31.4,1,Medium,0.544,217
SYN-LA-00476,Rajasthan,Semi-urban,State Highway,2024-02-09,2025-01-24,2.96,Agricultural,1,0,0,0,1,252.25,1,3D issued,350,84.2,72.3,47.5,41.0,0,Low,0.23,0
SYN-LA-00477,Odisha,Semi-urban,Railway,2021-12-13,2022-07-12,1.47,Commercial,9,0,0,0,0,56.6,0,3A issued,211,40.4,31.0,0,0,1,Low,0.331,120
SYN-LA-00478,Madhya Pradesh,Semi-urban,National Highway,2023-07-06,2023-08-22,5.6,Commercial,11,0,0,0,0,550.17,1,Pre-notification,47,13.1,13.1,0,0,0,Low,0.277,0
SYN-LA-00479,Rajasthan,Semi-urban,Industrial Corridor,2018-09-03,2019-01-15,3.61,Agricultural,15,0,1,1,0,220.0,0,Pre-notification,134,10.5,8.5,0,0,1,High,0.839,272
SYN-LA-00480,Karnataka,Urban,Industrial Corridor,2020-01-28,2020-09-23,9.25,Forest,11,1,0,0,0,760.36,1,3A issued,239,37.8,35.9,8.7,0,0,High,0.674,0
SYN-LA-00481,Odisha,Urban,Railway,2018-12-09,2019-07-13,1.0,Residential,1,0,1,1,0,79.8,1,Pre-notification,216,0.1,0,0,0,1,Medium,0.634,244
SYN-LA-00482,Haryana,Semi-urban,Railway,2024-08-25,2025-01-19,2.95,Residential,21,1,0,0,1,222.81,1,Pre-notification,147,1.4,0,0,0,0,Medium,0.512,0
SYN-LA-00483,Uttar Pradesh,Semi-urban,Industrial Corridor,2020-10-20,2021-05-30,4.11,Residential,27,1,0,0,0,333.54,0,Pre-notification,222,8.6,1.5,0,0,1,High,0.662,180
SYN-LA-00484,Rajasthan,Urban,Urban Infrastructure,2021-02-05,2021-04-17,1.24,Forest,36,1,0,0,0,30.45,0,Pre-notification,71,0,0,0,0,1,High,0.713,215
SYN-LA-00485,Chhattisgarh,Rural,Railway,2020-09-16,2021-05-13,4.81,Agricultural,13,0,0,0,0,304.61,1,Pre-notification,239,9.4,4.6,0,0,0,Low,0.34,0
SYN-LA-00486,Karnataka,Urban,Railway,2018-01-18,2018-03-05,7.05,Agricultural,4,1,0,0,0,562.19,1,3A issued,46,26.2,21.5,13.7,0,1,Medium,0.386,187
SYN-LA-00487,Odisha,Rural,National Highway,2023-01-16,2023-10-18,3.58,Commercial,5,1,0,0,0,619.95,1,3A issued,275,43.8,22.1,0,0,1,Low,0.323,175
SYN-LA-00488,West Bengal,Rural,Urban Infrastructure,2024-01-01,2025-10-05,1.04,Commercial,2,0,1,0,0,125.83,0,3D issued,643,87.0,68.5,50.7,49.8,0,Medium,0.453,0
SYN-LA-00489,Punjab,Rural,State Highway,2018-01-30,2019-01-15,9.28,Agricultural,7,1,0,0,0,870.46,1,3D issued,350,73.0,59.1,53.6,40.4,0,Medium,0.397,0
SYN-LA-00490,Uttar Pradesh,Urban,Urban Infrastructure,2018-01-01,2019-02-07,1.66,Agricultural,7,0,0,0,0,127.22,1,3D issued,402,92.1,67.5,56.1,53.4,1,Low,0.174,128
SYN-LA-00491,West Bengal,Urban,Railway,2018-09-22,2018-11-27,1.97,Residential,5,0,1,0,1,175.38,1,Pre-notification,66,0,0,0,0,1,Medium,0.515,141
SYN-LA-00492,Uttar Pradesh,Urban,Urban Infrastructure,2022-10-30,2023-03-27,5.9,Agricultural,15,0,0,0,0,184.29,1,3A issued,148,53.2,53.2,20.4,0,0,Medium,0.421,0
SYN-LA-00493,Chhattisgarh,Rural,National Highway,2024-08-16,2025-03-09,3.35,Forest,10,0,0,0,0,229.91,1,3A issued,205,48.6,26.0,12.2,11.7,0,Low,0.302,0
SYN-LA-00494,Punjab,Urban,National Highway,2019-05-26,2020-10-07,2.19,Agricultural,20,0,1,0,1,80.66,1,3A issued,500,57.4,30.4,20.9,10.6,1,High,0.733,258
SYN-LA-00495,Madhya Pradesh,Semi-urban,Urban Infrastructure,2024-09-25,2025-01-21,6.23,Agricultural,3,1,1,0,0,417.48,0,Pre-notification,118,0,0,0,0,0,High,0.68,0
SYN-LA-00496,Odisha,Rural,Urban Infrastructure,2018-12-04,2019-07-12,0.91,Agricultural,4,1,0,0,0,87.19,1,3A issued,220,18.9,18.9,0,0,0,Low,0.226,0
SYN-LA-00497,Karnataka,Urban,State Highway,2018-02-09,2019-03-10,4.42,Agricultural,20,0,0,0,1,413.94,1,3D issued,394,73.3,67.3,62.7,57.4,0,Medium,0.42,0
SYN-LA-00498,Odisha,Semi-urban,State Highway,2020-10-09,2022-05-11,7.38,Agricultural,2,1,1,1,0,336.04,1,3A issued,579,57.3,38.9,24.7,3.0,1,High,0.888,249
SYN-LA-00499,Chhattisgarh,Semi-urban,Railway,2018-12-20,2020-12-07,1.67,Residential,11,0,1,1,0,28.8,1,3G award,718,100,84.4,65.3,35.9,1,High,0.734,299
SYN-LA-00500,Rajasthan,Urban,Industrial Corridor,2024-01-22,2024-09-03,1.81,Agricultural,26,1,0,0,0,99.67,1,3A issued,225,40.0,28.7,25.2,3.6,0,Medium,0.463,0
SYN-LA-00501,Haryana,Semi-urban,Urban Infrastructure,2023-12-02,2024-05-02,0.66,Agricultural,9,0,0,0,0,51.09,1,3A issued,152,40.9,40.9,27.5,14.7,1,Low,0.144,134
SYN-LA-00502,Punjab,Rural,State Highway,2021-02-06,2021-04-12,3.15,Agricultural,5,1,0,1,0,70.32,1,Pre-notification,65,0,0,0,0,0,Medium,0.478,0
SYN-LA-00503,Chhattisgarh,Semi-urban,Railway,2022-04-09,2022-08-22,2.54,Agricultural,2,0,0,0,0,104.97,1,3A issued,135,28.9,22.5,0,0,1,Low,0.179,181
SYN-LA-00504,Chhattisgarh,Urban,Urban Infrastructure,2022-03-14,2023-10-23,1.06,Residential,4,1,0,0,0,62.75,1,3G award,588,100,100,87.0,72.1,0,Low,0.195,0
SYN-LA-00505,Chhattisgarh,Semi-urban,State Highway,2020-04-14,2021-05-06,4.82,Residential,5,1,0,0,0,336.88,1,3D issued,387,79.4,62.3,38.2,21.2,0,Low,0.335,0
SYN-LA-00506,Chhattisgarh,Semi-urban,Railway,2018-07-17,2019-01-06,2.35,Agricultural,10,0,0,0,0,164.73,0,3A issued,173,44.0,36.8,9.6,0,1,Medium,0.356,142
SYN-LA-00507,Haryana,Rural,Industrial Corridor,2019-08-18,2021-06-01,6.56,Forest,48,1,0,0,1,349.61,1,3G award,653,100,100,69.9,50.5,0,High,0.87,0
SYN-LA-00508,West Bengal,Urban,Urban Infrastructure,2019-11-15,2021-04-04,0.71,Agricultural,12,0,0,0,0,36.76,0,3G award,506,100,89.8,46.5,22.7,1,Medium,0.421,129
SYN-LA-00509,Madhya Pradesh,Urban,Urban Infrastructure,2024-02-16,2025-07-04,2.59,Agricultural,8,1,0,0,0,228.98,1,3G award,504,100,100,98.1,92.8,0,Low,0.178,0
SYN-LA-00510,Haryana,Urban,National Highway,2024-02-09,2024-09-20,1.2,Residential,57,1,1,0,1,39.88,0,Pre-notification,224,0,0,0,0,1,High,0.934,283
SYN-LA-00511,Uttar Pradesh,Semi-urban,Industrial Corridor,2019-02-20,2019-12-13,1.31,Residential,8,0,0,0,0,100.57,1,3D issued,296,79.3,50.6,45.3,22.4,0,Low,0.177,0
SYN-LA-00512,Uttar Pradesh,Semi-urban,Railway,2024-12-06,2026-07-23,0.31,Agricultural,5,0,0,0,0,14.02,1,3G award,594,100,98.8,90.9,83.7,0,Low,0.1,0
SYN-LA-00513,Haryana,Urban,Railway,2020-06-17,2022-01-11,6.29,Residential,10,1,0,0,1,123.23,1,3G award,573,100,77.6,75.1,54.5,0,Medium,0.561,0
SYN-LA-00514,Madhya Pradesh,Rural,National Highway,2020-10-09,2022-08-04,0.47,Agricultural,7,1,0,0,1,13.64,1,3G award,664,100,85.2,63.6,63.0,0,Low,0.292,0
SYN-LA-00515,Rajasthan,Urban,State Highway,2019-09-20,2021-08-23,1.75,Forest,15,0,1,0,1,152.54,1,3D issued,703,100,62.9,55.9,31.1,1,High,0.772,295
SYN-LA-00516,Karnataka,Rural,Industrial Corridor,2018-06-27,2020-04-23,2.81,Agricultural,7,0,0,0,0,63.53,1,3G award,666,100,97.1,81.8,75.9,0,Low,0.16,0
SYN-LA-00517,Haryana,Rural,State Highway,2020-11-13,2021-04-04,7.09,Agricultural,13,1,0,0,0,525.5,1,3D issued,142,65.6,45.3,42.7,28.9,0,Low,0.349,0
SYN-LA-00518,Madhya Pradesh,Rural,Industrial Corridor,2023-07-31,2024-06-12,3.51,Agricultural,3,0,0,0,0,216.83,1,3A issued,317,40.8,15.1,0,0,0,Low,0.245,0
SYN-LA-00519,Odisha,Semi-urban,National Highway,2020-10-09,2021-05-23,1.32,Residential,23,1,0,0,1,132.98,1,3D issued,226,62.9,39.8,20.0,0,1,Medium,0.515,238
SYN-LA-00520,Odisha,Urban,Railway,2023-03-31,2023-09-23,4.46,Forest,16,0,0,1,0,386.87,1,Pre-notification,176,6.6,6.6,0,0,0,High,0.731,0
SYN-LA-00521,Uttar Pradesh,Semi-urban,Urban Infrastructure,2022-09-07,2023-08-25,4.34,Agricultural,16,0,0,0,1,124.25,1,3D issued,352,69.6,40.6,12.9,0.0,1,Medium,0.531,192
SYN-LA-00522,Uttar Pradesh,Rural,State Highway,2024-05-26,2026-01-11,2.33,Forest,1,0,0,0,0,237.0,1,3G award,595,100,91.9,72.0,71.8,1,Low,0.178,73
SYN-LA-00523,Karnataka,Semi-urban,Urban Infrastructure,2024-02-22,2025-07-06,1.65,Agricultural,38,1,0,0,0,111.76,1,3G award,500,100,93.1,89.0,63.7,1,Medium,0.382,114
SYN-LA-00524,Karnataka,Urban,Urban Infrastructure,2021-11-12,2022-06-02,6.0,Agricultural,9,0,0,0,0,324.96,1,3A issued,202,48.7,37.6,22.6,0,1,Medium,0.37,146
SYN-LA-00525,Maharashtra,Urban,Railway,2020-07-31,2021-04-11,11.4,Agricultural,34,1,0,0,1,297.4,1,3A issued,254,16.3,13.4,0,0,1,High,0.892,266
SYN-LA-00526,Chhattisgarh,Rural,National Highway,2019-03-22,2019-04-28,1.07,Forest,8,0,0,0,0,33.1,1,3A issued,37,24.0,14.4,6.1,0,1,Low,0.212,167
SYN-LA-00527,Madhya Pradesh,Semi-urban,State Highway,2020-12-19,2021-05-31,0.52,Residential,11,0,0,0,0,32.98,1,3A issued,163,42.3,16.5,0,0,0,Low,0.183,0
SYN-LA-00528,West Bengal,Semi-urban,National Highway,2024-03-02,2024-06-14,2.35,Agricultural,10,0,0,0,0,222.09,1,Pre-notification,104,0,0,0,0,0,Low,0.213,0
SYN-LA-00529,Rajasthan,Urban,Railway,2023-05-14,2024-03-03,1.69,Agricultural,7,1,0,1,0,114.7,1,Pre-notification,294,12.8,9.2,0,0,0,Medium,0.609,0
SYN-LA-00530,Haryana,Urban,Railway,2021-01-13,2022-05-02,4.08,Forest,3,0,0,0,0,149.5,1,3D issued,474,67.0,67.0,61.4,45.1,0,Low,0.296,0
SYN-LA-00531,West Bengal,Urban,Railway,2019-09-08,2021-08-15,0.92,Agricultural,17,0,0,0,0,48.73,1,3G award,707,100,100,97.5,74.9,0,Low,0.238,0
SYN-LA-00532,Maharashtra,Rural,Urban Infrastructure,2021-08-21,2023-04-15,2.28,Forest,7,0,0,0,0,53.98,1,3G award,602,100,86.3,83.3,78.5,0,Low,0.187,0
SYN-LA-00533,Punjab,Urban,Urban Infrastructure,2023-03-11,2024-12-27,8.13,Forest,6,1,0,0,0,768.85,1,3G award,657,100,95.0,83.7,76.8,0,Medium,0.482,0
SYN-LA-00534,West Bengal,Rural,Railway,2018-04-10,2020-01-30,4.97,Commercial,13,1,0,0,0,529.94,1,3G award,660,100,93.4,92.7,67.0,0,Medium,0.353,0
SYN-LA-00535,Madhya Pradesh,Semi-urban,National Highway,2019-12-29,2021-12-06,3.41,Agricultural,18,0,0,0,0,106.48,1,3G award,708,100,96.2,72.3,54.3,0,Low,0.312,0
SYN-LA-00536,Uttar Pradesh,Semi-urban,National Highway,2023-09-08,2024-10-03,1.73,Agricultural,3,0,0,0,1,138.33,1,3A issued,391,31.2,26.0,0,0,0,Low,0.346,0
SYN-LA-00537,West Bengal,Semi-urban,State Highway,2021-11-18,2022-06-16,2.33,Agricultural,10,0,1,0,1,219.58,1,Pre-notification,210,11.8,0,0,0,1,Medium,0.565,307
SYN-LA-00538,Chhattisgarh,Semi-urban,National Highway,2020-08-19,2021-08-05,0.91,Agricultural,8,0,0,0,0,41.79,1,3A issued,351,55.9,51.5,46.5,33.7,0,Low,0.156,0
SYN-LA-00539,Punjab,Semi-urban,State Highway,2021-06-24,2021-11-23,0.48,Agricultural,6,1,0,0,0,35.65,1,3A issued,152,16.4,14.6,0,0,0,Low,0.195,0
SYN-LA-00540,West Bengal,Urban,National Highway,2018-09-08,2020-08-09,2.24,Agricultural,14,0,0,0,1,180.47,1,3G award,701,100,100,67.8,57.1,0,Medium,0.429,0
SYN-LA-00541,Karnataka,Rural,Urban Infrastructure,2019-05-16,2019-11-20,1.65,Commercial,4,0,0,0,0,218.1,0,3A issued,188,18.6,10.6,0,0,0,Low,0.277,0
SYN-LA-00542,Chhattisgarh,Urban,State Highway,2024-07-08,2025-02-14,11.59,Agricultural,13,1,1,0,0,682.33,1,Pre-notification,221,2.0,0,0,0,1,High,0.843,258
SYN-LA-00543,Maharashtra,Rural,Urban Infrastructure,2020-03-31,2021-10-08,14.76,Residential,4,1,0,0,0,541.16,0,3G award,556,100,91.7,70.7,46.8,0,High,0.759,0
SYN-LA-00544,Karnataka,Rural,National Highway,2018-03-24,2019-05-29,8.07,Agricultural,7,1,0,0,0,529.0,1,3D issued,431,85.1,56.9,24.0,3.5,0,Medium,0.518,0
SYN-LA-00545,Odisha,Urban,Industrial Corridor,2023-10-19,2024-09-14,3.94,Forest,25,1,0,0,1,261.45,0,3A issued,331,25.5,19.5,0,0,1,High,0.866,325
SYN-LA-00546,Karnataka,Urban,State Highway,2024-01-26,2025-08-21,2.11,Agricultural,7,0,0,0,0,135.65,1,3G award,573,100,100,90.8,75.9,0,Low,0.161,0
SYN-LA-00547,Chhattisgarh,Semi-urban,National Highway,2023-02-16,2024-08-20,1.67,Agricultural,12,0,0,0,0,91.8,1,3D issued,551,88.4,65.4,62.7,36.9,1,Low,0.234,109
SYN-LA-00548,Odisha,Rural,Railway,2024-10-14,2024-12-30,3.83,Agricultural,5,1,0,0,0,135.19,1,3A issued,77,23.2,23.2,10.0,0.4,0,Low,0.267,0
SYN-LA-00549,Haryana,Urban,National Highway,2022-05-20,2022-12-05,5.78,Residential,7,0,0,0,1,162.89,1,Pre-notification,199,8.0,8.0,4.9,0,1,Medium,0.486,187
SYN-LA-00550,Madhya Pradesh,Semi-urban,National Highway,2020-10-29,2021-01-22,2.42,Residential,10,0,0,0,0,229.72,1,Pre-notification,85,0,0,0,0,0,Low,0.2,0
SYN-LA-00551,Madhya Pradesh,Rural,Railway,2022-01-09,2023-08-01,0.91,Agricultural,20,0,0,0,0,76.56,1,3G award,569,89.6,75.1,60.7,50.4,1,Low,0.227,150
SYN-LA-00552,Odisha,Rural,State Highway,2019-10-17,2021-01-21,0.83,Agricultural,29,1,0,0,1,49.72,1,3G award,462,100,84.0,74.1,69.0,0,Medium,0.398,0
SYN-LA-00553,Madhya Pradesh,Urban,Industrial Corridor,2024-10-19,2025-05-25,2.09,Agricultural,8,0,0,0,0,89.37,1,3A issued,218,54.2,47.5,37.3,20.4,0,Low,0.207,0
SYN-LA-00554,Chhattisgarh,Semi-urban,Railway,2022-09-28,2024-08-03,1.08,Commercial,34,1,0,0,1,70.83,1,3G award,675,100,96.1,88.4,78.0,1,Medium,0.5,202
SYN-LA-00555,Punjab,Rural,Industrial Corridor,2022-08-07,2022-12-18,3.07,Agricultural,5,1,0,0,0,296.23,1,Pre-notification,133,11.1,0,0,0,0,Low,0.247,0
SYN-LA-00556,Rajasthan,Urban,Urban Infrastructure,2021-05-01,2022-03-12,5.78,Commercial,14,0,0,0,0,381.57,1,3D issued,315,68.7,55.5,52.8,35.5,0,Low,0.342,0
SYN-LA-00557,Chhattisgarh,Urban,Urban Infrastructure,2022-10-27,2023-01-21,8.38,Residential,11,1,0,0,1,202.6,1,Pre-notification,86,11.2,1.4,0,0,0,High,0.661,0
SYN-LA-00558,Maharashtra,Semi-urban,Industrial Corridor,2021-11-21,2023-04-08,4.92,Forest,27,1,1,0,0,502.99,1,3D issued,503,64.6,44.2,38.6,18.4,1,High,0.813,319
SYN-LA-00559,Madhya Pradesh,Urban,National Highway,2024-04-29,2026-01-31,2.37,Forest,9,0,0,1,0,89.23,1,3D issued,642,66.2,61.8,43.9,12.1,1,High,0.721,332
SYN-LA-00560,Karnataka,Urban,Railway,2023-06-17,2024-05-08,2.97,Agricultural,3,0,0,0,0,229.23,1,3A issued,326,32.0,32.0,31.9,25.1,0,Low,0.209,0
SYN-LA-00561,Madhya Pradesh,Urban,Urban Infrastructure,2024-07-03,2026-04-23,1.37,Forest,5,0,0,0,0,109.5,1,3G award,659,100,100,69.9,47.4,0,Low,0.285,0
SYN-LA-00562,Chhattisgarh,Rural,National Highway,2022-12-16,2024-07-11,3.04,Commercial,9,0,0,0,0,383.47,1,3G award,573,100,92.9,72.2,48.2,0,Low,0.227,0
SYN-LA-00563,Uttar Pradesh,Urban,National Highway,2024-03-11,2025-10-16,6.88,Agricultural,3,1,0,0,0,646.92,1,3G award,584,100,85.7,72.2,48.0,0,Medium,0.429,0
SYN-LA-00564,Karnataka,Urban,Urban Infrastructure,2019-11-22,2020-04-21,1.74,Agricultural,34,1,0,0,0,51.29,1,3A issued,151,41.0,38.2,8.7,6.7,1,Medium,0.477,205
SYN-LA-00565,Madhya Pradesh,Semi-urban,Railway,2019-07-01,2019-09-21,3.4,Agricultural,24,1,0,0,0,220.97,1,Pre-notification,82,0,0,0,0,1,Medium,0.394,171
SYN-LA-00566,Karnataka,Semi-urban,Urban Infrastructure,2020-02-04,2021-02-06,2.84,Residential,19,0,0,0,0,177.52,1,3D issued,368,87.1,68.8,52.4,33.4,0,Low,0.253,0
SYN-LA-00567,Rajasthan,Semi-urban,National Highway,2020-09-14,2021-03-30,3.18,Agricultural,5,0,0,1,0,113.16,1,3A issued,197,24.6,8.8,8.8,0,1,Medium,0.466,139
SYN-LA-00568,Odisha,Rural,State Highway,2023-05-27,2024-12-03,6.76,Agricultural,4,1,0,0,1,358.87,1,3G award,556,100,92.5,70.8,59.8,0,Medium,0.453,0
SYN-LA-00569,Madhya Pradesh,Semi-urban,State Highway,2022-04-16,2023-01-04,21.19,Residential,6,1,0,0,0,1649.48,1,3D issued,263,70.3,49.8,45.7,33.8,0,High,0.743,0
SYN-LA-00570,Uttar Pradesh,Semi-urban,Railway,2020-07-26,2022-05-03,0.78,Forest,27,1,0,0,0,29.3,0,3G award,646,100,100,62.3,52.3,1,Medium,0.613,178
SYN-LA-00571,Maharashtra,Semi-urban,State Highway,2018-02-02,2019-11-11,2.13,Agricultural,5,0,0,0,1,41.97,1,3G award,647,100,100,93.9,76.4,1,Low,0.222,115
SYN-LA-00572,West Bengal,Semi-urban,Urban Infrastructure,2021-11-20,2022-07-19,2.78,Agricultural,5,0,0,0,0,140.39,1,3A issued,241,42.1,39.2,37.2,25.7,1,Low,0.172,119
SYN-LA-00573,Madhya Pradesh,Urban,Industrial Corridor,2021-12-21,2023-01-21,2.0,Residential,17,0,0,0,0,153.89,1,3G award,396,94.7,85.2,52.5,43.9,1,Low,0.249,188
SYN-LA-00574,Chhattisgarh,Rural,Railway,2024-09-09,2025-02-16,5.47,Agricultural,8,0,0,0,1,542.07,0,Pre-notification,160,2.2,0,0,0,1,Medium,0.578,259
SYN-LA-00575,Karnataka,Semi-urban,Urban Infrastructure,2019-02-27,2020-09-21,2.07,Agricultural,4,0,0,0,1,112.21,1,3G award,572,100,100,81.0,76.2,0,Low,0.19,0
SYN-LA-00576,Maharashtra,Urban,Railway,2023-02-11,2024-09-19,2.66,Agricultural,11,0,0,0,0,135.44,1,3G award,586,100,83.7,75.9,54.0,0,Low,0.255,0
SYN-LA-00577,Odisha,Rural,Industrial Corridor,2022-08-08,2023-07-28,20.55,Agricultural,18,1,0,0,0,1790.77,1,3D issued,354,80.4,62.9,56.2,36.7,1,High,0.834,297
SYN-LA-00578,West Bengal,Semi-urban,National Highway,2020-06-26,2021-01-06,6.68,Agricultural,11,1,0,0,0,619.22,1,3A issued,194,32.8,14.5,0,0,1,Medium,0.45,219
SYN-LA-00579,Chhattisgarh,Rural,State Highway,2024-02-05,2025-12-20,0.97,Forest,7,1,0,0,0,84.49,1,3G award,684,100,97.9,95.1,79.5,0,Low,0.236,0
SYN-LA-00580,Maharashtra,Rural,National Highway,2018-05-12,2018-09-15,1.33,Forest,14,0,0,1,0,35.01,1,Pre-notification,126,3.9,0,0,0,0,Medium,0.536,0
SYN-LA-00581,Uttar Pradesh,Rural,State Highway,2018-07-30,2019-08-23,6.42,Agricultural,7,1,0,0,0,294.52,0,3D issued,389,89.8,59.9,35.3,29.6,1,Medium,0.533,274
SYN-LA-00582,Rajasthan,Rural,Railway,2023-12-13,2024-05-25,3.54,Commercial,11,0,0,0,0,455.86,1,3D issued,164,66.8,38.6,32.9,28.0,0,Low,0.192,0
SYN-LA-00583,Uttar Pradesh,Semi-urban,Industrial Corridor,2024-12-19,2025-11-30,1.84,Commercial,2,1,0,0,0,225.89,1,3D issued,346,76.9,59.2,37.6,14.2,1,Low,0.24,175
SYN-LA-00584,Chhattisgarh,Semi-urban,Industrial Corridor,2018-02-20,2018-06-27,1.27,Forest,8,0,0,0,0,35.76,1,3A issued,127,37.9,22.3,3.2,0,0,Low,0.24,0
SYN-LA-00585,Rajasthan,Semi-urban,Urban Infrastructure,2024-09-08,2025-10-13,1.84,Residential,5,1,0,0,1,122.6,1,3G award,400,87.6,82.7,52.5,40.7,1,Low,0.306,124
SYN-LA-00586,Chhattisgarh,Urban,Railway,2020-01-14,2021-07-24,4.2,Agricultural,4,0,0,0,0,368.14,1,3G award,557,100,100,90.5,83.8,0,Low,0.18,0
SYN-LA-00587,Punjab,Rural,State Highway,2018-05-23,2019-02-01,0.75,Agricultural,8,0,0,0,0,16.35,1,3A issued,254,30.8,15.5,10.1,9.2,0,Low,0.166,0
SYN-LA-00588,Chhattisgarh,Urban,National Highway,2021-08-29,2023-08-01,7.69,Forest,7,1,0,0,0,277.04,1,3G award,702,100,100.0,75.9,57.2,1,Medium,0.585,153
SYN-LA-00589,Chhattisgarh,Rural,Railway,2019-11-18,2021-03-18,2.62,Agricultural,17,1,0,0,0,114.02,1,3G award,486,100,89.7,68.0,58.2,0,Low,0.28,0
SYN-LA-00590,Madhya Pradesh,Urban,National Highway,2024-04-10,2025-08-18,4.27,Agricultural,7,0,0,0,0,299.37,1,3G award,495,100,88.2,79.8,61.0,0,Low,0.226,0
SYN-LA-00591,Odisha,Semi-urban,Urban Infrastructure,2022-08-10,2023-10-16,2.22,Agricultural,6,0,0,0,1,136.57,0,3A issued,432,50.0,46.8,27.1,8.9,0,Medium,0.516,0
SYN-LA-00592,West Bengal,Rural,Industrial Corridor,2022-09-20,2023-09-04,0.36,Residential,19,0,0,0,0,9.13,1,3A issued,349,52.3,52.3,40.1,27.9,0,Low,0.216,0
SYN-LA-00593,Rajasthan,Rural,Industrial Corridor,2024-08-17,2025-03-14,15.57,Commercial,7,1,0,0,0,2621.0,1,3A issued,209,33.6,17.3,2.4,0,1,High,0.711,188
SYN-LA-00594,Haryana,Urban,Railway,2018-12-20,2020-03-29,1.57,Forest,7,1,0,0,0,137.87,1,3D issued,465,71.3,41.5,38.7,35.9,0,Low,0.347,0
SYN-LA-00595,Uttar Pradesh,Rural,State Highway,2024-10-24,2026-04-16,4.99,Agricultural,10,0,0,0,0,211.41,0,3G award,539,99.4,79.1,53.6,41.7,1,Medium,0.441,225
SYN-LA-00596,Maharashtra,Semi-urban,State Highway,2019-12-16,2021-10-28,2.64,Agricultural,3,0,0,0,0,195.71,1,3G award,682,100,100,74.2,57.2,0,Low,0.183,0
SYN-LA-00597,Rajasthan,Semi-urban,National Highway,2019-06-08,2019-12-23,8.95,Agricultural,9,1,0,0,0,871.22,1,3A issued,198,40.9,26.1,13.9,7.7,0,Medium,0.479,0
SYN-LA-00598,Karnataka,Semi-urban,Railway,2024-07-15,2024-12-04,12.11,Agricultural,15,1,0,0,0,932.29,1,3A issued,142,51.6,34.8,27.8,5.8,1,Medium,0.611,271
SYN-LA-00599,Uttar Pradesh,Semi-urban,State Highway,2021-02-24,2021-07-22,7.69,Forest,1,1,0,0,0,654.03,1,3A issued,148,52.2,29.4,13.3,6.5,1,Medium,0.448,177
SYN-LA-00600,Odisha,Semi-urban,State Highway,2020-09-28,2021-08-26,1.67,Agricultural,6,0,0,0,1,75.27,1,3A issued,332,25.5,25.5,0,0,0,Low,0.341,0
SYN-LA-00601,Karnataka,Urban,State Highway,2023-09-30,2024-12-24,12.21,Agricultural,16,1,0,0,1,690.37,1,3A issued,451,52.0,52.0,32.6,30.0,1,High,0.806,241
SYN-LA-00602,Madhya Pradesh,Urban,State Highway,2020-12-23,2022-07-23,3.2,Agricultural,4,0,0,0,0,269.67,1,3G award,577,100,100,92.1,74.2,0,Low,0.176,0
SYN-LA-00603,Chhattisgarh,Semi-urban,Railway,2020-11-11,2021-05-02,7.24,Agricultural,12,1,1,0,0,236.34,1,Pre-notification,172,0,0,0,0,0,High,0.673,0
SYN-LA-00604,West Bengal,Urban,Industrial Corridor,2022-11-18,2024-01-14,3.33,Agricultural,13,0,0,0,1,302.03,1,3D issued,422,66.7,60.8,42.4,38.0,1,Medium,0.421,134
SYN-LA-00605,Odisha,Semi-urban,State Highway,2018-11-27,2019-11-05,6.45,Agricultural,7,1,0,0,0,612.14,1,3D issued,343,94.9,70.3,62.6,47.2,1,Low,0.304,96
SYN-LA-00606,Chhattisgarh,Rural,Railway,2021-03-10,2022-12-23,3.67,Residential,10,1,1,1,0,243.68,1,3D issued,653,100,70.0,66.0,46.7,1,High,0.792,283
SYN-LA-00607,Chhattisgarh,Rural,National Highway,2021-11-22,2022-02-17,3.12,Residential,11,0,0,0,0,198.19,1,3A issued,87,43.6,24.8,9.5,4.3,0,Low,0.221,0
SYN-LA-00608,Haryana,Semi-urban,Industrial Corridor,2024-03-11,2025-07-11,1.7,Agricultural,47,1,0,0,0,129.53,1,3G award,487,90.9,78.5,62.0,56.1,0,Medium,0.487,0
SYN-LA-00609,Madhya Pradesh,Urban,Industrial Corridor,2021-12-20,2023-11-28,0.98,Agricultural,12,0,1,0,0,83.45,1,3G award,708,100,89.6,86.6,72.2,0,Medium,0.377,0
SYN-LA-00610,Karnataka,Rural,Industrial Corridor,2022-05-16,2023-11-21,5.77,Forest,9,1,1,0,0,591.74,1,3D issued,554,100,71.1,44.1,35.8,1,High,0.68,198
SYN-LA-00611,Uttar Pradesh,Rural,National Highway,2020-01-06,2020-12-02,2.22,Agricultural,4,0,0,0,0,46.11,1,3A issued,331,46.6,27.8,0,0,0,Low,0.235,0
SYN-LA-00612,Haryana,Rural,State Highway,2021-02-07,2022-02-27,1.95,Residential,6,0,0,0,0,118.01,1,3A issued,385,54.6,41.7,30.2,19.3,0,Low,0.195,0
SYN-LA-00613,Chhattisgarh,Urban,State Highway,2021-12-23,2023-02-11,1.23,Forest,8,1,0,0,0,45.44,1,3D issued,415,75.0,53.1,26.9,15.1,0,Medium,0.409,0
SYN-LA-00614,Haryana,Rural,Urban Infrastructure,2018-09-04,2019-12-06,2.38,Agricultural,6,0,0,0,0,248.76,1,3G award,458,100,100,98.7,80.2,0,Low,0.109,0
SYN-LA-00615,Maharashtra,Urban,Urban Infrastructure,2024-09-09,2025-05-19,1.88,Agricultural,9,0,0,0,0,89.49,1,3A issued,252,44.8,29.6,2.1,0,0,Low,0.27,0
SYN-LA-00616,Chhattisgarh,Urban,State Highway,2021-05-14,2022-04-27,5.83,Agricultural,21,1,0,0,1,137.23,1,3D issued,348,61.0,40.7,16.4,10.0,1,High,0.714,277
SYN-LA-00617,Rajasthan,Urban,Urban Infrastructure,2020-01-29,2020-07-23,3.12,Residential,23,1,0,0,1,166.74,0,Pre-notification,176,11.0,11.0,0,0,0,High,0.748,0
SYN-LA-00618,Punjab,Semi-urban,Railway,2023-10-13,2025-08-18,2.49,Agricultural,6,0,0,0,0,84.9,1,3G award,675,100,100,84.7,67.0,0,Low,0.166,0
SYN-LA-00619,Odisha,Rural,Railway,2019-12-11,2020-03-09,1.46,Agricultural,2,0,0,0,0,33.17,1,Pre-notification,89,0,0,0,0,0,Low,0.148,0
SYN-LA-00620,Punjab,Semi-urban,State Highway,2023-08-30,2024-09-26,11.7,Agricultural,30,1,0,0,0,1187.95,1,3G award,393,100,82.4,54.1,50.8,0,High,0.656,0
SYN-LA-00621,Chhattisgarh,Semi-urban,National Highway,2022-02-12,2023-07-21,2.76,Agricultural,5,0,0,0,0,96.23,1,3D issued,524,88.7,63.7,44.8,25.9,0,Low,0.238,0
SYN-LA-00622,West Bengal,Urban,National Highway,2021-02-16,2022-11-18,20.38,Residential,3,1,0,0,0,1224.5,1,3G award,640,100,98.3,97.9,92.4,1,High,0.731,235
SYN-LA-00623,Uttar Pradesh,Rural,State Highway,2021-03-23,2022-03-10,9.2,Forest,11,1,0,0,0,255.87,1,3A issued,352,50.4,42.0,38.9,20.0,0,Medium,0.616,0
SYN-LA-00624,Odisha,Urban,Urban Infrastructure,2024-12-02,2025-05-30,2.54,Agricultural,9,0,0,0,0,195.1,1,3A issued,179,26.1,0,0,0,0,Low,0.273,0
SYN-LA-00625,Karnataka,Semi-urban,Railway,2019-11-28,2020-10-03,8.22,Agricultural,12,1,1,0,0,443.0,1,3A issued,310,30.4,20.0,0,0,0,High,0.728,0
SYN-LA-00626,West Bengal,Semi-urban,National Highway,2018-03-09,2019-07-28,2.74,Commercial,18,0,1,0,1,196.67,1,3D issued,506,60.4,35.9,3.5,0,0,High,0.739,0
SYN-LA-00627,Chhattisgarh,Urban,Industrial Corridor,2021-07-19,2022-11-20,4.72,Agricultural,3,1,0,0,0,223.54,1,3G award,489,100,100,89.9,73.2,1,Low,0.249,87
SYN-LA-00628,Odisha,Rural,Urban Infrastructure,2024-10-22,2025-04-28,1.6,Agricultural,11,0,1,1,0,101.07,1,Pre-notification,188,4.2,0,0,0,1,High,0.668,195
SYN-LA-00629,West Bengal,Rural,Industrial Corridor,2020-07-03,2021-09-19,5.69,Agricultural,4,1,0,1,0,573.83,1,3D issued,443,69.5,44.1,29.3,4.2,0,High,0.701,0
SYN-LA-00630,Chhattisgarh,Rural,Railway,2021-10-14,2022-09-21,7.49,Agricultural,5,1,0,0,1,374.47,1,3D issued,342,77.6,55.8,50.3,30.1,0,Medium,0.514,0
SYN-LA-00631,Punjab,Rural,Railway,2021-08-06,2022-10-19,7.41,Agricultural,20,1,0,0,1,299.43,0,3D issued,439,76.9,51.6,20.3,7.4,1,High,0.825,275
SYN-LA-00632,Karnataka,Urban,State Highway,2021-03-08,2022-03-27,3.38,Agricultural,6,0,0,0,0,284.88,1,3D issued,384,62.3,40.5,22.0,10.5,0,Low,0.294,0
SYN-LA-00633,Maharashtra,Semi-urban,National Highway,2021-12-25,2023-03-28,0.53,Agricultural,7,0,0,0,0,13.09,1,3G award,458,100,85.4,82.3,79.2,1,Low,0.092,174
SYN-LA-00634,Rajasthan,Semi-urban,State Highway,2024-02-08,2024-06-08,0.93,Agricultural,5,0,0,0,0,79.06,1,3A issued,121,51.4,47.6,36.5,22.6,0,Low,0.119,0
SYN-LA-00635,Punjab,Rural,State Highway,2021-06-21,2021-08-16,9.88,Agricultural,16,1,0,0,0,654.56,1,3A issued,56,16.6,5.6,0,0,1,Medium,0.527,260
SYN-LA-00636,Rajasthan,Semi-urban,Railway,2021-10-21,2022-12-18,3.4,Agricultural,7,1,0,0,0,217.84,1,3D issued,423,100,73.9,66.1,58.3,0,Low,0.214,0
SYN-LA-00637,Uttar Pradesh,Rural,State Highway,2018-10-27,2019-08-05,2.57,Agricultural,11,1,0,0,1,66.3,1,3A issued,282,29.5,5.3,0,0,1,Medium,0.482,235
SYN-LA-00638,Rajasthan,Semi-urban,National Highway,2019-01-07,2019-03-04,0.41,Agricultural,3,0,0,0,0,20.69,0,Pre-notification,56,8.1,0,0,0,0,Low,0.214,0
SYN-LA-00639,Rajasthan,Semi-urban,Industrial Corridor,2019-02-27,2020-03-17,1.88,Agricultural,14,0,0,0,0,62.45,1,3G award,384,87.8,75.0,60.9,35.2,0,Low,0.209,0
SYN-LA-00640,Maharashtra,Urban,Railway,2018-03-06,2019-10-11,5.31,Residential,7,1,0,0,0,400.22,1,3G award,584,100,100,69.7,64.4,0,Low,0.341,0
SYN-LA-00641,Haryana,Urban,National Highway,2024-08-07,2026-07-26,2.6,Agricultural,26,1,1,1,1,41.79,1,3D issued,718,81.2,65.7,60.9,50.0,1,High,0.927,338
SYN-LA-00642,Maharashtra,Urban,State Highway,2024-07-13,2026-02-24,0.81,Residential,7,0,1,0,0,46.82,1,3G award,591,100,90.7,81.9,58.1,0,Low,0.339,0
SYN-LA-00643,Chhattisgarh,Rural,National Highway,2019-09-03,2021-02-15,7.0,Agricultural,15,1,0,0,0,541.18,1,3G award,531,100,87.6,73.8,72.8,1,Medium,0.369,30
SYN-LA-00644,Rajasthan,Rural,Railway,2023-01-15,2023-08-01,2.77,Agricultural,34,1,0,0,0,279.17,1,3A issued,198,30.9,9.5,0,0,1,Medium,0.509,197
SYN-LA-00645,Karnataka,Rural,Urban Infrastructure,2023-08-08,2025-03-19,5.63,Agricultural,14,0,1,0,0,284.52,1,3D issued,589,100,73.6,41.4,19.8,1,Medium,0.624,159
SYN-LA-00646,Rajasthan,Urban,Urban Infrastructure,2024-03-16,2025-02-11,0.73,Commercial,10,0,0,0,1,107.05,1,3A issued,332,54.3,45.5,31.2,29.0,0,Low,0.305,0
SYN-LA-00647,Karnataka,Rural,Industrial Corridor,2019-12-27,2021-05-24,10.18,Agricultural,16,1,0,0,0,279.95,0,3G award,514,100,90.0,43.0,41.1,0,High,0.711,0
SYN-LA-00648,Maharashtra,Rural,Railway,2021-06-05,2022-08-06,1.96,Commercial,14,0,0,0,0,133.34,0,3D issued,427,60.9,32.9,0,0,0,Medium,0.459,0
SYN-LA-00649,Punjab,Urban,Industrial Corridor,2019-08-03,2019-09-04,5.49,Agricultural,6,0,0,0,0,278.61,1,Pre-notification,32,0,0,0,0,0,Low,0.272,0
SYN-LA-00650,Maharashtra,Urban,Urban Infrastructure,2022-08-15,2023-08-08,5.1,Agricultural,8,0,0,0,0,412.0,1,3D issued,358,63.9,61.4,41.3,19.5,0,Low,0.334,0
SYN-LA-00651,Karnataka,Semi-urban,Industrial Corridor,2022-06-30,2023-08-29,1.03,Forest,7,0,0,0,1,42.65,0,3A issued,425,56.2,33.1,0,0,1,Medium,0.581,217
SYN-LA-00652,Punjab,Rural,National Highway,2023-03-28,2024-09-18,4.54,Agricultural,27,1,0,0,0,160.67,1,3G award,540,86.9,80.4,61.4,42.1,1,Medium,0.47,133
SYN-LA-00653,Odisha,Semi-urban,Industrial Corridor,2024-06-19,2024-08-22,3.92,Residential,15,0,0,0,0,338.65,0,Pre-notification,64,2.7,0,0,0,0,Medium,0.408,0
SYN-LA-00654,Punjab,Urban,Urban Infrastructure,2023-04-15,2024-03-28,7.55,Residential,1,1,0,0,1,515.94,1,3A issued,348,42.5,23.7,0,0,1,Medium,0.621,265
SYN-LA-00655,Karnataka,Semi-urban,Industrial Corridor,2022-05-07,2023-06-10,2.21,Agricultural,4,0,0,0,1,231.42,1,3D issued,399,60.3,59.1,39.9,35.1,0,Low,0.247,0
SYN-LA-00656,West Bengal,Urban,Industrial Corridor,2021-12-01,2023-03-31,2.15,Forest,13,1,0,0,0,157.37,1,3G award,485,99.4,91.1,86.9,71.5,0,Low,0.324,0
SYN-LA-00657,Rajasthan,Urban,National Highway,2023-03-29,2023-10-10,5.55,Agricultural,8,0,0,0,0,173.47,1,3A issued,195,35.4,7.5,3.9,0,0,Medium,0.359,0
SYN-LA-00658,Rajasthan,Semi-urban,Urban Infrastructure,2022-05-25,2022-11-01,5.11,Residential,9,0,0,0,0,431.61,1,3A issued,160,33.5,14.4,0.8,0,0,Low,0.289,0
SYN-LA-00659,Odisha,Rural,State Highway,2019-03-13,2019-08-09,2.93,Agricultural,22,1,0,0,0,151.83,1,3A issued,149,19.5,15.9,12.3,9.4,1,Medium,0.364,169
SYN-LA-00660,Uttar Pradesh,Urban,State Highway,2024-04-24,2024-12-30,3.43,Agricultural,16,0,0,0,0,85.88,1,3A issued,250,42.8,36.2,33.2,17.9,1,Low,0.326,179
SYN-LA-00661,Haryana,Semi-urban,State Highway,2021-10-30,2023-05-02,4.42,Agricultural,4,1,0,0,0,292.36,1,3G award,549,100,94.2,71.1,46.1,0,Low,0.28,0
SYN-LA-00662,Uttar Pradesh,Urban,State Highway,2023-03-22,2024-03-14,0.5,Forest,7,0,0,0,0,14.36,1,3G award,358,89.7,83.9,59.9,51.3,1,Low,0.197,155
SYN-LA-00663,Karnataka,Rural,Railway,2021-10-01,2023-03-17,3.73,Residential,5,1,0,0,0,98.74,0,3D issued,532,88.2,54.7,10.0,0,1,Medium,0.554,216
SYN-LA-00664,Haryana,Semi-urban,Railway,2023-06-28,2024-05-04,2.29,Forest,7,0,0,0,0,137.04,0,3D issued,311,77.4,65.2,45.8,44.1,0,Low,0.305,0
SYN-LA-00665,Karnataka,Rural,Urban Infrastructure,2018-09-17,2019-03-09,1.96,Agricultural,13,1,0,0,0,175.94,1,3A issued,173,32.0,20.4,12.5,2.0,0,Low,0.281,0
SYN-LA-00666,Madhya Pradesh,Semi-urban,National Highway,2018-02-23,2018-07-09,1.17,Residential,61,1,1,0,0,59.18,1,3A issued,136,16.0,7.6,0,0,1,High,0.75,323
SYN-LA-00667,Maharashtra,Semi-urban,National Highway,2021-08-02,2022-09-25,4.59,Agricultural,10,0,0,0,1,341.63,1,3D issued,419,65.0,49.7,32.4,8.0,0,Medium,0.47,0
SYN-LA-00668,Uttar Pradesh,Rural,Urban Infrastructure,2024-09-07,2026-05-10,4.45,Agricultural,3,0,0,0,0,296.88,1,3G award,610,100,94.6,93.9,90.5,1,Low,0.148,81
SYN-LA-00669,Haryana,Rural,National Highway,2020-12-09,2022-04-11,0.82,Commercial,24,1,0,0,0,106.45,1,3G award,488,94.1,75.8,64.0,39.2,0,Low,0.323,0
SYN-LA-00670,Haryana,Rural,Railway,2024-03-05,2024-09-09,4.4,Forest,4,0,0,1,0,161.03,1,3A issued,188,23.7,23.7,0,0,0,Medium,0.574,0
SYN-LA-00671,Uttar Pradesh,Urban,Urban Infrastructure,2022-01-10,2023-10-15,2.49,Agricultural,17,1,0,0,1,136.26,1,3G award,643,100,87.7,81.8,59.6,0,Medium,0.518,0
SYN-LA-00672,Punjab,Semi-urban,Railway,2020-08-04,2021-08-26,4.35,Agricultural,20,0,0,0,0,74.25,1,3D issued,387,80.4,63.9,42.6,16.7,0,Medium,0.356,0
SYN-LA-00673,Haryana,Urban,Urban Infrastructure,2022-01-17,2022-10-07,2.17,Commercial,14,0,0,0,0,273.45,1,3D issued,263,86.7,68.6,63.5,49.1,0,Low,0.187,0
SYN-LA-00674,Rajasthan,Rural,State Highway,2021-06-19,2021-10-02,3.0,Agricultural,5,0,1,0,0,247.55,1,Pre-notification,105,8.8,2.0,0,0,0,Medium,0.362,0
SYN-LA-00675,Madhya Pradesh,Semi-urban,Railway,2018-11-20,2019-01-28,2.75,Residential,12,1,0,0,0,66.27,0,3A issued,69,16.7,16.7,0,0,1,Medium,0.415,237
SYN-LA-00676,Uttar Pradesh,Urban,National Highway,2021-03-24,2022-10-22,2.3,Agricultural,4,1,0,0,0,194.07,1,3G award,577,100,100,79.3,72.6,0,Low,0.223,0
SYN-LA-00677,Rajasthan,Semi-urban,Urban Infrastructure,2019-02-19,2019-07-09,1.13,Agricultural,4,0,0,0,0,100.84,1,Pre-notification,140,5.5,5.5,0,0,1,Low,0.16,148
SYN-LA-00678,West Bengal,Semi-urban,Urban Infrastructure,2020-03-19,2021-02-10,5.55,Commercial,28,1,0,0,1,914.68,1,3D issued,328,66.2,63.7,43.2,40.4,1,Medium,0.607,242
SYN-LA-00679,Madhya Pradesh,Rural,National Highway,2023-08-13,2025-05-30,11.81,Residential,12,1,0,0,0,1196.33,1,3G award,656,100,94.7,69.0,44.3,1,Medium,0.638,211
SYN-LA-00680,Haryana,Urban,National Highway,2024-11-07,2025-03-04,4.16,Agricultural,6,1,0,0,0,192.12,1,Pre-notification,117,1.5,0,0,0,0,Low,0.338,0
SYN-LA-00681,Karnataka,Semi-urban,State Highway,2021-03-22,2022-07-11,3.98,Agricultural,9,1,0,0,0,210.37,1,3G award,476,100,100,72.0,70.2,0,Low,0.215,0
SYN-LA-00682,Karnataka,Semi-urban,Urban Infrastructure,2022-06-28,2024-03-09,2.05,Agricultural,2,0,0,1,0,112.99,1,3D issued,620,87.0,64.3,34.8,17.1,0,Medium,0.484,0
SYN-LA-00683,Haryana,Rural,Industrial Corridor,2023-03-27,2024-04-30,2.56,Residential,18,0,0,0,0,59.31,1,3D issued,400,69.9,53.2,30.2,15.3,1,Low,0.302,183
SYN-LA-00684,West Bengal,Rural,Industrial Corridor,2018-02-09,2019-10-07,1.49,Agricultural,7,0,1,0,0,38.15,1,3G award,605,100,97.8,78.3,75.2,0,Low,0.273,0
SYN-LA-00685,Karnataka,Urban,Urban Infrastructure,2021-08-29,2023-07-03,2.51,Agricultural,26,1,0,0,0,137.43,1,3G award,673,100,100,75.3,52.0,0,Medium,0.471,0
SYN-LA-00686,Haryana,Rural,Industrial Corridor,2022-02-25,2023-08-22,2.77,Residential,4,0,0,0,0,224.51,1,3G award,543,100,93.5,76.4,62.0,1,Low,0.15,166
SYN-LA-00687,Madhya Pradesh,Semi-urban,Urban Infrastructure,2024-11-02,2025-02-17,13.04,Agricultural,17,1,0,0,1,305.32,1,Pre-notification,107,3.0,0,0,0,1,High,0.781,253
SYN-LA-00688,Odisha,Semi-urban,Industrial Corridor,2022-10-24,2023-05-09,12.12,Residential,11,1,0,0,1,1190.28,1,3A issued,197,53.0,29.4,16.8,0,1,High,0.752,364
SYN-LA-00689,Madhya Pradesh,Rural,Industrial Corridor,2019-09-12,2020-12-10,20.19,Agricultural,13,1,0,0,0,1666.09,1,3D issued,455,74.2,44.8,34.2,26.1,0,High,0.846,0
SYN-LA-00690,Karnataka,Rural,State Highway,2020-10-13,2021-12-18,0.5,Agricultural,3,0,0,0,0,41.07,0,3G award,431,98.8,82.7,49.1,30.8,1,Low,0.228,137
SYN-LA-00691,West Bengal,Rural,National Highway,2018-01-01,2019-03-04,3.61,Agricultural,14,0,0,0,0,350.05,1,3G award,427,100,84.5,60.0,51.2,0,Low,0.228,0
SYN-LA-00692,Haryana,Semi-urban,Railway,2022-06-22,2024-03-01,1.86,Residential,10,1,0,0,1,83.09,1,3G award,618,100,88.3,73.0,60.7,0,Low,0.347,0
SYN-LA-00693,Haryana,Rural,Industrial Corridor,2018-07-11,2018-12-08,1.6,Residential,6,0,0,0,0,110.56,1,Pre-notification,150,3.4,0,0,0,0,Low,0.175,0
SYN-LA-00694,Rajasthan,Rural,State Highway,2018-01-11,2019-06-12,2.03,Forest,10,0,0,0,0,111.95,1,3G award,517,100,100,83.0,64.3,0,Low,0.212,0
SYN-LA-00695,Odisha,Semi-urban,State Highway,2019-07-26,2020-09-13,9.74,Agricultural,14,1,0,0,0,686.29,0,3A issued,415,48.9,44.7,20.8,19.9,1,High,0.729,233
SYN-LA-00696,West Bengal,Semi-urban,National Highway,2024-06-22,2025-01-25,5.33,Agricultural,18,0,0,0,0,90.33,1,3D issued,217,74.3,60.3,53.7,52.1,0,Low,0.237,0
SYN-LA-00697,Rajasthan,Rural,Industrial Corridor,2024-07-03,2026-04-27,0.96,Agricultural,5,0,0,0,0,20.8,1,3G award,663,100,100,83.3,73.8,0,Low,0.13,0
SYN-LA-00698,Odisha,Semi-urban,Railway,2019-08-04,2021-04-19,4.93,Agricultural,8,0,0,0,0,289.96,1,3G award,624,100,100,69.9,64.9,0,Low,0.238,0
SYN-LA-00699,Odisha,Semi-urban,Industrial Corridor,2019-11-19,2020-12-27,5.79,Agricultural,3,0,0,0,0,518.98,1,3G award,404,100,84.1,55.5,43.4,0,Low,0.223,0
SYN-LA-00700,Madhya Pradesh,Semi-urban,Urban Infrastructure,2020-09-18,2020-12-18,2.23,Agricultural,9,0,0,0,0,80.47,0,Pre-notification,91,0,0,0,0,1,Low,0.307,138
SYN-LA-00701,Chhattisgarh,Urban,Railway,2024-03-28,2024-09-13,18.9,Residential,10,1,1,0,0,384.88,1,Pre-notification,169,0,0,0,0,1,High,0.925,366
SYN-LA-00702,Odisha,Urban,Industrial Corridor,2021-06-25,2022-03-26,5.2,Agricultural,6,0,0,0,0,265.66,1,3A issued,274,36.9,24.5,24.4,8.8,0,Low,0.333,0
SYN-LA-00703,Chhattisgarh,Semi-urban,Urban Infrastructure,2020-08-12,2020-10-22,2.83,Agricultural,2,0,0,0,0,170.45,1,Pre-notification,71,0,0,0,0,1,Low,0.171,211
SYN-LA-00704,Uttar Pradesh,Semi-urban,State Highway,2020-08-22,2022-04-22,3.07,Residential,23,1,0,0,0,115.27,0,3G award,608,100,97.2,61.7,41.3,0,Medium,0.596,0
SYN-LA-00705,Maharashtra,Rural,Railway,2019-10-26,2020-01-21,0.9,Residential,2,0,1,0,0,18.17,1,Pre-notification,87,12.2,0,0,0,0,Low,0.266,0
SYN-LA-00706,Chhattisgarh,Urban,Railway,2020-04-26,2020-07-04,1.26,Agricultural,2,1,0,0,0,26.36,1,3A issued,69,25.6,25.6,7.1,0,1,Low,0.226,137
SYN-LA-00707,West Bengal,Rural,State Highway,2020-07-19,2021-10-01,9.05,Forest,3,1,0,0,0,390.31,1,3D issued,439,90.6,70.1,40.2,22.8,0,Medium,0.562,0
SYN-LA-00708,Karnataka,Urban,National Highway,2020-01-25,2020-10-03,4.95,Residential,12,1,0,0,0,356.3,1,3D issued,252,67.6,37.1,9.6,0,0,Medium,0.458,0
SYN-LA-00709,Haryana,Semi-urban,Railway,2024-09-10,2025-01-16,1.97,Agricultural,9,0,0,0,0,187.28,1,Pre-notification,128,9.5,9.5,1.2,0,0,Low,0.194,0
SYN-LA-00710,Karnataka,Semi-urban,Railway,2019-12-15,2021-11-19,25.82,Forest,8,1,0,0,0,2192.52,1,3G award,705,100,94.0,93.4,91.2,1,High,0.788,191
SYN-LA-00711,Madhya Pradesh,Rural,Railway,2022-03-25,2022-06-16,1.11,Forest,6,0,0,0,0,96.23,1,3A issued,83,36.7,36.7,8.9,7.5,1,Low,0.188,147
SYN-LA-00712,Chhattisgarh,Urban,State Highway,2024-12-07,2025-07-04,1.32,Forest,10,0,0,0,0,135.96,0,3A issued,209,28.6,24.8,0,0,1,Medium,0.477,193
SYN-LA-00713,Punjab,Rural,Urban Infrastructure,2020-08-24,2021-08-17,0.6,Commercial,1,1,0,0,0,99.61,1,3A issued,358,59.6,43.3,25.2,1.3,0,Low,0.217,0
SYN-LA-00714,Rajasthan,Rural,State Highway,2023-08-13,2024-08-21,8.6,Residential,8,1,0,0,0,684.32,1,3D issued,374,87.2,66.8,51.1,28.6,0,Medium,0.451,0
SYN-LA-00715,West Bengal,Semi-urban,State Highway,2023-05-17,2024-07-13,1.1,Commercial,9,0,0,0,0,167.39,1,3G award,423,84.1,76.6,74.7,61.8,0,Low,0.13,0
SYN-LA-00716,Madhya Pradesh,Rural,Railway,2020-12-07,2021-09-02,2.4,Agricultural,8,0,0,0,1,160.59,1,Pre-notification,269,10.4,9.6,3.7,0,0,Low,0.35,0
SYN-LA-00717,Uttar Pradesh,Rural,Urban Infrastructure,2018-09-18,2019-08-12,32.95,Commercial,2,1,0,0,0,4071.38,1,3D issued,328,61.2,35.8,17.4,11.0,0,High,0.803,0
SYN-LA-00718,West Bengal,Rural,State Highway,2023-10-18,2024-04-16,1.26,Agricultural,24,1,0,0,1,24.36,1,3A issued,181,37.6,37.6,23.9,23.7,1,Medium,0.427,183
SYN-LA-00719,Uttar Pradesh,Semi-urban,Urban Infrastructure,2022-12-29,2024-05-27,9.07,Agricultural,10,1,0,0,0,839.21,1,3G award,515,100,100,92.8,86.9,0,Low,0.349,0
SYN-LA-00720,Karnataka,Urban,Railway,2019-11-08,2020-05-04,4.13,Agricultural,14,0,0,0,0,391.24,1,3A issued,178,23.4,17.0,0,0,0,Low,0.342,0
SYN-LA-00721,Chhattisgarh,Semi-urban,Urban Infrastructure,2022-03-18,2023-03-04,13.04,Agricultural,12,1,0,0,0,242.67,1,3G award,351,100,81.9,56.4,49.1,1,Medium,0.566,188
SYN-LA-00722,Maharashtra,Urban,National Highway,2024-06-26,2025-10-01,1.14,Forest,18,1,0,0,0,20.44,1,3G award,462,100,95.3,82.6,70.6,0,Low,0.315,0
SYN-LA-00723,Rajasthan,Urban,National Highway,2022-08-08,2022-11-21,4.63,Forest,3,0,0,0,0,84.52,1,Pre-notification,105,8.0,0,0,0,1,Low,0.339,179
SYN-LA-00724,Haryana,Urban,Industrial Corridor,2020-05-06,2022-02-08,3.27,Residential,33,1,1,0,1,322.71,1,3G award,643,100,98.2,74.2,72.6,1,High,0.791,274
SYN-LA-00725,Uttar Pradesh,Urban,National Highway,2022-03-10,2022-05-28,1.3,Commercial,19,0,0,0,1,123.51,1,Pre-notification,79,6.8,0,0,0,0,Medium,0.41,0
SYN-LA-00726,Madhya Pradesh,Urban,Industrial Corridor,2019-07-29,2020-09-14,1.1,Agricultural,19,0,0,0,0,69.98,1,3G award,413,93.7,79.3,53.4,36.4,1,Low,0.263,114
SYN-LA-00727,Odisha,Rural,Railway,2021-08-19,2023-07-11,2.84,Commercial,8,0,0,0,0,187.53,1,3G award,691,100,100,97.8,94.7,0,Low,0.145,0
SYN-LA-00728,Uttar Pradesh,Urban,Urban Infrastructure,2019-11-05,2020-06-08,1.7,Agricultural,25,1,1,1,0,62.57,0,Pre-notification,216,11.1,6.2,0,0,1,High,0.922,249
SYN-LA-00729,Chhattisgarh,Rural,State Highway,2019-03-20,2020-05-09,9.07,Agricultural,15,1,1,0,0,664.58,1,3D issued,416,71.0,58.4,54.7,36.6,0,High,0.718,0
SYN-LA-00730,Karnataka,Rural,Urban Infrastructure,2024-05-09,2024-11-30,0.76,Forest,8,0,0,0,0,21.19,1,3A issued,205,32.7,32.7,6.5,4.7,0,Low,0.222,0
SYN-LA-00731,West Bengal,Rural,Railway,2020-01-09,2020-11-23,0.78,Residential,6,0,0,0,0,67.52,1,3D issued,319,70.7,57.5,26.4,5.1,0,Low,0.196,0
SYN-LA-00732,West Bengal,Semi-urban,National Highway,2019-06-15,2020-09-04,2.48,Commercial,7,0,0,0,0,411.07,1,3G award,447,100,84.2,60.2,35.7,0,Low,0.201,0
SYN-LA-00733,West Bengal,Semi-urban,National Highway,2020-09-01,2021-02-16,3.43,Agricultural,15,0,0,0,0,97.43,1,3A issued,168,35.1,31.0,10.3,10.2,1,Low,0.264,138
SYN-LA-00734,Madhya Pradesh,Rural,Railway,2019-07-04,2021-06-18,2.83,Commercial,2,0,0,0,0,205.53,1,3G award,715,100,92.8,86.1,80.2,0,Low,0.144,0
SYN-LA-00735,Punjab,Urban,National Highway,2021-07-13,2023-04-19,1.4,Agricultural,13,0,0,0,0,52.38,1,3G award,645,100,100,88.2,69.2,0,Low,0.204,0
SYN-LA-00736,Punjab,Semi-urban,Industrial Corridor,2020-01-09,2021-04-13,10.32,Agricultural,14,1,0,0,0,771.45,1,3G award,460,100,93.8,78.0,68.8,0,Medium,0.436,0
SYN-LA-00737,Uttar Pradesh,Rural,National Highway,2020-04-04,2021-07-10,2.07,Agricultural,6,0,0,0,0,71.35,1,3D issued,462,100,72.2,39.7,18.2,0,Low,0.233,0
SYN-LA-00738,West Bengal,Urban,State Highway,2019-07-31,2019-08-30,1.82,Agricultural,4,0,0,0,0,63.96,1,Pre-notification,30,10.9,6.0,3.3,0,0,Low,0.188,0
SYN-LA-00739,Odisha,Rural,State Highway,2024-02-01,2024-10-06,12.42,Agricultural,7,1,0,0,0,1074.52,1,3A issued,248,37.4,34.7,9.8,0,1,Medium,0.629,199
SYN-LA-00740,Rajasthan,Urban,Industrial Corridor,2021-04-22,2021-08-14,1.06,Residential,8,0,0,0,0,20.3,1,3A issued,114,22.3,22.3,9.4,0,0,Low,0.209,0
SYN-LA-00741,Haryana,Urban,Urban Infrastructure,2022-07-09,2022-11-16,2.55,Agricultural,27,1,0,0,0,214.79,1,3A issued,130,25.0,11.7,9.4,4.3,1,Medium,0.449,219
SYN-LA-00742,Odisha,Urban,State Highway,2021-01-10,2022-08-29,1.64,Agricultural,17,0,0,0,1,142.73,1,3G award,596,100,100,69.7,69.6,1,Medium,0.351,113
SYN-LA-00743,Maharashtra,Semi-urban,State Highway,2019-11-01,2021-04-09,13.27,Commercial,8,1,0,0,1,1019.2,1,3D issued,525,80.1,62.7,33.4,11.3,1,High,0.813,225
SYN-LA-00744,Chhattisgarh,Semi-urban,Urban Infrastructure,2022-10-12,2023-03-19,2.23,Agricultural,5,1,0,0,0,218.67,0,3A issued,158,20.0,0,0,0,1,Medium,0.383,198
SYN-LA-00745,West Bengal,Semi-urban,Urban Infrastructure,2020-04-29,2020-07-06,9.27,Forest,28,1,0,1,0,964.12,0,Pre-notification,68,0,0,0,0,1,High,0.935,366
SYN-LA-00746,Chhattisgarh,Rural,Urban Infrastructure,2024-08-28,2025-12-20,4.63,Forest,15,0,0,0,0,150.54,1,3D issued,479,100,74.5,62.1,54.3,0,Low,0.339,0
SYN-LA-00747,Madhya Pradesh,Urban,Railway,2022-04-21,2022-08-26,11.28,Agricultural,5,1,0,0,0,517.5,1,Pre-notification,127,7.0,7.0,0,0,1,Medium,0.578,214
SYN-LA-00748,Rajasthan,Urban,State Highway,2022-08-18,2023-06-21,4.12,Agricultural,18,0,0,0,0,354.06,1,3D issued,307,70.8,59.7,40.4,35.1,1,Low,0.32,204
SYN-LA-00749,Punjab,Semi-urban,Industrial Corridor,2022-07-12,2024-06-05,5.09,Agricultural,34,1,1,0,1,114.1,1,3G award,694,100,100,77.2,58.9,0,High,0.833,0
SYN-LA-00750,Rajasthan,Semi-urban,National Highway,2019-05-13,2021-02-20,2.16,Agricultural,6,0,0,0,0,178.16,0,3G award,649,100,100,77.8,68.2,1,Low,0.265,162
SYN-LA-00751,Rajasthan,Rural,Railway,2024-02-03,2025-02-18,4.24,Agricultural,20,1,0,0,0,170.13,1,3D issued,381,70.1,54.7,24.4,6.9,0,Medium,0.482,0
SYN-LA-00752,Haryana,Semi-urban,National Highway,2021-12-25,2022-11-17,1.46,Agricultural,4,1,0,0,0,125.37,1,3D issued,327,81.2,51.2,41.3,23.8,0,Low,0.201,0
SYN-LA-00753,Rajasthan,Urban,State Highway,2022-07-06,2023-11-20,4.64,Residential,9,0,0,0,0,435.65,1,3D issued,502,100,73.7,50.8,35.1,1,Low,0.331,158
SYN-LA-00754,Karnataka,Rural,Industrial Corridor,2022-04-22,2023-03-27,0.82,Agricultural,13,1,0,0,1,26.39,1,3A issued,339,29.6,21.3,8.9,3.1,1,Medium,0.424,187
SYN-LA-00755,Odisha,Urban,Industrial Corridor,2023-01-31,2024-02-03,3.14,Agricultural,5,0,0,0,0,284.38,1,3D issued,368,74.5,59.1,51.9,35.3,0,Low,0.223,0
SYN-LA-00756,Odisha,Rural,Industrial Corridor,2023-11-08,2025-03-08,3.47,Agricultural,7,0,0,0,0,233.13,1,3D issued,486,100,70.9,58.4,55.2,0,Low,0.186,0
SYN-LA-00757,Odisha,Rural,Urban Infrastructure,2021-04-09,2022-08-23,1.32,Agricultural,3,0,0,0,0,123.11,1,3G award,501,100,100,96.5,72.5,1,Low,0.106,127
SYN-LA-00758,Odisha,Semi-urban,National Highway,2018-06-23,2019-06-18,9.43,Agricultural,13,1,0,0,0,157.59,1,3D issued,360,92.8,53.0,28.7,10.5,1,Medium,0.584,239
SYN-LA-00759,Karnataka,Semi-urban,Industrial Corridor,2022-07-20,2023-06-02,18.83,Agricultural,4,1,0,0,0,1883.74,1,3A issued,317,35.0,24.9,7.6,1.4,1,High,0.791,256
SYN-LA-00760,Punjab,Semi-urban,National Highway,2020-07-22,2021-02-17,4.52,Agricultural,34,1,0,0,0,178.2,0,Pre-notification,210,10.1,3.3,0,0,1,High,0.698,220
SYN-LA-00761,Punjab,Rural,Industrial Corridor,2019-03-08,2020-12-15,3.23,Agricultural,8,0,0,0,1,248.92,1,3G award,648,100,100,87.0,82.5,0,Low,0.242,0
SYN-LA-00762,Odisha,Semi-urban,National Highway,2024-10-15,2025-09-13,1.69,Agricultural,6,0,0,0,1,69.58,1,3A issued,333,39.4,22.4,1.5,0.3,0,Low,0.341,0
SYN-LA-00763,Madhya Pradesh,Semi-urban,Urban Infrastructure,2021-01-13,2022-05-05,3.73,Forest,18,0,0,0,0,312.75,1,3G award,477,100,94.8,76.8,72.8,1,Low,0.269,186
SYN-LA-00764,Chhattisgarh,Semi-urban,Industrial Corridor,2018-08-25,2020-05-01,0.44,Agricultural,11,0,0,0,0,32.31,1,3G award,615,100,98.1,96.0,86.7,0,Low,0.12,0
SYN-LA-00765,Odisha,Urban,Railway,2018-10-26,2018-12-10,1.63,Agricultural,7,0,0,0,0,146.22,1,3A issued,45,19.8,15.8,0,0,0,Low,0.201,0
SYN-LA-00766,Haryana,Semi-urban,Industrial Corridor,2023-01-31,2023-06-10,3.16,Agricultural,7,0,0,0,0,61.99,1,3A issued,130,32.0,18.2,0,0,0,Low,0.21,0
SYN-LA-00767,Rajasthan,Rural,Urban Infrastructure,2018-10-01,2018-11-01,6.2,Agricultural,15,1,0,0,0,258.96,1,Pre-notification,31,0,0,0,0,1,Medium,0.401,111
SYN-LA-00768,Uttar Pradesh,Semi-urban,Industrial Corridor,2022-04-20,2023-07-25,1.44,Agricultural,11,1,0,0,1,134.89,1,3G award,461,100,86.2,66.1,59.5,1,Low,0.311,164
SYN-LA-00769,Madhya Pradesh,Urban,Urban Infrastructure,2019-11-20,2021-07-17,1.41,Agricultural,4,0,0,0,0,73.62,1,3G award,605,100,100,96.3,84.6,0,Low,0.13,0
SYN-LA-00770,Odisha,Urban,Urban Infrastructure,2019-08-02,2021-01-13,4.29,Agricultural,13,0,0,0,0,69.79,1,3D issued,530,89.5,61.2,42.9,30.6,1,Medium,0.378,166
SYN-LA-00771,Punjab,Semi-urban,Railway,2023-04-19,2023-09-29,6.81,Agricultural,14,1,0,0,0,515.08,1,3A issued,163,54.3,35.2,27.3,5.2,0,Medium,0.424,0
SYN-LA-00772,Punjab,Urban,State Highway,2023-04-13,2024-09-11,0.98,Agricultural,26,1,0,0,1,42.26,1,3G award,517,81.5,76.3,64.4,56.5,0,Medium,0.478,0
SYN-LA-00773,Haryana,Semi-urban,Industrial Corridor,2019-09-04,2021-04-04,9.51,Residential,5,1,0,0,0,575.81,1,3G award,578,98.8,75.9,62.9,49.7,0,Medium,0.45,0
SYN-LA-00774,Rajasthan,Urban,National Highway,2019-12-28,2020-05-12,11.11,Forest,7,1,0,0,0,854.43,1,3A issued,136,41.0,28.1,8.1,7.4,1,High,0.657,253
SYN-LA-00775,Chhattisgarh,Rural,Railway,2018-04-23,2019-04-10,1.91,Agricultural,6,0,0,1,0,181.9,1,3A issued,352,54.0,46.1,30.7,9.9,0,Medium,0.459,0
SYN-LA-00776,Rajasthan,Semi-urban,Industrial Corridor,2022-01-17,2022-09-09,1.85,Agricultural,4,0,0,0,0,39.8,1,3A issued,235,23.5,10.5,8.6,0,0,Low,0.195,0
SYN-LA-00777,Madhya Pradesh,Rural,Urban Infrastructure,2024-10-29,2026-04-03,3.87,Residential,24,1,0,0,0,74.33,1,3G award,521,100,94.4,87.6,86.7,1,Low,0.285,154
SYN-LA-00778,West Bengal,Urban,Railway,2020-05-17,2022-02-23,1.62,Agricultural,10,0,0,0,1,123.59,1,3G award,647,100,88.8,87.8,75.2,0,Low,0.3,0
SYN-LA-00779,Odisha,Urban,State Highway,2021-03-21,2022-04-27,10.79,Residential,11,1,0,0,0,950.32,1,3G award,402,89.6,86.3,81.7,78.9,0,Medium,0.451,0
SYN-LA-00780,Punjab,Rural,Railway,2023-03-18,2023-10-29,2.03,Commercial,6,0,0,0,0,337.87,1,3A issued,225,58.7,53.5,28.9,19.1,0,Low,0.156,0
SYN-LA-00781,Punjab,Urban,Urban Infrastructure,2022-03-29,2023-04-26,5.74,Residential,6,1,0,0,0,454.55,1,3D issued,393,84.0,71.8,48.0,46.8,0,Low,0.325,0
SYN-LA-00782,Chhattisgarh,Semi-urban,Industrial Corridor,2021-06-29,2022-05-31,3.75,Forest,11,0,0,0,0,274.6,1,3A issued,336,49.4,44.6,14.9,7.5,0,Medium,0.38,0
SYN-LA-00783,West Bengal,Urban,Urban Infrastructure,2020-09-15,2021-02-22,2.26,Agricultural,13,0,1,0,0,77.07,1,Pre-notification,160,0,0,0,0,0,Medium,0.49,0
SYN-LA-00784,Uttar Pradesh,Semi-urban,National Highway,2018-01-29,2019-07-20,0.79,Forest,17,1,0,0,0,78.23,0,3D issued,537,91.0,57.1,9.1,0,0,High,0.664,0
SYN-LA-00785,Haryana,Rural,Urban Infrastructure,2020-12-16,2022-04-30,0.89,Agricultural,20,0,0,0,0,53.01,1,3D issued,500,100,69.8,57.6,51.3,1,Low,0.205,103
SYN-LA-00786,Uttar Pradesh,Urban,Urban Infrastructure,2018-04-04,2019-04-24,6.54,Agricultural,11,1,1,0,0,666.32,0,3A issued,385,59.7,41.8,23.2,18.4,1,High,0.822,259
SYN-LA-00787,Uttar Pradesh,Semi-urban,Industrial Corridor,2018-11-18,2019-04-22,11.26,Agricultural,12,1,0,0,0,1169.7,1,Pre-notification,155,3.8,3.8,0,0,1,Medium,0.606,151
SYN-LA-00788,Madhya Pradesh,Rural,Railway,2021-05-29,2023-02-13,2.3,Agricultural,2,1,0,0,0,183.63,0,3D issued,625,100,71.2,27.3,25.9,0,Medium,0.43,0
SYN-LA-00789,Punjab,Semi-urban,Industrial Corridor,2020-06-16,2021-05-10,3.25,Agricultural,10,0,0,0,0,105.95,1,3D issued,328,65.1,51.7,43.5,34.4,0,Low,0.192,0
SYN-LA-00790,Odisha,Urban,Urban Infrastructure,2024-12-21,2026-05-04,0.92,Agricultural,2,0,0,0,0,80.66,0,3G award,499,100,88.9,55.7,48.5,0,Low,0.263,0
SYN-LA-00791,Chhattisgarh,Rural,National Highway,2022-05-24,2023-02-26,4.07,Agricultural,54,1,1,0,1,294.97,0,Pre-notification,278,10.7,0,0,0,1,High,0.95,329
SYN-LA-00792,Uttar Pradesh,Semi-urban,State Highway,2022-04-24,2024-02-11,11.67,Agricultural,4,1,0,0,0,633.45,1,3G award,658,100,94.5,76.6,57.0,1,Medium,0.541,220
SYN-LA-00793,Karnataka,Rural,Railway,2020-03-02,2020-05-22,1.23,Forest,14,0,0,1,0,104.04,1,Pre-notification,81,4.0,2.5,0,0,1,Medium,0.506,195
SYN-LA-00794,Madhya Pradesh,Urban,National Highway,2018-05-06,2019-04-05,2.09,Agricultural,2,0,0,0,0,212.71,1,3D issued,334,69.3,57.3,38.4,13.4,0,Low,0.217,0
SYN-LA-00795,Uttar Pradesh,Urban,State Highway,2022-07-06,2023-08-19,4.29,Agricultural,10,0,0,0,1,370.42,1,3D issued,409,74.5,66.6,66.0,63.5,0,Low,0.342,0
SYN-LA-00796,Haryana,Semi-urban,National Highway,2018-07-15,2019-03-24,3.71,Agricultural,3,0,0,0,0,270.16,1,3D issued,252,87.3,53.4,42.3,40.0,0,Low,0.146,0
SYN-LA-00797,Madhya Pradesh,Semi-urban,National Highway,2022-08-27,2023-07-11,1.81,Agricultural,5,0,0,0,0,126.24,0,3D issued,318,74.8,48.5,4.7,0,0,Low,0.337,0
SYN-LA-00798,Maharashtra,Urban,State Highway,2018-01-09,2018-08-09,1.4,Agricultural,10,0,0,0,0,118.25,0,3A issued,212,32.8,26.8,3.6,0,1,Medium,0.386,74
SYN-LA-00799,West Bengal,Semi-urban,National Highway,2018-05-27,2020-04-18,7.91,Agricultural,11,1,0,0,0,624.73,1,3G award,692,100,92.3,79.6,68.5,0,Medium,0.441,0
SYN-LA-00800,Punjab,Urban,Railway,2023-10-26,2025-09-25,2.73,Agricultural,9,0,0,0,0,242.9,1,3G award,700,100,100,76.8,64.8,0,Low,0.237,0
SYN-LA-00801,Karnataka,Urban,Urban Infrastructure,2021-01-19,2021-12-23,4.72,Agricultural,11,0,0,0,0,215.74,1,3D issued,338,76.2,66.9,42.9,20.3,0,Low,0.327,0
SYN-LA-00802,Uttar Pradesh,Urban,Urban Infrastructure,2024-11-19,2026-03-13,2.14,Agricultural,9,0,0,0,0,177.6,1,3D issued,479,76.1,49.7,17.1,15.3,0,Low,0.316,0
SYN-LA-00803,Rajasthan,Urban,State Highway,2019-08-27,2021-04-19,6.74,Agricultural,37,1,1,1,0,411.08,1,3D issued,601,63.5,34.6,24.7,0,1,High,0.971,267
SYN-LA-00804,Uttar Pradesh,Rural,Railway,2023-09-20,2024-04-29,2.22,Agricultural,6,0,0,0,0,160.75,1,3A issued,222,41.5,41.5,24.5,7.9,0,Low,0.2,0
SYN-LA-00805,Uttar Pradesh,Semi-urban,Railway,2022-05-01,2023-09-11,0.97,Agricultural,2,0,0,0,0,50.07,1,3G award,498,100,82.8,82.6,81.5,1,Low,0.09,120
SYN-LA-00806,Maharashtra,Rural,State Highway,2024-10-21,2026-04-08,3.49,Agricultural,10,1,0,0,0,158.64,1,3G award,534,100,100,72.6,55.5,0,Low,0.269,0
SYN-LA-00807,Chhattisgarh,Urban,Railway,2023-02-03,2024-01-12,23.93,Agricultural,4,1,0,0,0,948.29,1,3D issued,343,75.2,59.0,30.7,29.6,1,High,0.812,281
SYN-LA-00808,Madhya Pradesh,Semi-urban,Industrial Corridor,2021-04-13,2021-11-24,4.94,Residential,11,0,0,0,0,315.68,1,3A issued,225,51.2,37.5,18.8,13.9,1,Low,0.273,225
SYN-LA-00809,Maharashtra,Semi-urban,Railway,2019-08-23,2021-01-03,1.47,Agricultural,5,0,0,0,0,144.3,1,3G award,499,100,95.6,68.8,45.8,0,Low,0.154,0
SYN-LA-00810,Haryana,Semi-urban,Urban Infrastructure,2019-10-13,2021-02-27,1.07,Residential,19,0,0,0,0,90.73,1,3G award,503,91.4,77.6,60.0,48.6,1,Low,0.211,122
SYN-LA-00811,Maharashtra,Urban,National Highway,2023-07-29,2023-09-27,11.29,Residential,14,1,0,0,1,820.5,1,Pre-notification,60,0,0,0,0,0,High,0.75,0
SYN-LA-00812,Haryana,Urban,Industrial Corridor,2024-08-02,2025-02-02,2.98,Agricultural,18,0,0,0,1,88.16,1,3A issued,184,21.8,10.7,0,0,0,Medium,0.478,0
SYN-LA-00813,Maharashtra,Semi-urban,National Highway,2021-11-19,2023-08-14,3.51,Residential,72,1,0,0,1,324.06,0,3G award,633,100,77.9,43.0,23.7,1,High,0.898,351
SYN-LA-00814,Odisha,Rural,Industrial Corridor,2018-09-15,2019-11-15,3.34,Agricultural,4,0,0,0,0,94.26,1,3D issued,426,71.5,39.3,14.3,0,0,Low,0.286,0
SYN-LA-00815,West Bengal,Semi-urban,State Highway,2022-12-28,2024-05-25,5.27,Agricultural,9,0,0,0,0,132.1,1,3G award,514,100,92.7,63.9,40.6,0,Low,0.292,0
SYN-LA-00816,Odisha,Rural,State Highway,2021-09-04,2022-07-02,5.06,Commercial,19,1,0,0,1,642.19,1,3D issued,301,62.9,51.8,34.5,20.4,1,Medium,0.567,223
SYN-LA-00817,Rajasthan,Rural,State Highway,2023-11-10,2024-05-27,3.04,Agricultural,7,0,0,0,0,172.86,1,3A issued,199,17.1,10.9,0,0,0,Low,0.231,0
SYN-LA-00818,Madhya Pradesh,Semi-urban,Industrial Corridor,2022-03-02,2024-02-04,2.03,Forest,12,0,0,0,1,213.13,1,3G award,704,100,94.4,93.0,90.2,1,Low,0.312,143
SYN-LA-00819,Maharashtra,Rural,Urban Infrastructure,2021-09-12,2021-11-17,1.76,Agricultural,1,0,0,0,0,138.9,1,3A issued,66,23.4,19.3,5.8,0,0,Low,0.141,0
SYN-LA-00820,West Bengal,Semi-urban,Railway,2023-06-22,2024-12-16,3.34,Residential,3,0,1,0,0,116.81,0,3G award,543,100,79.5,51.7,37.9,1,Medium,0.546,191
SYN-LA-00821,West Bengal,Rural,Industrial Corridor,2023-12-24,2025-07-27,15.46,Agricultural,1,1,0,0,0,1455.57,1,3D issued,581,89.4,72.3,51.6,29.3,1,High,0.701,261
SYN-LA-00822,Haryana,Semi-urban,Urban Infrastructure,2023-10-25,2025-04-01,1.39,Agricultural,5,0,0,0,1,123.53,1,3D issued,524,62.3,47.8,23.1,15.0,0,Low,0.331,0
SYN-LA-00823,Maharashtra,Semi-urban,National Highway,2022-08-15,2024-01-16,1.08,Agricultural,4,0,0,0,0,57.68,1,3G award,519,100,86.2,54.9,37.7,0,Low,0.161,0
SYN-LA-00824,Haryana,Urban,Railway,2024-01-28,2025-08-17,6.34,Forest,8,1,0,0,0,217.72,1,3G award,567,96.8,85.7,57.7,49.4,0,Medium,0.509,0
SYN-LA-00825,Madhya Pradesh,Urban,National Highway,2019-11-21,2020-06-20,5.46,Agricultural,8,0,0,0,0,327.16,1,3A issued,212,46.9,34.6,12.1,3.0,1,Low,0.345,188
SYN-LA-00826,Odisha,Semi-urban,Urban Infrastructure,2022-11-15,2023-09-17,0.81,Agricultural,11,0,0,0,0,56.74,1,3D issued,306,68.5,49.8,21.5,16.0,0,Low,0.194,0
SYN-LA-00827,Rajasthan,Urban,National Highway,2019-10-14,2019-12-05,1.28,Agricultural,8,0,0,0,0,45.96,1,Pre-notification,52,6.2,1.9,0,0,1,Low,0.199,38
SYN-LA-00828,Punjab,Semi-urban,State Highway,2022-07-14,2022-10-14,3.67,Commercial,5,0,1,0,0,499.27,1,Pre-notification,92,11.4,1.8,0,0,0,Medium,0.36,0
SYN-LA-00829,Maharashtra,Rural,Railway,2021-12-04,2023-04-08,3.31,Agricultural,4,1,0,0,0,173.05,1,3G award,490,100,100,78.7,69.8,0,Low,0.183,0
SYN-LA-00830,Uttar Pradesh,Semi-urban,State Highway,2022-09-03,2022-11-24,1.17,Commercial,37,1,0,0,0,201.76,1,Pre-notification,82,0,0,0,0,0,Medium,0.446,0
SYN-LA-00831,Punjab,Urban,National Highway,2019-01-27,2019-12-20,6.95,Agricultural,7,1,1,1,0,225.27,1,3A issued,327,21.0,10.6,7.1,0,1,High,0.881,243
SYN-LA-00832,Uttar Pradesh,Rural,Industrial Corridor,2022-09-12,2023-01-09,10.17,Residential,26,1,0,0,0,336.25,1,Pre-notification,119,0,0,0,0,0,High,0.671,0
SYN-LA-00833,Karnataka,Semi-urban,Railway,2018-03-08,2019-02-26,1.47,Agricultural,6,0,0,0,1,147.05,1,3D issued,355,79.2,47.3,33.3,17.3,1,Low,0.276,178
SYN-LA-00834,Rajasthan,Urban,Urban Infrastructure,2022-09-19,2024-06-11,5.83,Residential,17,0,0,0,1,355.39,1,3G award,631,100,100,99.0,87.2,1,Medium,0.442,261
SYN-LA-00835,Madhya Pradesh,Semi-urban,National Highway,2024-12-19,2025-06-26,10.07,Forest,22,1,0,0,0,166.56,1,3A issued,189,18.4,11.9,0,0,1,High,0.72,221
SYN-LA-00836,Uttar Pradesh,Urban,Urban Infrastructure,2020-02-17,2021-06-14,3.18,Agricultural,6,0,0,0,0,233.51,1,3D issued,483,84.9,67.6,41.5,39.9,0,Low,0.256,0
SYN-LA-00837,Rajasthan,Rural,Urban Infrastructure,2020-03-10,2020-04-20,3.93,Agricultural,3,0,0,0,0,116.79,0,Pre-notification,41,0,0,0,0,0,Low,0.303,0
SYN-LA-00838,Madhya Pradesh,Urban,State Highway,2018-05-07,2019-05-17,2.86,Agricultural,7,0,0,0,0,120.62,1,3G award,375,96.7,82.7,56.1,44.1,1,Low,0.203,138
SYN-LA-00839,Chhattisgarh,Rural,Industrial Corridor,2021-11-23,2023-09-09,1.4,Agricultural,4,1,0,1,0,56.08,1,3G award,655,100,85.4,59.2,42.3,0,Medium,0.507,0
SYN-LA-00840,Rajasthan,Semi-urban,State Highway,2018-01-18,2020-01-07,1.5,Agricultural,22,1,0,0,1,75.84,1,3G award,719,100,100,78.2,61.8,1,Medium,0.478,111
SYN-LA-00841,Odisha,Urban,National Highway,2018-12-27,2020-01-22,2.15,Residential,7,1,0,0,0,54.59,1,3D issued,391,60.8,36.8,34.4,30.1,0,Low,0.293,0
SYN-LA-00842,Haryana,Urban,Urban Infrastructure,2024-07-13,2025-09-13,2.89,Forest,7,0,0,0,0,177.58,1,3D issued,427,70.4,56.3,51.8,37.0,1,Low,0.3,196
SYN-LA-00843,Rajasthan,Rural,Railway,2020-11-28,2022-06-01,1.3,Residential,7,0,0,0,1,63.21,1,3G award,550,100,97.4,78.1,69.0,1,Low,0.21,140
SYN-LA-00844,Karnataka,Rural,Railway,2023-12-17,2025-07-20,0.97,Residential,2,1,0,0,0,49.44,0,3D issued,581,93.8,63.6,23.2,4.2,1,Medium,0.435,194
SYN-LA-00845,Chhattisgarh,Urban,Railway,2018-04-21,2019-08-14,25.36,Agricultural,6,1,0,0,0,1403.19,1,3G award,480,100,81.0,50.5,34.3,1,High,0.842,283
SYN-LA-00846,Maharashtra,Urban,State Highway,2021-04-01,2021-12-08,3.19,Residential,22,1,0,0,1,214.94,1,3A issued,251,53.5,38.2,18.7,0,1,Medium,0.63,205
SYN-LA-00847,West Bengal,Semi-urban,Railway,2022-10-02,2023-03-18,4.1,Agricultural,18,0,0,0,0,247.88,0,3A issued,167,29.9,10.4,0,0,1,Medium,0.484,208
SYN-LA-00848,Karnataka,Rural,National Highway,2020-05-28,2021-01-10,3.07,Agricultural,21,1,0,0,0,115.72,0,3A issued,227,46.2,15.7,0,0,1,Medium,0.556,210
SYN-LA-00849,Karnataka,Semi-urban,National Highway,2022-08-19,2024-02-20,1.0,Agricultural,12,0,0,0,0,21.04,1,3G award,550,100,95.1,91.6,83.9,0,Low,0.117,0
SYN-LA-00850,Odisha,Semi-urban,Industrial Corridor,2020-11-27,2022-09-28,1.45,Agricultural,8,0,0,0,0,128.82,1,3G award,670,100,100,87.5,86.6,0,Low,0.132,0
SYN-LA-00851,Maharashtra,Rural,State Highway,2022-02-04,2023-11-09,7.08,Agricultural,12,1,0,0,0,153.31,1,3G award,643,100,100,73.9,53.5,1,Medium,0.442,192
SYN-LA-00852,Uttar Pradesh,Rural,State Highway,2021-07-01,2023-03-30,2.7,Agricultural,22,1,0,0,0,279.1,1,3G award,637,100,100,71.3,68.3,0,Low,0.342,0
SYN-LA-00853,Punjab,Rural,Industrial Corridor,2024-02-28,2025-03-29,3.44,Agricultural,8,0,0,0,0,194.87,1,3G award,395,100,93.7,76.7,59.8,1,Low,0.15,84
SYN-LA-00854,Odisha,Semi-urban,Railway,2022-11-26,2023-04-15,3.48,Residential,18,0,1,0,0,217.55,1,Pre-notification,140,0,0,0,0,0,Medium,0.504,0
SYN-LA-00855,Maharashtra,Semi-urban,National Highway,2020-10-30,2022-01-16,6.95,Commercial,19,1,0,0,0,634.58,1,3G award,443,79.9,79.9,73.7,71.2,1,Medium,0.365,189
SYN-LA-00856,Karnataka,Rural,National Highway,2019-07-22,2021-04-15,1.78,Residential,14,1,1,0,1,41.39,1,3G award,633,100,87.7,67.2,42.0,1,Medium,0.648,177
SYN-LA-00857,Rajasthan,Rural,Urban Infrastructure,2023-11-19,2025-05-06,6.95,Residential,10,1,0,0,0,150.48,1,3G award,534,100,95.7,86.4,66.8,0,Low,0.343,0
SYN-LA-00858,Uttar Pradesh,Urban,Industrial Corridor,2019-06-20,2020-01-19,6.8,Agricultural,10,1,0,0,0,635.04,0,Pre-notification,213,13.6,13.6,0,0,0,High,0.664,0
SYN-LA-00859,Haryana,Semi-urban,Urban Infrastructure,2023-10-06,2025-05-17,4.55,Agricultural,19,0,0,0,0,303.5,1,3G award,589,100,91.0,89.3,78.4,0,Low,0.246,0
SYN-LA-00860,Punjab,Urban,Urban Infrastructure,2019-10-17,2021-08-15,1.5,Forest,5,1,0,0,0,47.82,1,3G award,668,100,100,70.8,58.5,0,Low,0.318,0
SYN-LA-00861,Punjab,Urban,Industrial Corridor,2023-07-06,2023-11-24,10.16,Agricultural,11,1,0,0,1,197.1,1,Pre-notification,141,5.2,5.2,4.9,1.8,0,High,0.706,0
SYN-LA-00862,Uttar Pradesh,Urban,State Highway,2019-10-10,2020-07-04,1.47,Agricultural,4,0,0,0,0,49.64,1,3A issued,268,49.3,34.1,27.1,7.0,0,Low,0.224,0
SYN-LA-00863,Maharashtra,Urban,Industrial Corridor,2018-05-18,2018-08-06,1.04,Forest,24,1,0,0,1,68.22,1,3A issued,80,16.4,14.7,1.6,0,0,Medium,0.598,0
SYN-LA-00864,Haryana,Urban,Railway,2021-10-10,2022-05-31,22.82,Residential,23,1,0,0,1,1227.61,1,3A issued,233,43.3,19.1,0,0,1,High,0.947,227
SYN-LA-00865,Chhattisgarh,Urban,National Highway,2021-09-16,2021-10-17,3.72,Commercial,12,0,0,0,0,366.29,1,Pre-notification,31,2.9,2.9,0,0,1,Low,0.284,66
SYN-LA-00866,Uttar Pradesh,Semi-urban,Urban Infrastructure,2018-12-09,2019-05-16,3.77,Forest,8,0,0,0,0,81.22,0,3A issued,158,30.5,15.1,0,0,0,Medium,0.471,0
SYN-LA-00867,Karnataka,Urban,Railway,2020-04-20,2021-09-28,0.51,Agricultural,4,0,0,0,0,26.2,0,3D issued,526,66.9,44.8,6.5,0,1,Medium,0.409,237
SYN-LA-00868,Uttar Pradesh,Urban,Urban Infrastructure,2021-11-28,2022-02-21,3.64,Agricultural,16,0,0,0,0,375.72,1,3A issued,85,40.2,15.5,8.8,0,1,Low,0.333,153
SYN-LA-00869,Madhya Pradesh,Urban,Urban Infrastructure,2023-08-31,2023-12-19,5.25,Residential,6,0,1,1,0,309.24,1,Pre-notification,110,0,0,0,0,1,High,0.754,208
SYN-LA-00870,Karnataka,Rural,State Highway,2023-05-27,2024-06-04,5.5,Residential,30,1,0,0,0,450.21,1,3A issued,374,49.0,34.5,14.3,10.4,0,Medium,0.583,0
SYN-LA-00871,Rajasthan,Urban,Urban Infrastructure,2022-05-09,2023-01-08,1.09,Agricultural,10,1,1,1,0,95.43,1,3A issued,244,16.9,0,0,0,1,High,0.775,237
SYN-LA-00872,Rajasthan,Rural,State Highway,2022-04-07,2023-01-04,4.23,Forest,5,0,0,0,0,68.84,0,3A issued,272,42.6,34.7,0,0,0,Medium,0.494,0
SYN-LA-00873,Odisha,Urban,Industrial Corridor,2024-03-16,2025-05-14,6.41,Agricultural,4,1,0,0,0,388.71,1,3A issued,424,57.1,45.9,24.0,11.9,1,Medium,0.479,149
SYN-LA-00874,Punjab,Semi-urban,State Highway,2018-04-16,2018-10-03,7.57,Agricultural,4,1,0,0,0,206.2,1,3A issued,170,59.0,30.6,15.1,0,0,Medium,0.386,0
SYN-LA-00875,Rajasthan,Semi-urban,National Highway,2022-05-07,2023-08-17,5.33,Forest,6,1,1,0,1,512.31,1,3D issued,467,85.9,72.1,60.2,44.6,1,High,0.722,209
SYN-LA-00876,Uttar Pradesh,Semi-urban,State Highway,2018-01-07,2019-04-18,1.36,Residential,8,0,0,0,0,50.16,0,3D issued,466,69.6,52.7,14.3,8.9,1,Medium,0.386,158
SYN-LA-00877,Karnataka,Rural,Industrial Corridor,2018-03-15,2020-02-14,1.35,Agricultural,12,0,1,1,0,46.66,1,3D issued,701,87.7,65.9,44.9,24.1,0,High,0.743,0
SYN-LA-00878,Rajasthan,Semi-urban,Industrial Corridor,2024-11-08,2025-10-20,6.83,Agricultural,2,1,0,0,0,626.18,1,3D issued,346,76.0,54.3,41.8,27.7,0,Low,0.336,0
SYN-LA-00879,Rajasthan,Semi-urban,State Highway,2023-12-02,2025-08-18,6.74,Residential,10,1,0,0,0,216.72,0,3G award,625,100,75.5,50.9,33.6,1,Medium,0.632,265
SYN-LA-00880,Haryana,Urban,Railway,2023-10-18,2024-07-13,7.3,Agricultural,9,1,0,0,0,474.13,1,3D issued,269,76.7,67.7,59.7,54.9,0,Low,0.339,0
SYN-LA-00881,Punjab,Rural,Industrial Corridor,2018-08-25,2020-06-06,2.07,Residential,17,1,0,0,0,128.54,1,3G award,651,100,95.9,87.3,81.4,0,Low,0.232,0
SYN-LA-00882,Madhya Pradesh,Urban,Railway,2019-04-02,2019-07-05,4.35,Agricultural,5,0,0,0,0,343.63,1,Pre-notification,94,7.3,7.3,0,0,0,Low,0.262,0
SYN-LA-00883,Odisha,Rural,Urban Infrastructure,2020-09-16,2021-11-22,2.49,Agricultural,23,1,0,0,1,164.17,1,3G award,432,86.0,83.5,73.0,52.2,0,Medium,0.45,0
SYN-LA-00884,Chhattisgarh,Urban,National Highway,2023-01-10,2024-07-07,2.6,Commercial,23,1,0,0,0,160.77,1,3G award,544,100,85.1,77.3,55.0,0,Medium,0.41,0
SYN-LA-00885,Chhattisgarh,Urban,State Highway,2022-07-03,2023-08-09,1.3,Agricultural,9,0,0,0,0,76.18,1,3D issued,402,90.2,60.2,49.6,26.5,0,Low,0.235,0
SYN-LA-00886,Haryana,Urban,Industrial Corridor,2022-07-25,2022-10-08,6.78,Residential,3,1,0,0,1,131.1,1,Pre-notification,75,0,0,0,0,0,Medium,0.522,0
SYN-LA-00887,Karnataka,Semi-urban,Urban Infrastructure,2021-06-11,2022-08-21,6.35,Agricultural,15,1,0,0,0,480.36,1,3D issued,436,86.1,67.5,61.8,61.8,0,Low,0.332,0
SYN-LA-00888,West Bengal,Semi-urban,Railway,2019-03-09,2019-06-22,1.53,Residential,2,0,0,0,0,115.12,1,Pre-notification,105,8.0,0.9,0,0,0,Low,0.155,0
SYN-LA-00889,West Bengal,Semi-urban,National Highway,2020-05-01,2020-06-28,1.76,Agricultural,15,0,0,0,1,76.23,1,Pre-notification,58,5.2,0,0,0,0,Low,0.327,0
SYN-LA-00890,Odisha,Rural,Urban Infrastructure,2018-12-08,2020-01-11,2.84,Residential,23,1,1,0,0,191.63,0,Pre-notification,399,0,0,0,0,1,High,0.809,293
SYN-LA-00891,Odisha,Urban,Urban Infrastructure,2023-03-27,2023-08-07,7.48,Residential,4,1,0,0,0,543.29,1,3A issued,133,33.4,33.4,21.2,11.9,1,Medium,0.409,220
SYN-LA-00892,Chhattisgarh,Semi-urban,Urban Infrastructure,2019-03-06,2020-06-13,1.81,Agricultural,5,0,0,0,0,141.58,1,3G award,465,100,83.3,63.1,48.0,0,Low,0.155,0
SYN-LA-00893,Odisha,Rural,National Highway,2021-10-26,2023-09-22,1.48,Residential,8,0,0,0,0,94.38,0,3G award,696,100,97.2,57.6,44.0,0,Low,0.349,0
SYN-LA-00894,Maharashtra,Urban,National Highway,2024-03-02,2025-02-21,1.05,Residential,8,1,0,1,0,93.18,1,Pre-notification,356,5.7,2.9,0,0,0,Medium,0.613,0
SYN-LA-00895,Rajasthan,Rural,National Highway,2024-06-15,2024-10-02,1.79,Agricultural,16,0,0,0,0,175.8,1,Pre-notification,109,11.6,9.4,0,0,1,Low,0.232,155
SYN-LA-00896,Rajasthan,Rural,Industrial Corridor,2020-11-04,2021-04-10,2.07,Residential,28,1,0,0,0,157.55,1,3A issued,157,22.9,22.9,9.6,0,0,Medium,0.417,0
SYN-LA-00897,Haryana,Rural,Industrial Corridor,2019-10-17,2021-09-06,3.53,Forest,15,1,1,1,0,104.12,1,3D issued,690,100,70.4,54.5,27.9,1,High,0.891,276
SYN-LA-00898,Maharashtra,Semi-urban,Industrial Corridor,2022-01-14,2022-07-28,0.87,Forest,5,0,0,0,0,21.71,1,3D issued,195,62.6,36.8,12.8,0,0,Low,0.223,0
SYN-LA-00899,West Bengal,Rural,National Highway,2022-10-20,2023-05-04,3.76,Agricultural,13,0,0,0,0,192.27,1,3D issued,196,75.6,47.3,45.3,21.1,0,Low,0.239,0
SYN-LA-00900,West Bengal,Urban,Railway,2018-11-20,2019-03-26,3.51,Forest,3,1,0,0,0,92.75,1,Pre-notification,126,14.3,10.3,0,0,0,Medium,0.393,0
SYN-LA-00901,Madhya Pradesh,Semi-urban,Industrial Corridor,2024-01-16,2025-09-15,2.6,Residential,15,0,0,0,1,271.05,1,3G award,608,100,98.5,84.4,72.9,0,Low,0.297,0
SYN-LA-00902,Odisha,Rural,Railway,2024-03-05,2025-08-29,6.32,Agricultural,2,1,0,0,0,352.59,1,3D issued,542,81.3,69.4,54.4,29.7,0,Medium,0.383,0
SYN-LA-00903,Uttar Pradesh,Semi-urban,Railway,2022-10-23,2023-03-19,3.04,Agricultural,3,0,0,0,0,285.54,1,Pre-notification,147,12.1,7.4,0,0,0,Low,0.201,0
SYN-LA-00904,West Bengal,Urban,Railway,2019-05-13,2020-11-16,2.24,Residential,43,1,0,0,0,145.58,0,3G award,553,100,98.5,68.3,57.2,0,High,0.71,0
SYN-LA-00905,West Bengal,Semi-urban,Urban Infrastructure,2019-04-01,2019-06-28,3.11,Agricultural,1,0,0,0,0,112.47,1,3A issued,88,39.7,30.4,9.1,0.6,0,Low,0.176,0
SYN-LA-00906,Haryana,Semi-urban,State Highway,2021-08-05,2022-01-06,7.23,Agricultural,4,1,0,0,0,740.39,1,3A issued,154,39.8,33.6,24.4,11.1,0,Low,0.342,0
SYN-LA-00907,Maharashtra,Rural,Railway,2022-08-07,2024-05-18,5.61,Forest,24,1,1,0,0,372.12,1,3D issued,650,86.8,56.5,30.1,4.3,1,High,0.868,295
SYN-LA-00908,Haryana,Semi-urban,National Highway,2024-03-05,2024-05-04,0.31,Agricultural,17,0,0,0,1,5.85,1,Pre-notification,60,0,0,0,0,0,Low,0.285,0
SYN-LA-00909,Punjab,Urban,Urban Infrastructure,2024-05-27,2025-08-23,1.41,Agricultural,21,1,0,0,0,145.71,1,3G award,453,94.9,84.6,70.1,49.0,0,Low,0.32,0
SYN-LA-00910,Karnataka,Semi-urban,State Highway,2021-10-12,2023-04-15,4.05,Commercial,27,1,0,0,1,524.84,1,3G award,550,100,94.2,77.0,70.4,0,Medium,0.503,0
SYN-LA-00911,Karnataka,Urban,Urban Infrastructure,2023-04-21,2025-01-07,3.38,Agricultural,10,1,0,0,0,217.04,1,3G award,627,100,100,89.6,84.2,1,Low,0.254,283
SYN-LA-00912,Rajasthan,Urban,National Highway,2024-09-20,2025-02-28,4.6,Commercial,4,0,0,0,0,400.33,1,3A issued,161,31.0,25.6,22.7,2.4,0,Low,0.281,0
SYN-LA-00913,Odisha,Urban,State Highway,2023-03-06,2024-12-16,2.93,Residential,5,0,0,0,1,183.03,1,3G award,651,100,93.5,74.4,71.1,1,Low,0.311,155
SYN-LA-00914,Madhya Pradesh,Rural,State Highway,2019-09-20,2020-03-10,2.44,Residential,30,1,0,0,1,117.34,1,Pre-notification,172,0.9,0,0,0,0,Medium,0.584,0
SYN-LA-00915,Uttar Pradesh,Rural,Industrial Corridor,2021-11-06,2023-07-01,1.48,Agricultural,14,1,0,0,0,122.84,1,3G award,602,100,100,71.2,64.3,0,Low,0.25,0
SYN-LA-00916,West Bengal,Urban,Industrial Corridor,2024-11-03,2025-02-21,5.75,Agricultural,40,1,0,0,1,188.1,1,3A issued,110,16.7,5.8,3.1,0,1,High,0.796,225
SYN-LA-00917,Karnataka,Rural,Industrial Corridor,2020-08-10,2021-01-30,7.07,Forest,10,1,0,1,0,721.44,1,Pre-notification,173,1.7,0,0,0,1,High,0.763,269
SYN-LA-00918,Karnataka,Urban,State Highway,2023-01-12,2024-01-15,7.0,Residential,13,1,0,0,0,192.01,1,3A issued,368,46.1,32.9,4.1,0,1,Medium,0.581,216
SYN-LA-00919,Odisha,Urban,Urban Infrastructure,2023-03-03,2023-07-29,10.76,Agricultural,9,1,0,0,0,884.95,1,3D issued,148,63.1,38.0,17.6,0,1,Medium,0.611,218
SYN-LA-00920,Chhattisgarh,Urban,Industrial Corridor,2018-10-20,2019-04-12,1.12,Residential,11,0,0,1,0,114.61,1,Pre-notification,174,7.9,7.9,0,0,0,Medium,0.503,0
SYN-LA-00921,Odisha,Semi-urban,Railway,2018-11-01,2020-10-18,0.99,Agricultural,2,0,0,0,0,33.68,0,3G award,717,100,84.6,55.5,46.9,0,Low,0.286,0
SYN-LA-00922,Rajasthan,Urban,State Highway,2022-01-21,2023-07-04,4.95,Agricultural,8,0,1,0,0,282.12,1,3D issued,529,80.5,52.8,29.2,19.0,0,Medium,0.604,0
SYN-LA-00923,Chhattisgarh,Urban,National Highway,2021-09-22,2022-10-13,1.37,Agricultural,10,0,1,0,1,45.86,1,3A issued,386,28.3,0.2,0,0,0,High,0.65,0
SYN-LA-00924,Odisha,Urban,State Highway,2020-09-16,2022-03-30,4.91,Forest,11,0,0,0,0,107.91,1,3D issued,560,87.5,71.2,49.7,37.8,0,Medium,0.453,0
SYN-LA-00925,Maharashtra,Urban,State Highway,2020-03-21,2020-10-17,1.56,Residential,4,1,0,0,0,81.55,0,3A issued,210,48.7,44.6,0,0,0,Medium,0.419,0
SYN-LA-00926,Punjab,Urban,State Highway,2024-03-06,2025-04-19,1.46,Commercial,8,0,0,0,1,57.44,1,3G award,409,100.0,77.7,60.4,39.7,0,Low,0.287,0
SYN-LA-00927,West Bengal,Rural,State Highway,2021-01-20,2022-09-02,0.67,Commercial,11,1,0,0,0,95.97,1,3G award,590,100,84.7,54.5,32.2,0,Low,0.29,0
SYN-LA-00928,Punjab,Urban,Industrial Corridor,2020-04-22,2020-12-30,4.8,Commercial,6,0,0,0,0,569.25,1,Pre-notification,252,13.7,6.7,2.8,0,0,Low,0.321,0
SYN-LA-00929,Uttar Pradesh,Rural,National Highway,2021-07-08,2022-07-03,3.94,Agricultural,5,0,0,0,0,380.32,1,3D issued,360,90.9,70.3,64.5,50.7,0,Low,0.172,0
SYN-LA-00930,Rajasthan,Rural,State Highway,2020-09-14,2021-11-24,2.57,Residential,20,0,0,0,1,154.67,0,3A issued,436,47.9,44.1,0,0,1,High,0.673,200
SYN-LA-00931,Madhya Pradesh,Urban,Urban Infrastructure,2022-05-24,2022-09-18,1.87,Commercial,8,1,0,0,0,82.4,1,3A issued,117,45.0,26.4,17.8,3.7,1,Low,0.276,171
SYN-LA-00932,Odisha,Semi-urban,Urban Infrastructure,2024-12-04,2026-04-07,1.41,Forest,16,0,1,1,1,127.09,1,Pre-notification,489,0.1,0.1,0,0,1,High,0.901,356
SYN-LA-00933,West Bengal,Urban,Railway,2018-07-21,2019-03-15,1.43,Commercial,5,0,0,0,0,188.83,1,3D issued,237,88.8,67.3,45.9,27.0,0,Low,0.175,0
SYN-LA-00934,West Bengal,Semi-urban,National Highway,2020-02-14,2021-06-20,2.22,Forest,17,1,0,0,0,232.09,0,3D issued,492,80.4,71.4,46.2,34.5,1,Medium,0.58,217
SYN-LA-00935,Maharashtra,Semi-urban,Urban Infrastructure,2018-05-15,2019-01-21,4.58,Agricultural,10,0,0,0,0,241.72,1,3D issued,251,74.1,53.0,43.3,38.9,0,Low,0.203,0
SYN-LA-00936,Maharashtra,Urban,Industrial Corridor,2019-09-08,2021-07-22,3.65,Agricultural,6,0,0,0,1,160.1,1,3G award,683,100,99.2,81.5,80.6,1,Low,0.316,74
SYN-LA-00937,Odisha,Semi-urban,State Highway,2020-10-20,2021-06-30,12.04,Agricultural,17,1,0,0,0,648.09,1,3A issued,253,27.4,17.0,12.7,0,1,High,0.696,290
SYN-LA-00938,Chhattisgarh,Semi-urban,Urban Infrastructure,2022-09-20,2023-08-13,2.59,Agricultural,7,0,0,0,0,116.68,1,3A issued,327,58.0,57.0,49.6,38.7,0,Low,0.169,0
SYN-LA-00939,Madhya Pradesh,Rural,State Highway,2023-05-03,2024-02-03,3.57,Agricultural,5,0,0,0,0,271.69,1,3A issued,276,35.3,34.8,32.0,25.4,0,Low,0.187,0
SYN-LA-00940,Karnataka,Rural,Industrial Corridor,2022-10-24,2023-01-04,1.46,Residential,11,0,0,0,1,109.03,1,Pre-notification,72,0.6,0,0,0,1,Low,0.274,113
SYN-LA-00941,Haryana,Semi-urban,Urban Infrastructure,2024-09-15,2025-09-11,1.0,Agricultural,7,0,0,0,0,49.68,1,3A issued,361,49.0,37.7,25.4,11.0,0,Low,0.192,0
SYN-LA-00942,Maharashtra,Urban,State Highway,2019-10-07,2021-04-23,4.41,Agricultural,1,0,0,0,0,283.93,1,3G award,564,100,92.5,61.5,51.5,0,Low,0.236,0
SYN-LA-00943,Punjab,Urban,Urban Infrastructure,2021-09-15,2023-06-26,2.63,Forest,9,0,0,0,0,254.37,1,3G award,649,100,100,99.0,92.0,1,Low,0.216,141
SYN-LA-00944,Haryana,Semi-urban,Urban Infrastructure,2019-06-12,2020-01-02,5.61,Residential,37,1,0,0,1,445.15,1,3A issued,204,50.2,22.7,0,0,1,High,0.744,311
SYN-LA-00945,Haryana,Rural,State Highway,2022-05-06,2023-07-14,9.67,Agricultural,5,1,0,0,0,682.3,1,3D issued,434,86.8,70.7,43.1,20.5,0,Medium,0.503,0
SYN-LA-00946,Chhattisgarh,Semi-urban,National Highway,2022-12-02,2024-07-23,4.02,Agricultural,7,0,0,0,0,271.73,1,3G award,599,100,94.1,88.2,71.2,0,Low,0.191,0
SYN-LA-00947,West Bengal,Rural,Railway,2021-06-04,2021-11-08,3.86,Agricultural,11,0,0,0,0,68.9,1,3A issued,157,23.1,23.1,0,0,0,Low,0.273,0
SYN-LA-00948,Haryana,Rural,Urban Infrastructure,2018-07-31,2019-08-22,1.31,Forest,11,0,0,0,0,39.0,1,3A issued,387,54.5,41.9,18.0,0,0,Low,0.329,0
SYN-LA-00949,Haryana,Semi-urban,Railway,2019-05-19,2019-06-22,2.24,Agricultural,6,0,0,0,0,227.28,1,3A issued,34,23.8,20.0,12.9,6.0,0,Low,0.152,0
SYN-LA-00950,Maharashtra,Rural,Industrial Corridor,2019-03-05,2020-07-17,0.61,Agricultural,6,1,0,0,0,10.18,1,3G award,500,100,100,94.3,68.5,0,Low,0.145,0
SYN-LA-00951,Uttar Pradesh,Urban,Industrial Corridor,2021-04-08,2022-09-22,9.1,Agricultural,12,1,0,0,0,832.23,1,3G award,532,100,82.3,79.1,57.9,1,Medium,0.53,205
SYN-LA-00952,West Bengal,Urban,Railway,2021-01-20,2021-07-01,20.37,Agricultural,13,1,0,0,1,1867.12,1,3A issued,162,25.4,9.2,0.9,0,1,High,0.923,301
SYN-LA-00953,Punjab,Urban,Railway,2021-01-17,2022-10-27,0.81,Agricultural,9,1,0,0,0,70.58,1,3G award,648,100,100,81.1,59.8,0,Low,0.247,0
SYN-LA-00954,Madhya Pradesh,Rural,National Highway,2019-02-28,2020-03-20,3.64,Agricultural,1,0,0,0,1,242.1,1,3D issued,386,63.5,37.3,15.6,8.2,0,Low,0.347,0
SYN-LA-00955,Uttar Pradesh,Urban,State Highway,2020-10-24,2022-06-02,2.84,Agricultural,3,0,0,0,1,133.64,0,3D issued,586,95.3,57.9,39.2,21.1,1,Medium,0.593,219
SYN-LA-00956,Karnataka,Semi-urban,State Highway,2024-11-08,2025-09-25,3.42,Agricultural,5,0,0,0,0,169.41,1,3G award,321,86.8,85.4,59.7,37.0,0,Low,0.166,0
SYN-LA-00957,Rajasthan,Rural,State Highway,2020-08-23,2020-11-21,1.9,Forest,15,0,0,0,0,104.05,1,3A issued,90,40.7,15.6,10.5,0.4,1,Low,0.289,165
SYN-LA-00958,Uttar Pradesh,Semi-urban,State Highway,2020-01-02,2020-05-17,7.8,Agricultural,28,1,0,1,0,580.39,1,Pre-notification,136,2.9,0,0,0,0,High,0.831,0
SYN-LA-00959,Karnataka,Rural,Railway,2018-02-17,2018-05-31,3.26,Commercial,17,0,0,0,0,220.69,1,3A issued,103,38.1,26.7,19.4,19.1,0,Low,0.216,0
SYN-LA-00960,Punjab,Urban,Railway,2024-06-02,2024-11-11,7.45,Agricultural,6,1,0,0,0,393.47,1,Pre-notification,162,12.8,11.8,0,0,0,Medium,0.454,0
SYN-LA-00961,West Bengal,Semi-urban,State Highway,2024-09-22,2025-12-25,1.87,Residential,13,0,0,0,1,122.92,1,3D issued,459,87.6,64.7,52.9,34.4,0,Low,0.342,0
SYN-LA-00962,Punjab,Semi-urban,Railway,2020-11-13,2021-09-10,2.62,Commercial,1,0,0,1,0,246.23,0,Pre-notification,301,0,0,0,0,1,Medium,0.585,262
SYN-LA-00963,Karnataka,Rural,Urban Infrastructure,2019-01-21,2019-03-28,19.09,Forest,4,1,1,0,0,1200.5,1,Pre-notification,66,10.5,0,0,0,1,High,0.901,298
SYN-LA-00964,West Bengal,Urban,Industrial Corridor,2020-07-11,2021-02-16,1.9,Agricultural,4,0,0,1,1,159.95,1,Pre-notification,220,0,0,0,0,1,Medium,0.626,211
SYN-LA-00965,Maharashtra,Rural,Industrial Corridor,2020-11-23,2022-04-05,1.73,Residential,11,0,0,0,0,151.11,1,3D issued,498,77.2,60.3,54.0,47.1,0,Low,0.186,0
SYN-LA-00966,Haryana,Semi-urban,State Highway,2021-03-03,2021-05-29,6.1,Commercial,18,1,0,0,0,1022.98,1,Pre-notification,87,0,0,0,0,1,Medium,0.434,169
SYN-LA-00967,Punjab,Urban,Industrial Corridor,2019-02-07,2020-08-19,4.96,Agricultural,10,0,0,0,0,385.75,1,3G award,559,100,100,84.1,61.3,0,Low,0.272,0
SYN-LA-00968,Haryana,Urban,National Highway,2023-08-16,2025-02-25,1.17,Agricultural,3,0,0,0,0,71.39,1,3G award,559,100,94.8,64.9,44.1,0,Low,0.185,0
SYN-LA-00969,West Bengal,Rural,National Highway,2021-06-05,2022-09-30,2.81,Commercial,16,0,1,0,0,483.91,1,3D issued,482,60.7,57.4,38.0,23.1,1,Medium,0.516,287
SYN-LA-00970,Chhattisgarh,Rural,Railway,2018-11-14,2019-01-24,3.13,Agricultural,16,0,0,0,1,190.28,0,Pre-notification,71,2.5,0,0,0,0,Medium,0.534,0
SYN-LA-00971,Maharashtra,Urban,Industrial Corridor,2019-01-21,2019-12-21,2.28,Forest,23,1,0,0,0,216.99,1,3A issued,334,44.8,44.8,38.1,26.9,1,Medium,0.495,225
SYN-LA-00972,Odisha,Urban,Railway,2022-01-09,2022-06-14,2.3,Residential,12,0,0,0,0,60.26,1,3A issued,156,37.7,23.1,2.8,0,0,Low,0.28,0
SYN-LA-00973,Haryana,Semi-urban,Railway,2019-09-06,2020-09-08,2.33,Agricultural,16,0,0,0,1,223.49,1,3A issued,368,47.8,39.5,8.7,5.8,0,Medium,0.427,0
SYN-LA-00974,Madhya Pradesh,Rural,Industrial Corridor,2018-01-15,2018-07-27,1.79,Agricultural,3,0,0,0,0,122.84,1,3A issued,193,43.1,37.5,26.0,17.2,0,Low,0.142,0
SYN-LA-00975,Karnataka,Semi-urban,State Highway,2021-12-30,2022-02-07,2.39,Agricultural,4,0,0,0,0,75.77,1,Pre-notification,39,7.0,0,0,0,0,Low,0.155,0
SYN-LA-00976,Karnataka,Urban,National Highway,2023-04-23,2025-04-12,2.06,Agricultural,12,0,0,0,0,201.87,1,3G award,720,100,100,85.0,74.8,0,Low,0.223,0
SYN-LA-00977,Odisha,Urban,Urban Infrastructure,2021-01-09,2021-07-19,8.51,Agricultural,18,1,0,0,0,644.87,1,3A issued,191,42.2,42.2,9.3,6.4,0,Medium,0.605,0
SYN-LA-00978,Madhya Pradesh,Semi-urban,Railway,2021-01-25,2022-01-18,6.49,Commercial,13,1,0,0,0,510.85,1,3G award,358,96.0,77.3,56.5,51.2,1,Low,0.335,126
SYN-LA-00979,Haryana,Urban,Railway,2019-04-02,2019-10-30,2.56,Agricultural,10,1,0,0,1,135.97,1,3A issued,211,34.5,20.5,18.8,1.3,0,Medium,0.482,0
SYN-LA-00980,Chhattisgarh,Urban,Industrial Corridor,2020-10-09,2021-03-14,2.21,Agricultural,2,1,0,0,0,207.98,0,Pre-notification,156,9.5,0,0,0,1,Medium,0.414,209
SYN-LA-00981,Punjab,Urban,State Highway,2020-05-18,2021-07-25,2.44,Agricultural,10,1,0,0,0,100.08,1,3D issued,433,86.6,70.6,62.4,58.0,0,Low,0.24,0
SYN-LA-00982,West Bengal,Semi-urban,National Highway,2022-11-17,2023-02-15,6.68,Agricultural,15,1,0,0,0,411.95,1,Pre-notification,90,5.8,0,0,0,0,Medium,0.447,0
SYN-LA-00983,Punjab,Rural,Railway,2019-08-29,2020-08-13,4.52,Agricultural,4,0,0,0,0,183.15,1,3D issued,350,62.5,52.8,37.9,23.9,0,Low,0.216,0
SYN-LA-00984,Karnataka,Urban,Industrial Corridor,2021-03-04,2022-01-28,6.09,Agricultural,24,1,0,0,0,104.81,1,3D issued,330,74.8,50.5,43.2,39.6,0,Medium,0.493,0
SYN-LA-00985,Maharashtra,Rural,State Highway,2018-11-25,2019-06-19,4.62,Agricultural,4,1,0,0,1,417.45,1,Pre-notification,206,11.5,11.5,0,0,0,Medium,0.449,0
SYN-LA-00986,Uttar Pradesh,Rural,National Highway,2019-12-29,2021-08-20,5.3,Residential,6,0,1,0,0,509.04,1,3D issued,600,95.9,62.1,35.8,31.0,0,Medium,0.534,0
SYN-LA-00987,Madhya Pradesh,Urban,Industrial Corridor,2023-07-13,2023-08-31,5.27,Agricultural,4,0,0,0,0,323.34,1,Pre-notification,49,9.3,0,0,0,0,Low,0.267,0
SYN-LA-00988,Haryana,Rural,Industrial Corridor,2019-04-22,2020-07-09,2.11,Residential,3,1,0,0,1,178.65,1,3D issued,444,77.4,59.7,29.9,19.6,1,Medium,0.371,139
SYN-LA-00989,Madhya Pradesh,Semi-urban,State Highway,2021-01-20,2022-12-03,9.25,Agricultural,10,1,0,0,0,368.08,1,3G award,682,100,100,99.6,86.0,0,Medium,0.4,0
SYN-LA-00990,Madhya Pradesh,Rural,Railway,2019-12-11,2020-04-17,3.78,Residential,15,0,0,0,1,348.92,0,Pre-notification,128,8.2,0,0,0,0,Medium,0.556,0
SYN-LA-00991,Madhya Pradesh,Urban,Industrial Corridor,2022-05-21,2023-03-11,1.15,Agricultural,10,0,0,0,0,85.23,1,3A issued,294,29.2,23.5,16.1,2.8,0,Low,0.26,0
SYN-LA-00992,Karnataka,Rural,Industrial Corridor,2023-05-08,2024-07-16,1.49,Agricultural,14,0,0,0,0,102.71,1,3G award,435,100,75.8,49.1,47.8,1,Low,0.175,144
SYN-LA-00993,Chhattisgarh,Rural,Industrial Corridor,2021-04-29,2022-01-05,5.58,Agricultural,14,0,0,0,0,139.13,1,3A issued,251,43.6,30.5,22.7,19.6,0,Low,0.315,0
SYN-LA-00994,Punjab,Rural,Urban Infrastructure,2018-04-29,2019-03-28,2.14,Residential,45,1,0,0,1,214.43,1,3D issued,333,63.7,47.9,23.0,18.3,1,High,0.681,305
SYN-LA-00995,Rajasthan,Rural,State Highway,2024-05-23,2025-03-30,0.61,Forest,14,0,1,1,0,41.93,1,3A issued,311,23.1,12.3,6.6,0,1,High,0.767,241
SYN-LA-00996,Rajasthan,Rural,Railway,2019-06-18,2019-12-21,1.14,Residential,11,0,0,0,1,112.35,0,Pre-notification,186,12.2,12.2,0,0,1,Medium,0.458,117
SYN-LA-00997,Madhya Pradesh,Semi-urban,Urban Infrastructure,2019-03-16,2021-01-27,73.01,Residential,12,1,0,0,1,2726.44,1,3G award,683,100,76.6,68.1,44.1,0,High,0.91,0
SYN-LA-00998,Chhattisgarh,Semi-urban,Railway,2019-09-14,2020-11-19,6.48,Agricultural,9,1,0,0,1,615.98,0,3A issued,432,29.8,24.0,0,0,0,High,0.774,0
SYN-LA-00999,Chhattisgarh,Urban,National Highway,2019-07-23,2020-09-19,3.6,Residential,39,1,1,1,0,133.45,1,3A issued,424,31.5,12.6,0,0,1,High,0.948,280
SYN-LA-01000,Karnataka,Urban,Railway,2019-06-18,2020-01-30,1.43,Forest,10,0,0,0,0,148.95,1,3A issued,226,36.6,36.6,16.5,13.2,1,Low,0.282,78
SYN-LA-01001,Punjab,Rural,State Highway,2023-07-01,2024-07-26,2.79,Agricultural,1,0,0,0,0,124.69,1,3D issued,391,93.1,73.9,73.4,68.1,1,Low,0.101,121
SYN-LA-01002,Uttar Pradesh,Semi-urban,National Highway,2024-01-16,2024-05-15,5.16,Agricultural,12,0,0,1,0,182.97,1,Pre-notification,120,9.5,8.7,0,0,0,Medium,0.577,0
SYN-LA-01003,Karnataka,Urban,National Highway,2019-06-27,2020-05-18,1.03,Agricultural,14,0,0,0,0,74.15,1,3D issued,326,78.2,54.0,52.7,37.2,0,Low,0.2,0
SYN-LA-01004,Odisha,Urban,Industrial Corridor,2024-11-15,2025-06-04,0.67,Agricultural,4,0,0,0,0,55.82,1,3A issued,201,38.9,27.5,11.4,8.1,1,Low,0.183,140
SYN-LA-01005,Punjab,Urban,Urban Infrastructure,2022-09-03,2023-10-22,4.38,Forest,13,0,0,0,0,152.76,1,3D issued,414,75.6,55.1,49.6,24.3,0,Medium,0.423,0
SYN-LA-01006,Uttar Pradesh,Semi-urban,Industrial Corridor,2019-05-16,2020-01-19,2.81,Forest,7,1,0,0,0,185.17,1,3A issued,248,50.2,24.4,24.1,7.0,0,Medium,0.369,0
SYN-LA-01007,Uttar Pradesh,Urban,State Highway,2023-02-07,2024-09-24,3.81,Agricultural,12,0,0,0,0,180.03,1,3G award,595,100,91.3,65.5,41.5,0,Low,0.349,0
SYN-LA-01008,West Bengal,Semi-urban,National Highway,2024-04-22,2025-11-17,7.85,Commercial,6,1,0,0,0,738.37,1,3G award,574,100,95.7,77.2,53.2,0,Medium,0.405,0
SYN-LA-01009,Rajasthan,Semi-urban,Industrial Corridor,2021-12-29,2023-12-12,7.51,Agricultural,15,1,0,0,0,144.4,1,3G award,713,100,100,89.9,68.5,0,Medium,0.462,0
SYN-LA-01010,Maharashtra,Urban,Industrial Corridor,2019-08-03,2019-09-19,1.24,Agricultural,10,1,0,1,0,72.41,1,Pre-notification,47,5.2,0,0,0,1,Medium,0.524,203
SYN-LA-01011,Odisha,Semi-urban,State Highway,2021-03-27,2021-07-30,4.23,Residential,36,1,0,0,1,434.81,0,Pre-notification,125,6.9,6.9,0,0,1,High,0.801,246
SYN-LA-01012,Maharashtra,Semi-urban,State Highway,2019-11-25,2021-10-24,2.93,Residential,13,0,0,0,0,114.55,1,3G award,699,100,96.2,86.7,81.0,0,Low,0.196,0
SYN-LA-01013,Chhattisgarh,Urban,State Highway,2024-12-18,2026-08-03,3.57,Agricultural,5,0,0,0,0,327.22,1,3G award,593,100,100,78.6,54.3,1,Low,0.249,118
SYN-LA-01014,Odisha,Rural,National Highway,2020-11-30,2021-05-20,15.34,Commercial,8,1,0,0,0,592.17,1,3A issued,171,19.3,17.7,0,0,1,High,0.701,176
SYN-LA-01015,Chhattisgarh,Rural,National Highway,2021-02-16,2022-10-12,6.38,Agricultural,12,1,0,0,0,224.69,1,3G award,603,100,87.2,83.5,60.1,1,Medium,0.391,146
SYN-LA-01016,Punjab,Urban,National Highway,2022-04-05,2022-07-15,10.47,Agricultural,27,1,0,1,0,1090.48,1,Pre-notification,101,0,0,0,0,1,High,0.881,244
SYN-LA-01017,Haryana,Semi-urban,Industrial Corridor,2020-01-12,2020-09-17,0.9,Forest,3,0,0,0,1,88.38,1,3A issued,249,59.4,41.7,29.6,13.5,1,Low,0.292,195
SYN-LA-01018,Uttar Pradesh,Semi-urban,National Highway,2022-12-21,2023-07-21,4.33,Forest,15,1,0,1,0,278.16,1,3A issued,212,31.0,31.0,1.2,0,0,High,0.754,0
SYN-LA-01019,West Bengal,Semi-urban,National Highway,2023-01-27,2023-04-12,1.51,Forest,3,1,0,0,0,149.93,1,Pre-notification,75,5.6,0,0,0,0,Low,0.263,0
SYN-LA-01020,Maharashtra,Urban,Urban Infrastructure,2022-04-28,2022-10-17,0.47,Agricultural,13,0,1,0,0,40.66,0,Pre-notification,172,0,0,0,0,0,Medium,0.574,0
SYN-LA-01021,Chhattisgarh,Semi-urban,Railway,2023-01-29,2024-04-15,4.04,Agricultural,9,0,0,0,1,80.58,1,3G award,442,92.7,84.2,71.9,65.0,0,Low,0.278,0
SYN-LA-01022,Haryana,Semi-urban,State Highway,2019-03-05,2021-01-17,1.31,Agricultural,11,1,0,0,0,61.76,0,3G award,684,100,93.5,49.2,46.8,1,Medium,0.42,130
SYN-LA-01023,Madhya Pradesh,Semi-urban,Railway,2022-01-08,2023-08-02,3.95,Forest,5,1,1,1,0,377.08,1,3A issued,571,49.0,31.2,4.0,0,1,High,0.884,298
SYN-LA-01024,Odisha,Rural,State Highway,2021-06-26,2022-04-28,3.42,Residential,7,0,0,1,1,93.59,1,Pre-notification,306,11.8,0.9,0,0,0,High,0.669,0
SYN-LA-01025,Chhattisgarh,Semi-urban,National Highway,2019-10-12,2020-06-07,4.49,Commercial,4,0,0,0,0,601.11,1,3A issued,239,57.1,47.4,42.9,33.7,0,Low,0.183,0
SYN-LA-01026,Rajasthan,Semi-urban,Industrial Corridor,2022-02-02,2023-11-01,1.58,Forest,5,0,0,0,0,81.27,1,3G award,637,100,100,95.8,77.4,0,Low,0.175,0
SYN-LA-01027,Odisha,Rural,Railway,2021-04-20,2021-06-30,1.15,Commercial,8,0,0,0,0,115.08,1,Pre-notification,71,6.0,6.0,0,0,1,Low,0.166,109
SYN-LA-01028,Chhattisgarh,Rural,Railway,2024-02-20,2024-08-24,1.39,Agricultural,6,0,0,0,0,124.26,1,Pre-notification,186,0,0,0,0,1,Low,0.187,161
SYN-LA-01029,Haryana,Semi-urban,Industrial Corridor,2020-05-22,2022-02-12,10.12,Agricultural,2,1,0,0,0,799.6,1,3G award,631,100,91.1,58.5,51.8,1,Medium,0.457,143
SYN-LA-01030,West Bengal,Urban,State Highway,2023-08-23,2024-03-16,4.32,Commercial,4,0,0,0,0,407.33,1,3A issued,206,47.7,38.9,34.2,24.4,1,Low,0.234,130
SYN-LA-01031,Haryana,Urban,State Highway,2019-07-18,2020-11-12,7.53,Residential,7,1,0,0,0,743.83,1,3G award,483,100,97.0,73.7,52.3,0,Medium,0.414,0
SYN-LA-01032,West Bengal,Semi-urban,State Highway,2024-05-03,2026-01-22,12.18,Agricultural,24,1,0,0,0,1121.45,1,3G award,629,100,83.4,51.3,38.8,1,High,0.757,233
SYN-LA-01033,Karnataka,Rural,Railway,2021-10-10,2022-01-20,4.4,Agricultural,15,0,0,0,0,339.87,1,3A issued,102,31.3,31.3,20.4,0,0,Low,0.282,0
SYN-LA-01034,Rajasthan,Rural,National Highway,2018-05-31,2019-02-14,2.37,Forest,14,0,1,1,0,57.67,1,Pre-notification,259,13.2,7.6,0,0,1,High,0.796,200
SYN-LA-01035,Rajasthan,Rural,Railway,2018-12-01,2020-05-07,2.59,Residential,33,1,0,0,0,72.81,1,3D issued,523,70.3,59.3,26.8,5.6,1,Medium,0.595,157
SYN-LA-01036,Karnataka,Urban,National Highway,2020-04-14,2021-07-19,1.6,Residential,6,0,1,1,1,119.14,1,3A issued,461,22.3,0.8,0,0,1,High,0.841,364
SYN-LA-01037,Uttar Pradesh,Urban,National Highway,2018-10-29,2020-08-13,2.84,Agricultural,11,0,0,0,0,215.37,1,3G award,654,100,100,79.1,65.1,0,Low,0.262,0
SYN-LA-01038,Uttar Pradesh,Semi-urban,Industrial Corridor,2019-03-10,2020-02-13,19.15,Forest,7,1,0,1,1,1160.57,1,Pre-notification,340,14.8,0,0,0,1,High,0.975,333
SYN-LA-01039,Uttar Pradesh,Semi-urban,Railway,2018-02-22,2019-07-27,1.5,Agricultural,9,0,0,0,0,151.27,1,3G award,520,100,86.9,61.5,53.0,0,Low,0.173,0
SYN-LA-01040,West Bengal,Rural,State Highway,2023-06-03,2024-11-04,5.1,Agricultural,65,1,0,0,1,441.55,1,3A issued,520,55.4,55.4,51.6,38.3,1,High,0.811,275
SYN-LA-01041,Karnataka,Urban,Industrial Corridor,2022-08-20,2022-09-26,3.38,Residential,9,1,0,0,1,98.48,1,Pre-notification,37,4.6,0,0,0,1,Medium,0.436,221
SYN-LA-01042,Odisha,Urban,National Highway,2024-09-03,2025-02-02,3.78,Agricultural,24,1,0,0,0,266.09,0,3A issued,152,20.6,16.4,0,0,1,High,0.652,179
SYN-LA-01043,Madhya Pradesh,Urban,National Highway,2023-07-21,2024-06-26,1.98,Agricultural,30,1,0,0,1,85.81,1,3A issued,341,48.8,41.6,30.6,12.6,1,Medium,0.644,145
SYN-LA-01044,Uttar Pradesh,Semi-urban,State Highway,2024-05-16,2025-10-17,1.14,Agricultural,11,0,1,0,1,39.02,1,3D issued,519,60.7,30.6,27.1,8.5,1,Medium,0.619,225
SYN-LA-01045,Madhya Pradesh,Rural,State Highway,2024-12-10,2025-09-02,1.37,Agricultural,11,0,0,0,0,38.12,1,3D issued,266,73.9,44.2,43.4,33.7,0,Low,0.155,0
SYN-LA-01046,Madhya Pradesh,Rural,Railway,2021-03-15,2022-11-14,5.84,Agricultural,4,0,0,0,0,569.0,1,3G award,609,100,94.9,68.9,58.3,0,Low,0.241,0
SYN-LA-01047,Uttar Pradesh,Rural,Railway,2023-03-10,2024-08-21,5.31,Agricultural,5,0,0,0,0,253.33,1,3G award,530,100,100,87.6,70.4,0,Low,0.197,0
SYN-LA-01048,Haryana,Semi-urban,Railway,2022-03-26,2023-01-06,8.36,Agricultural,6,1,0,0,1,600.91,1,3A issued,286,42.3,42.3,12.1,0,0,Medium,0.62,0
SYN-LA-01049,Odisha,Semi-urban,Railway,2023-12-02,2024-05-04,2.68,Agricultural,4,0,0,0,0,103.81,1,3A issued,154,35.5,24.4,0,0,0,Low,0.196,0
SYN-LA-01050,Haryana,Semi-urban,Urban Infrastructure,2019-05-26,2020-11-14,3.93,Residential,15,0,0,0,0,341.74,1,3G award,538,100,92.4,76.0,70.7,0,Low,0.211,0
SYN-LA-01051,Maharashtra,Urban,National Highway,2024-05-12,2026-01-30,21.85,Agricultural,10,1,0,0,0,2073.09,1,3G award,628,100,100,67.7,48.0,1,High,0.858,284
SYN-LA-01052,Karnataka,Rural,National Highway,2021-08-13,2022-04-01,2.93,Residential,5,0,0,0,0,272.21,1,3D issued,231,62.2,55.0,51.0,45.6,0,Low,0.126,0
SYN-LA-01053,Madhya Pradesh,Urban,Urban Infrastructure,2022-11-14,2024-02-17,4.32,Agricultural,11,0,0,0,0,229.15,1,3G award,460,100,100,84.1,59.4,0,Low,0.248,0
SYN-LA-01054,Haryana,Urban,National Highway,2023-05-09,2025-03-14,2.02,Agricultural,13,1,0,1,0,92.12,1,3G award,675,100,93.0,88.6,60.5,1,Medium,0.595,213
SYN-LA-01055,Rajasthan,Urban,National Highway,2022-12-07,2024-04-11,1.77,Agricultural,8,0,0,0,0,176.84,1,3G award,491,100,90.7,86.7,63.4,1,Low,0.175,128
SYN-LA-01056,Uttar Pradesh,Rural,National Highway,2018-08-24,2020-07-04,4.62,Agricultural,11,0,0,0,0,485.05,1,3G award,680,100,99.9,98.8,73.1,0,Low,0.249,0
SYN-LA-01057,Maharashtra,Rural,Industrial Corridor,2023-03-25,2024-12-29,7.21,Agricultural,17,1,0,0,0,141.26,1,3G award,645,100,100,67.5,46.4,0,Medium,0.516,0
SYN-LA-01058,Rajasthan,Urban,State Highway,2018-01-16,2019-09-19,3.29,Forest,12,1,0,0,0,339.67,1,3G award,611,100,96.3,68.3,47.4,1,Medium,0.471,47
SYN-LA-01059,Karnataka,Semi-urban,Railway,2023-08-25,2024-01-07,4.29,Agricultural,6,0,0,0,1,132.45,1,Pre-notification,135,3.8,0,0,0,0,Low,0.341,0
SYN-LA-01060,Punjab,Semi-urban,Railway,2021-08-17,2023-04-19,2.35,Commercial,4,0,0,0,0,279.78,1,3G award,610,100,100,69.7,57.5,1,Low,0.158,144
SYN-LA-01061,Rajasthan,Urban,Urban Infrastructure,2019-11-03,2021-02-12,1.83,Residential,4,1,1,0,0,173.03,1,3A issued,467,53.7,25.9,13.0,7.5,0,Medium,0.56,0
SYN-LA-01062,Rajasthan,Rural,Industrial Corridor,2019-10-05,2020-08-09,4.48,Agricultural,14,0,0,0,0,470.05,1,3G award,309,93.0,75.9,63.4,53.2,0,Low,0.208,0
SYN-LA-01063,Haryana,Semi-urban,State Highway,2022-05-08,2024-02-09,3.43,Residential,21,1,0,0,1,149.7,1,3G award,642,100,100,97.3,75.9,0,Medium,0.449,0
SYN-LA-01064,Odisha,Rural,State Highway,2020-12-08,2021-01-22,5.63,Agricultural,37,1,1,0,1,585.83,1,Pre-notification,45,0,0,0,0,1,High,0.85,324
SYN-LA-01065,Odisha,Semi-urban,State Highway,2021-04-13,2022-08-01,5.05,Agricultural,4,0,0,0,0,503.77,1,3G award,475,100,98.8,80.9,74.6,0,Low,0.162,0
SYN-LA-01066,Madhya Pradesh,Semi-urban,National Highway,2021-01-21,2022-01-18,9.93,Residential,15,1,1,0,0,281.93,1,3D issued,362,82.8,59.6,31.4,9.8,1,High,0.786,272
SYN-LA-01067,Rajasthan,Urban,Railway,2020-07-07,2022-05-21,6.74,Agricultural,13,1,0,0,1,347.29,1,3G award,683,100,100,92.7,71.6,0,Medium,0.594,0
SYN-LA-01068,Maharashtra,Semi-urban,National Highway,2024-09-01,2024-12-21,2.89,Residential,19,0,0,0,0,130.9,1,Pre-notification,111,11.0,11.0,0,0,0,Low,0.278,0
SYN-LA-01069,Karnataka,Rural,Urban Infrastructure,2018-12-13,2019-04-27,6.72,Agricultural,6,1,0,0,0,288.29,1,3A issued,135,18.7,18.7,16.5,0,0,Medium,0.367,0
SYN-LA-01070,Haryana,Urban,Railway,2021-03-05,2021-09-26,5.61,Residential,7,0,0,0,0,323.77,0,Pre-notification,205,8.5,0,0,0,0,Medium,0.497,0
SYN-LA-01071,Rajasthan,Semi-urban,National Highway,2023-02-15,2023-03-27,0.51,Agricultural,9,0,0,1,0,39.49,1,Pre-notification,40,5.9,0,0,0,0,Medium,0.354,0
SYN-LA-01072,West Bengal,Urban,Urban Infrastructure,2019-11-22,2021-01-29,5.42,Agricultural,7,0,0,0,0,419.83,1,3D issued,434,84.1,62.5,39.0,15.1,0,Medium,0.388,0
SYN-LA-01073,Chhattisgarh,Urban,Urban Infrastructure,2022-01-11,2023-03-26,9.59,Agricultural,3,1,0,0,0,612.99,1,3D issued,439,65.4,48.6,40.5,22.8,1,Medium,0.552,128
SYN-LA-01074,Punjab,Semi-urban,National Highway,2024-12-05,2025-09-08,2.21,Agricultural,7,0,0,0,0,219.66,1,3A issued,277,41.4,17.0,0,0,0,Low,0.218,0
SYN-LA-01075,West Bengal,Rural,Railway,2019-10-25,2021-01-20,2.96,Agricultural,12,0,0,0,0,270.37,1,3D issued,453,100,64.5,58.9,48.3,0,Low,0.214,0
SYN-LA-01076,Rajasthan,Semi-urban,Industrial Corridor,2020-02-11,2020-07-07,3.53,Residential,4,0,0,0,0,114.18,1,3A issued,147,20.7,10.7,0,0,1,Low,0.212,99
SYN-LA-01077,West Bengal,Semi-urban,National Highway,2023-07-10,2024-10-07,17.69,Commercial,5,1,0,0,0,1714.04,1,3G award,455,100,79.9,50.5,45.2,1,High,0.709,233
SYN-LA-01078,Karnataka,Urban,National Highway,2018-08-27,2019-11-01,11.96,Forest,12,1,0,1,1,859.41,0,3A issued,431,27.4,20.7,0,0,1,High,0.977,222
SYN-LA-01079,Rajasthan,Urban,Urban Infrastructure,2023-11-26,2024-07-18,0.55,Residential,15,0,1,0,0,48.02,1,Pre-notification,235,0,0,0,0,0,Medium,0.469,0
SYN-LA-01080,West Bengal,Semi-urban,Railway,2021-03-23,2022-07-17,3.65,Residential,13,0,0,0,0,89.66,1,3G award,481,100,81.6,56.7,40.0,0,Low,0.266,0
SYN-LA-01081,Rajasthan,Semi-urban,National Highway,2024-07-05,2025-09-05,3.55,Agricultural,14,0,0,0,0,241.37,1,3G award,427,100,87.1,74.1,57.3,1,Low,0.207,175
SYN-LA-01082,Maharashtra,Rural,Urban Infrastructure,2020-11-09,2021-07-05,7.88,Commercial,5,1,0,0,0,894.81,1,3D issued,238,85.6,55.5,40.5,33.5,1,Low,0.333,120
SYN-LA-01083,Chhattisgarh,Rural,Industrial Corridor,2020-07-22,2021-05-04,4.85,Commercial,17,0,1,1,0,128.58,1,3A issued,286,26.0,22.2,8.6,0,0,High,0.821,0
SYN-LA-01084,West Bengal,Semi-urban,Industrial Corridor,2023-06-06,2025-03-11,2.78,Agricultural,9,1,0,0,0,174.8,1,3G award,644,100,100,97.3,72.3,0,Low,0.24,0
SYN-LA-01085,Odisha,Rural,National Highway,2018-06-14,2019-07-28,2.02,Agricultural,14,0,0,0,0,210.66,1,3D issued,409,69.4,34.8,26.9,13.8,0,Low,0.275,0
SYN-LA-01086,Maharashtra,Urban,Urban Infrastructure,2020-10-21,2021-01-11,3.21,Agricultural,10,0,0,0,0,323.54,1,3A issued,82,38.5,21.1,0,0,0,Low,0.264,0
SYN-LA-01087,Haryana,Urban,Industrial Corridor,2018-04-08,2018-08-10,4.02,Agricultural,1,1,0,0,0,171.94,1,Pre-notification,124,12.4,0,0,0,1,Low,0.298,173
SYN-LA-01088,Madhya Pradesh,Urban,Industrial Corridor,2019-08-13,2020-11-08,3.26,Forest,2,0,0,0,0,147.27,1,3D issued,453,69.3,55.8,52.5,49.6,1,Low,0.25,108
SYN-LA-01089,Maharashtra,Urban,State Highway,2019-06-22,2021-03-11,2.36,Agricultural,15,0,0,0,0,47.21,1,3D issued,628,93.1,72.0,64.4,58.8,0,Low,0.274,0
SYN-LA-01090,Rajasthan,Urban,Railway,2018-03-08,2018-04-14,1.79,Agricultural,4,1,0,0,0,166.32,1,Pre-notification,37,4.1,4.1,0,0,1,Low,0.24,121
SYN-LA-01091,West Bengal,Semi-urban,Urban Infrastructure,2020-12-30,2022-06-01,0.41,Agricultural,4,0,1,1,0,23.94,1,3A issued,518,20.3,9.2,0,0,1,High,0.691,217
SYN-LA-01092,Haryana,Rural,Urban Infrastructure,2019-07-09,2020-07-06,2.29,Agricultural,8,0,0,0,1,141.56,0,3A issued,363,41.0,29.4,6.2,4.5,0,Medium,0.513,0
SYN-LA-01093,Rajasthan,Urban,Urban Infrastructure,2023-12-23,2024-12-05,10.11,Agricultural,6,1,1,1,0,329.19,1,Pre-notification,348,9.8,6.1,0,0,1,High,0.925,288
SYN-LA-01094,Odisha,Rural,Railway,2022-01-01,2023-12-14,4.99,Forest,9,0,0,0,0,304.15,1,3G award,712,100,100,79.5,75.5,1,Low,0.313,86
SYN-LA-01095,West Bengal,Urban,State Highway,2021-04-22,2022-05-23,7.75,Residential,17,1,0,0,0,209.95,1,3G award,396,95.9,78.8,69.2,57.6,0,Medium,0.474,0
SYN-LA-01096,Rajasthan,Rural,Railway,2020-02-10,2020-12-13,3.1,Residential,9,1,0,0,0,72.34,1,3A issued,307,47.5,31.2,19.0,4.0,0,Low,0.335,0
SYN-LA-01097,Uttar Pradesh,Semi-urban,Railway,2022-01-27,2022-02-26,2.23,Residential,88,1,1,0,1,46.55,1,Pre-notification,30,6.7,0,0,0,1,High,0.848,244
SYN-LA-01098,Maharashtra,Semi-urban,Railway,2021-03-07,2022-05-23,8.55,Forest,10,1,0,0,0,861.2,1,3G award,442,100,99.0,77.8,58.4,1,Medium,0.471,161
SYN-LA-01099,Maharashtra,Rural,Urban Infrastructure,2023-02-01,2024-10-20,2.07,Agricultural,11,0,0,0,0,156.86,1,3G award,627,100,100,81.1,70.9,0,Low,0.173,0
SYN-LA-01100,Rajasthan,Semi-urban,National Highway,2020-03-21,2021-10-25,1.65,Commercial,7,1,0,0,0,83.81,1,3G award,583,85.0,78.1,56.0,41.6,0,Low,0.255,0
SYN-LA-01101,Madhya Pradesh,Urban,Railway,2021-08-18,2022-08-04,11.39,Agricultural,3,1,0,0,0,1129.54,1,3D issued,351,61.0,44.8,13.5,0,1,Medium,0.645,154
SYN-LA-01102,Rajasthan,Rural,Urban Infrastructure,2022-10-01,2022-11-01,6.08,Agricultural,11,1,1,1,0,412.32,0,Pre-notification,31,9.5,2.7,0,0,1,High,0.884,235
SYN-LA-01103,Madhya Pradesh,Semi-urban,Urban Infrastructure,2020-09-04,2021-10-05,2.54,Agricultural,3,0,0,1,0,143.4,1,3A issued,396,32.1,29.6,12.6,0.4,1,Medium,0.492,240
SYN-LA-01104,Madhya Pradesh,Semi-urban,Industrial Corridor,2024-04-02,2026-01-25,4.92,Residential,20,0,0,0,0,360.52,1,3G award,663,100,96.7,93.5,70.1,0,Low,0.31,0
SYN-LA-01105,Maharashtra,Rural,National Highway,2021-09-23,2023-09-06,0.61,Agricultural,4,0,0,0,0,55.43,1,3G award,713,100,98.5,86.3,71.7,0,Low,0.13,0
SYN-LA-01106,Karnataka,Semi-urban,National Highway,2020-05-30,2020-07-11,2.57,Agricultural,19,1,0,0,1,217.26,1,3A issued,42,19.4,0,0,0,1,Medium,0.437,230
SYN-LA-01107,Karnataka,Semi-urban,Urban Infrastructure,2018-02-17,2018-03-29,12.31,Agricultural,5,1,0,0,0,324.49,0,Pre-notification,40,3.2,0,0,0,0,High,0.663,0
SYN-LA-01108,Haryana,Rural,National Highway,2020-02-23,2020-05-16,2.22,Agricultural,1,0,0,0,0,60.56,1,3A issued,83,38.7,15.2,0,0,0,Low,0.149,0
SYN-LA-01109,Chhattisgarh,Semi-urban,State Highway,2018-09-15,2019-03-01,15.26,Residential,7,1,0,0,1,580.28,0,Pre-notification,167,8.3,8.3,0,0,1,High,0.88,259
SYN-LA-01110,Chhattisgarh,Urban,Railway,2018-10-05,2019-12-03,22.3,Forest,3,1,1,1,0,1208.37,1,Pre-notification,424,0,0,0,0,1,High,0.98,304
SYN-LA-01111,Rajasthan,Urban,National Highway,2021-06-10,2023-03-13,4.27,Forest,7,1,0,0,0,330.78,1,3G award,641,100,98.1,91.9,66.5,0,Medium,0.407,0
SYN-LA-01112,West Bengal,Rural,National Highway,2024-03-23,2025-04-08,5.28,Residential,15,0,1,0,0,175.11,0,3A issued,381,43.4,30.9,0,0,1,High,0.762,179
SYN-LA-01113,West Bengal,Rural,Railway,2018-03-07,2019-05-19,2.0,Agricultural,19,0,0,0,1,189.88,1,3G award,438,100,75.7,43.4,30.4,1,Medium,0.4,146
SYN-LA-01114,Rajasthan,Rural,Urban Infrastructure,2024-10-14,2025-01-08,1.72,Agricultural,8,0,0,0,0,119.64,0,Pre-notification,86,10.1,0,0,0,0,Low,0.289,0
SYN-LA-01115,Rajasthan,Semi-urban,National Highway,2024-07-25,2025-06-22,3.21,Forest,8,0,0,1,0,257.69,1,3A issued,332,50.8,48.1,30.1,17.8,0,Medium,0.569,0
SYN-LA-01116,Odisha,Semi-urban,Industrial Corridor,2018-10-01,2019-03-05,5.44,Residential,24,1,0,0,1,484.12,1,Pre-notification,155,5.6,0,0,0,1,Medium,0.637,245
SYN-LA-01117,Uttar Pradesh,Semi-urban,National Highway,2018-01-08,2018-08-05,1.74,Residential,9,0,0,0,0,109.54,1,3A issued,209,31.3,25.9,13.8,0,0,Low,0.221,0
SYN-LA-01118,Haryana,Urban,Railway,2021-07-26,2022-10-22,6.83,Agricultural,7,1,0,0,0,192.02,1,3D issued,453,89.4,69.7,42.4,26.3,0,Medium,0.468,0
SYN-LA-01119,West Bengal,Rural,National Highway,2024-02-14,2024-06-29,5.15,Agricultural,12,0,0,0,0,240.97,0,Pre-notification,136,13.6,8.9,0,0,1,Medium,0.456,182
SYN-LA-01120,Uttar Pradesh,Semi-urban,State Highway,2024-09-18,2025-09-02,3.79,Agricultural,24,1,0,0,1,147.82,1,3A issued,349,58.1,45.6,38.6,31.9,0,Medium,0.552,0
SYN-LA-01121,Chhattisgarh,Rural,Industrial Corridor,2019-01-27,2019-12-02,2.28,Residential,8,0,0,0,0,80.54,1,3D issued,309,65.5,48.5,29.1,18.7,0,Low,0.206,0
SYN-LA-01122,Chhattisgarh,Urban,Industrial Corridor,2022-10-31,2023-07-14,3.98,Agricultural,22,1,1,0,0,148.6,0,Pre-notification,256,4.6,0,0,0,1,High,0.832,323
SYN-LA-01123,Chhattisgarh,Urban,Urban Infrastructure,2018-03-19,2018-04-28,1.52,Residential,37,1,0,0,1,151.54,1,3A issued,40,16.7,2.9,0,0,1,Medium,0.634,175
SYN-LA-01124,Rajasthan,Urban,Urban Infrastructure,2024-11-28,2026-05-08,2.95,Agricultural,7,0,0,0,0,236.95,1,3G award,526,100,86.2,67.8,55.6,0,Low,0.221,0
SYN-LA-01125,Uttar Pradesh,Urban,Industrial Corridor,2018-01-12,2018-06-03,14.26,Forest,5,1,0,0,0,1154.69,1,3A issued,142,29.9,6.1,0,0,0,High,0.764,0
SYN-LA-01126,Rajasthan,Semi-urban,Railway,2021-02-21,2022-04-05,2.14,Agricultural,27,1,0,0,1,40.35,0,3D issued,408,65.1,36.4,9.0,0,0,High,0.768,0
SYN-LA-01127,Odisha,Semi-urban,State Highway,2018-02-03,2019-09-28,13.75,Agricultural,5,1,0,0,0,998.45,1,3G award,602,100,82.7,66.1,62.4,1,Medium,0.574,250
SYN-LA-01128,Madhya Pradesh,Rural,Industrial Corridor,2023-09-19,2025-07-09,1.06,Agricultural,7,0,0,0,0,105.13,1,3G award,659,100,97.3,74.5,64.1,0,Low,0.152,0
SYN-LA-01129,West Bengal,Semi-urban,Industrial Corridor,2022-12-27,2024-08-28,2.75,Agricultural,13,1,0,0,1,154.57,1,3G award,610,100,89.7,79.0,66.4,0,Medium,0.395,0
SYN-LA-01130,Rajasthan,Semi-urban,Railway,2023-02-24,2023-09-27,3.33,Residential,8,0,0,0,0,332.17,1,3A issued,215,26.0,23.5,11.7,0,0,Low,0.249,0
SYN-LA-01131,Madhya Pradesh,Urban,Industrial Corridor,2018-10-09,2019-01-03,7.98,Agricultural,5,1,1,0,0,812.9,1,Pre-notification,86,0,0,0,0,1,High,0.655,250
SYN-LA-01132,Chhattisgarh,Urban,State Highway,2024-06-07,2026-01-19,8.42,Agricultural,11,1,0,0,1,613.43,1,3G award,591,100,100,81.7,57.4,0,High,0.652,0
SYN-LA-01133,Punjab,Semi-urban,Urban Infrastructure,2023-04-30,2025-03-27,3.57,Agricultural,24,1,0,0,0,104.61,1,3G award,697,100,100,80.4,59.0,1,Medium,0.411,131
SYN-LA-01134,Uttar Pradesh,Semi-urban,National Highway,2024-10-12,2026-01-03,13.02,Agricultural,31,1,1,1,1,343.01,1,Pre-notification,448,9.3,0,0,0,1,High,0.98,321
SYN-LA-01135,Madhya Pradesh,Semi-urban,National Highway,2020-11-03,2021-02-10,7.98,Agricultural,13,1,0,0,0,257.23,1,Pre-notification,99,3.0,0,0,0,1,Medium,0.463,192
SYN-LA-01136,Rajasthan,Urban,Industrial Corridor,2021-05-18,2021-10-13,4.22,Agricultural,16,0,1,0,0,406.07,0,Pre-notification,148,0,0,0,0,1,High,0.714,200
SYN-LA-01137,West Bengal,Rural,State Highway,2022-05-12,2024-01-03,2.8,Residential,7,0,0,0,1,137.82,1,3G award,601,97.3,87.9,55.3,35.4,1,Medium,0.369,211
SYN-LA-01138,Haryana,Rural,Railway,2019-10-10,2020-05-03,0.37,Agricultural,6,1,0,0,0,38.54,1,Pre-notification,206,13.6,13.6,12.1,1.2,0,Low,0.21,0
SYN-LA-01139,Rajasthan,Rural,Urban Infrastructure,2024-09-27,2024-12-12,0.67,Residential,9,0,0,0,0,36.58,1,Pre-notification,76,9.8,0,0,0,1,Low,0.161,174
SYN-LA-01140,Punjab,Semi-urban,Urban Infrastructure,2022-09-08,2024-01-12,2.8,Residential,8,1,0,0,0,64.25,1,3G award,491,100,100,93.6,72.1,0,Low,0.179,0
SYN-LA-01141,West Bengal,Semi-urban,State Highway,2020-11-04,2021-10-04,2.84,Forest,2,1,0,0,0,243.46,1,3D issued,334,76.0,58.4,44.0,32.2,0,Low,0.28,0
SYN-LA-01142,Punjab,Urban,National Highway,2018-05-08,2019-02-21,3.13,Forest,7,0,0,0,1,288.73,1,3A issued,289,37.6,36.2,24.4,10.3,1,Medium,0.468,249
SYN-LA-01143,Madhya Pradesh,Semi-urban,Industrial Corridor,2019-10-18,2019-11-29,2.73,Agricultural,12,0,1,1,1,272.88,1,Pre-notification,42,0,0,0,0,1,High,0.768,287
SYN-LA-01144,Punjab,Urban,State Highway,2022-08-31,2024-02-07,0.83,Agricultural,5,0,0,0,0,47.22,0,3D issued,525,85.0,66.2,24.1,21.0,1,Medium,0.353,122
SYN-LA-01145,Chhattisgarh,Semi-urban,Industrial Corridor,2019-01-27,2019-10-08,1.79,Commercial,25,1,0,0,1,214.62,1,3A issued,254,32.9,22.3,0,0,1,Medium,0.561,158
SYN-LA-01146,Rajasthan,Urban,Railway,2022-02-26,2023-10-17,3.35,Agricultural,2,0,1,0,0,178.0,1,3D issued,598,75.0,61.7,40.5,36.4,0,Medium,0.462,0
SYN-LA-01147,Haryana,Rural,National Highway,2022-08-03,2023-08-18,0.89,Agricultural,8,1,0,0,0,89.44,1,3D issued,380,68.2,42.0,13.5,0,1,Low,0.288,61
SYN-LA-01148,Maharashtra,Semi-urban,Industrial Corridor,2021-09-03,2022-08-01,1.87,Forest,10,0,0,0,0,103.25,1,3D issued,332,67.8,55.6,38.8,28.1,1,Low,0.245,77
SYN-LA-01149,Haryana,Urban,State Highway,2020-02-17,2020-09-11,4.19,Agricultural,7,0,0,0,1,157.39,1,Pre-notification,207,6.1,6.1,0,0,1,Medium,0.433,146
SYN-LA-01150,Haryana,Rural,Industrial Corridor,2018-12-10,2020-03-13,0.85,Agricultural,2,1,0,0,0,28.46,1,3D issued,459,74.2,41.5,32.6,11.2,0,Low,0.239,0
SYN-LA-01151,Uttar Pradesh,Semi-urban,Urban Infrastructure,2023-08-23,2025-05-09,2.54,Residential,24,1,0,0,0,173.31,1,3G award,625,100,93.8,92.7,70.8,1,Low,0.341,63
SYN-LA-01152,Odisha,Rural,Railway,2020-07-28,2021-12-04,2.49,Residential,3,0,0,0,1,231.96,0,3A issued,494,40.7,29.7,11.2,0,1,Medium,0.553,168
SYN-LA-01153,West Bengal,Rural,Urban Infrastructure,2023-10-30,2024-06-01,4.39,Agricultural,20,0,1,1,0,419.11,1,Pre-notification,215,3.3,2.2,0,0,1,High,0.813,264
SYN-LA-01154,Maharashtra,Rural,Industrial Corridor,2020-04-12,2020-05-23,19.74,Agricultural,6,1,0,0,0,1176.52,1,Pre-notification,41,14.2,6.5,0,0,1,High,0.764,263
SYN-LA-01155,Odisha,Semi-urban,State Highway,2020-04-10,2021-07-22,3.67,Agricultural,15,0,0,0,0,209.22,1,3D issued,468,100,72.5,51.5,34.7,0,Low,0.288,0
SYN-LA-01156,Odisha,Semi-urban,Industrial Corridor,2021-05-02,2022-08-01,3.07,Residential,11,1,0,0,0,296.7,0,3D issued,456,97.6,61.9,29.3,6.1,1,Medium,0.551,160
SYN-LA-01157,Maharashtra,Semi-urban,Railway,2023-03-08,2023-09-12,1.75,Agricultural,6,0,0,0,0,47.55,1,3A issued,188,47.1,31.9,29.2,11.2,1,Low,0.167,140
SYN-LA-01158,Haryana,Rural,Industrial Corridor,2020-06-03,2021-01-20,6.83,Residential,7,1,0,0,0,311.98,0,3A issued,231,40.1,32.7,15.0,0,0,Medium,0.571,0
SYN-LA-01159,Punjab,Semi-urban,Industrial Corridor,2018-11-22,2020-07-15,2.89,Commercial,10,0,0,0,0,477.49,1,3G award,601,100,89.6,60.0,49.7,0,Low,0.216,0
SYN-LA-01160,Maharashtra,Urban,Railway,2021-12-13,2023-11-05,8.08,Commercial,13,1,0,0,0,323.96,1,3G award,692,100,100,82.5,78.0,0,Medium,0.478,0
SYN-LA-01161,Maharashtra,Semi-urban,State Highway,2021-10-11,2023-09-25,0.77,Agricultural,14,0,0,0,1,44.5,1,3G award,714,100,100,91.4,66.9,0,Low,0.29,0
SYN-LA-01162,Chhattisgarh,Semi-urban,Urban Infrastructure,2022-09-17,2024-06-20,4.83,Agricultural,11,0,0,0,0,488.46,1,3G award,642,100,100,81.6,57.9,1,Low,0.282,211
SYN-LA-01163,West Bengal,Urban,Industrial Corridor,2023-02-04,2024-02-20,2.49,Agricultural,4,1,0,0,0,85.17,1,3G award,381,100,93.2,63.3,48.3,0,Low,0.234,0
SYN-LA-01164,Maharashtra,Semi-urban,Railway,2018-11-21,2019-10-03,3.1,Agricultural,9,0,1,0,0,132.79,1,3A issued,316,20.2,19.5,12.3,0,0,Medium,0.471,0
SYN-LA-01165,Uttar Pradesh,Urban,Industrial Corridor,2018-06-13,2019-04-18,6.14,Commercial,2,1,0,0,0,544.56,1,3D issued,309,89.1,69.7,46.5,33.1,1,Low,0.347,142
SYN-LA-01166,Chhattisgarh,Semi-urban,State Highway,2021-10-24,2023-09-28,10.61,Agricultural,17,1,0,0,0,868.26,1,3G award,704,100,93.5,62.8,50.3,1,Medium,0.648,219
SYN-LA-01167,Haryana,Rural,Urban Infrastructure,2021-04-21,2021-07-24,11.77,Agricultural,14,1,0,0,0,513.87,1,Pre-notification,94,0,0,0,0,0,Medium,0.598,0
SYN-LA-01168,Karnataka,Urban,State Highway,2022-04-26,2024-02-27,12.88,Agricultural,26,1,1,1,1,983.71,0,3A issued,672,38.8,16.0,0,0,1,High,0.98,342
SYN-LA-01169,Rajasthan,Rural,Railway,2021-12-27,2022-07-05,1.83,Agricultural,7,0,0,0,0,29.7,1,3A issued,190,15.9,2.5,0,0,0,Low,0.2,0
SYN-LA-01170,Maharashtra,Semi-urban,State Highway,2020-06-30,2021-06-19,0.87,Agricultural,7,1,0,0,0,23.02,1,3A issued,354,36.7,29.1,7.3,7.1,0,Low,0.257,0
SYN-LA-01171,Odisha,Rural,State Highway,2021-12-30,2023-03-06,5.02,Agricultural,11,1,0,0,0,425.15,1,3D issued,431,100,64.7,54.6,54.2,1,Low,0.298,229
SYN-LA-01172,Karnataka,Urban,Urban Infrastructure,2023-02-25,2023-12-23,2.53,Agricultural,3,0,0,0,0,90.02,0,3D issued,301,63.1,48.5,22.7,19.9,0,Low,0.323,0
SYN-LA-01173,Karnataka,Rural,Urban Infrastructure,2019-05-20,2021-01-20,4.27,Residential,6,1,1,0,0,113.7,1,3D issued,611,81.7,67.3,51.5,37.2,0,Medium,0.538,0
SYN-LA-01174,Madhya Pradesh,Urban,National Highway,2024-10-02,2026-02-27,3.73,Agricultural,2,1,1,0,0,301.13,1,3D issued,513,92.8,74.7,57.6,39.8,1,Medium,0.506,199
SYN-LA-01175,Maharashtra,Urban,Urban Infrastructure,2019-12-08,2021-10-15,0.63,Agricultural,18,0,0,0,0,18.75,1,3G award,677,100,97.6,68.2,52.3,1,Low,0.279,177
SYN-LA-01176,Karnataka,Semi-urban,Urban Infrastructure,2020-08-04,2021-07-25,3.18,Agricultural,3,1,0,0,0,153.11,1,3D issued,355,83.3,61.9,38.1,15.3,0,Low,0.263,0
SYN-LA-01177,Maharashtra,Rural,Railway,2020-09-21,2022-03-02,0.52,Agricultural,3,0,0,1,1,43.92,1,3A issued,527,54.3,30.2,11.7,0,0,Medium,0.613,0
SYN-LA-01178,Rajasthan,Rural,National Highway,2024-06-24,2024-09-07,1.33,Agricultural,8,1,0,0,0,51.0,0,Pre-notification,75,0,0,0,0,1,Low,0.345,126
SYN-LA-01179,Haryana,Urban,Railway,2023-02-22,2023-05-28,1.08,Residential,11,0,0,0,0,104.16,0,Pre-notification,95,0,0,0,0,1,Low,0.338,207
SYN-LA-01180,West Bengal,Urban,State Highway,2019-02-21,2020-05-22,5.96,Agricultural,9,0,0,0,0,284.0,1,3D issued,456,75.2,60.0,29.8,22.2,0,Medium,0.407,0
SYN-LA-01181,Karnataka,Semi-urban,National Highway,2018-08-06,2019-03-19,2.43,Forest,3,1,0,0,0,105.83,1,3A issued,225,40.9,32.6,3.4,0,1,Low,0.317,162
SYN-LA-01182,Uttar Pradesh,Urban,State Highway,2022-11-28,2023-09-04,3.89,Agricultural,2,0,0,0,0,105.14,1,3D issued,280,76.5,62.8,42.0,34.0,1,Low,0.209,140
SYN-LA-01183,Karnataka,Rural,State Highway,2023-11-19,2024-08-09,6.5,Agricultural,10,1,0,0,0,663.85,1,3D issued,264,69.6,55.3,42.1,35.7,0,Low,0.322,0
SYN-LA-01184,Punjab,Urban,National Highway,2022-08-09,2024-03-15,2.61,Forest,6,1,0,0,1,131.19,1,3D issued,584,93.6,71.1,49.0,38.4,1,Medium,0.536,192
SYN-LA-01185,West Bengal,Urban,National Highway,2024-05-15,2025-09-14,3.28,Agricultural,17,0,0,0,0,131.88,1,3G award,487,96.2,83.8,52.0,46.6,0,Low,0.317,0
SYN-LA-01186,Haryana,Semi-urban,National Highway,2020-05-12,2022-02-03,1.46,Agricultural,3,0,0,0,0,42.09,1,3G award,632,100,78.9,67.9,64.9,0,Low,0.135,0
SYN-LA-01187,Odisha,Semi-urban,National Highway,2021-11-25,2022-07-26,2.28,Agricultural,10,1,0,0,0,182.96,0,3A issued,243,31.6,14.0,0,0,1,Medium,0.456,202
SYN-LA-01188,West Bengal,Rural,Railway,2023-12-30,2025-05-27,0.75,Agricultural,36,1,0,0,1,22.56,1,3D issued,514,73.0,46.7,14.7,10.3,1,High,0.677,236
SYN-LA-01189,Chhattisgarh,Urban,Urban Infrastructure,2024-02-21,2024-12-28,1.42,Residential,9,1,0,0,0,63.38,1,3D issued,311,90.5,71.0,63.3,56.3,0,Low,0.2,0
SYN-LA-01190,Uttar Pradesh,Semi-urban,Railway,2024-01-31,2024-06-27,1.99,Agricultural,27,1,1,0,0,206.19,0,Pre-notification,148,6.3,0,0,0,1,High,0.753,302
SYN-LA-01191,Rajasthan,Semi-urban,Urban Infrastructure,2024-10-26,2026-03-11,2.34,Agricultural,11,0,0,0,0,216.73,1,3G award,501,100,100,95.9,91.1,0,Low,0.121,0
SYN-LA-01192,Madhya Pradesh,Urban,Industrial Corridor,2022-10-27,2024-04-10,8.83,Residential,7,1,0,0,0,724.63,0,3D issued,531,86.4,62.2,13.5,4.9,1,High,0.768,220
SYN-LA-01193,Karnataka,Rural,National Highway,2024-07-19,2025-03-21,0.9,Residential,8,1,0,0,0,31.89,1,3D issued,245,81.5,49.2,23.5,8.0,0,Low,0.225,0
SYN-LA-01194,Uttar Pradesh,Urban,National Highway,2022-12-25,2023-12-03,6.66,Residential,3,1,0,0,0,317.05,1,3D issued,343,63.5,47.1,46.0,31.7,0,Medium,0.389,0
SYN-LA-01195,Madhya Pradesh,Rural,Railway,2023-12-16,2025-06-08,1.63,Agricultural,6,0,0,0,0,74.18,1,3G award,540,99.2,81.8,75.6,73.9,0,Low,0.121,0
SYN-LA-01196,Haryana,Rural,Urban Infrastructure,2021-05-11,2021-11-06,6.55,Agricultural,8,1,0,0,0,167.58,0,3A issued,179,33.6,17.8,0,0,1,Medium,0.551,89
SYN-LA-01197,Haryana,Rural,Industrial Corridor,2020-10-07,2020-12-03,6.85,Agricultural,14,1,0,0,0,655.52,1,Pre-notification,57,0,0,0,0,0,Medium,0.414,0
SYN-LA-01198,Haryana,Urban,National Highway,2019-08-15,2021-05-05,10.87,Forest,9,1,0,0,0,1104.32,1,3G award,629,100,97.4,83.2,76.0,1,Medium,0.605,204
SYN-LA-01199,Punjab,Urban,National Highway,2022-01-02,2022-06-23,1.04,Forest,58,1,1,0,0,21.81,1,Pre-notification,172,10.8,0,0,0,1,High,0.842,312
SYN-LA-01200,Chhattisgarh,Rural,Urban Infrastructure,2019-07-27,2019-11-05,2.39,Agricultural,10,0,0,0,0,142.65,1,3A issued,101,16.8,8.8,0,0,0,Low,0.212,0
SYN-LA-01201,Uttar Pradesh,Semi-urban,National Highway,2022-12-01,2023-12-31,6.45,Commercial,7,1,0,0,1,910.21,1,3A issued,395,36.6,26.9,0,0,1,Medium,0.623,257
SYN-LA-01202,Rajasthan,Rural,Urban Infrastructure,2022-07-30,2022-12-31,6.19,Agricultural,16,1,0,0,1,260.64,0,Pre-notification,154,11.1,0,0,0,1,High,0.731,252
SYN-LA-01203,Punjab,Semi-urban,Urban Infrastructure,2023-08-20,2024-10-03,3.96,Forest,9,0,0,0,0,251.16,1,3D issued,410,64.8,48.8,27.2,6.0,0,Medium,0.378,0
SYN-LA-01204,Rajasthan,Semi-urban,Industrial Corridor,2023-05-13,2023-11-16,1.9,Agricultural,9,0,0,0,0,97.92,0,Pre-notification,187,0,0,0,0,0,Low,0.334,0
SYN-LA-01205,Maharashtra,Rural,Railway,2020-03-29,2020-07-08,1.96,Forest,10,0,0,1,0,65.45,1,Pre-notification,101,2.7,2.7,0.1,0,0,Medium,0.514,0
SYN-LA-01206,Punjab,Rural,Industrial Corridor,2019-09-08,2020-08-02,4.39,Commercial,13,0,0,0,0,320.57,1,3D issued,329,74.9,44.2,20.8,4.5,1,Low,0.321,147
SYN-LA-01207,Haryana,Rural,State Highway,2020-07-01,2022-03-13,10.53,Agricultural,9,1,0,0,0,620.18,1,3G award,620,100,100,82.5,63.5,0,Medium,0.488,0
SYN-LA-01208,West Bengal,Semi-urban,Urban Infrastructure,2020-04-21,2020-12-09,1.05,Agricultural,6,1,0,0,0,45.92,1,Pre-notification,232,10.6,10.6,0,0,0,Low,0.249,0
SYN-LA-01209,West Bengal,Rural,Industrial Corridor,2021-06-17,2022-01-17,3.94,Agricultural,4,0,0,0,0,278.09,0,3A issued,214,30.0,30.0,7.7,0,1,Medium,0.376,120
SYN-LA-01210,Madhya Pradesh,Semi-urban,Industrial Corridor,2024-03-02,2024-07-26,3.01,Forest,19,0,0,0,1,56.46,1,Pre-notification,146,6.2,6.2,0,0,1,Medium,0.504,263
SYN-LA-01211,Punjab,Rural,State Highway,2018-10-05,2019-07-16,1.53,Agricultural,17,1,0,0,0,110.73,1,3D issued,284,72.7,59.5,32.1,28.4,1,Low,0.253,206
SYN-LA-01212,Maharashtra,Rural,State Highway,2022-08-15,2023-02-26,1.0,Commercial,3,1,0,0,0,137.45,1,3A issued,195,36.1,19.1,0,0,1,Low,0.21,162
SYN-LA-01213,West Bengal,Semi-urban,Railway,2020-10-17,2021-04-01,2.82,Agricultural,2,0,0,0,0,276.64,1,Pre-notification,166,14.0,0,0,0,0,Low,0.194,0
SYN-LA-01214,Chhattisgarh,Semi-urban,Urban Infrastructure,2020-03-16,2021-02-18,3.64,Residential,4,0,0,0,0,167.99,1,3A issued,339,51.5,32.9,6.5,0,1,Low,0.271,41
SYN-LA-01215,Karnataka,Rural,National Highway,2024-10-12,2025-10-29,16.35,Residential,5,1,0,0,0,898.51,1,3A issued,382,49.7,43.4,14.7,0,1,High,0.757,208
SYN-LA-01216,Karnataka,Rural,Urban Infrastructure,2022-11-23,2023-11-24,2.73,Agricultural,7,0,0,0,0,119.14,1,3D issued,366,88.2,65.4,38.1,21.1,1,Low,0.206,81
SYN-LA-01217,West Bengal,Semi-urban,Industrial Corridor,2022-07-10,2023-06-16,1.94,Agricultural,3,0,0,0,0,47.84,1,3D issued,341,91.9,65.1,46.8,40.6,0,Low,0.139,0
SYN-LA-01218,Punjab,Urban,Industrial Corridor,2018-02-05,2019-01-05,2.42,Agricultural,13,0,0,0,0,188.72,1,3A issued,334,53.2,39.2,17.3,12.2,0,Low,0.292,0
SYN-LA-01219,Karnataka,Urban,Industrial Corridor,2024-12-01,2026-04-29,2.11,Agricultural,27,1,1,0,1,41.46,1,3A issued,514,44.8,35.4,5.0,0,1,High,0.853,235
SYN-LA-01220,Punjab,Rural,National Highway,2021-04-22,2023-01-09,0.42,Forest,5,0,0,0,1,15.14,1,3G award,627,100,89.8,82.2,66.0,1,Low,0.252,67
SYN-LA-01221,Chhattisgarh,Urban,State Highway,2018-09-15,2020-03-27,1.43,Forest,6,0,0,0,0,116.22,1,3G award,559,100,97.6,68.6,63.1,1,Low,0.232,119
SYN-LA-01222,Madhya Pradesh,Urban,Industrial Corridor,2023-03-31,2024-08-20,3.76,Agricultural,6,1,0,0,0,102.66,1,3G award,508,95.6,89.9,72.4,57.6,0,Low,0.281,0
SYN-LA-01223,Rajasthan,Urban,Railway,2024-04-04,2024-11-23,3.13,Agricultural,6,0,0,0,0,301.61,1,3D issued,233,71.9,67.2,62.5,61.5,0,Low,0.143,0
SYN-LA-01224,Chhattisgarh,Urban,National Highway,2019-10-11,2020-08-23,1.14,Agricultural,14,0,0,0,0,27.63,1,3D issued,317,60.7,53.3,43.6,33.0,0,Low,0.223,0
SYN-LA-01225,Rajasthan,Urban,Railway,2023-05-24,2023-09-01,19.07,Agricultural,4,1,0,0,0,417.32,1,3A issued,100,38.3,19.0,10.4,0,0,High,0.796,0
SYN-LA-01226,Chhattisgarh,Rural,Urban Infrastructure,2020-05-17,2020-11-19,4.9,Commercial,7,0,1,0,0,614.87,1,3A issued,186,32.0,19.7,0,0,0,Medium,0.478,0
SYN-LA-01227,Odisha,Rural,National Highway,2023-04-16,2024-02-27,2.04,Residential,80,1,0,0,0,66.95,1,3D issued,317,76.1,65.1,40.6,35.8,0,Medium,0.545,0
SYN-LA-01228,Odisha,Urban,National Highway,2018-02-09,2019-10-13,4.16,Agricultural,10,1,1,1,0,252.68,1,3A issued,611,49.1,49.1,23.3,0,1,High,0.903,260
SYN-LA-01229,Uttar Pradesh,Rural,National Highway,2019-07-06,2020-03-04,7.85,Residential,10,1,0,1,0,128.68,1,3A issued,242,16.3,16.3,0,0,1,High,0.756,182
SYN-LA-01230,Haryana,Rural,National Highway,2024-09-28,2026-06-15,3.52,Agricultural,6,0,0,0,0,301.8,1,3G award,625,100,98.0,91.6,85.8,0,Low,0.145,0
SYN-LA-01231,West Bengal,Rural,National Highway,2018-12-13,2019-05-27,5.72,Agricultural,14,0,0,0,0,357.73,0,Pre-notification,165,0,0,0,0,1,Medium,0.505,252
SYN-LA-01232,Madhya Pradesh,Urban,Industrial Corridor,2024-02-27,2025-04-02,10.6,Forest,3,1,1,1,0,939.1,1,3A issued,400,19.2,7.5,0,0,0,High,0.947,0
SYN-LA-01233,Karnataka,Urban,Railway,2021-09-02,2022-02-04,1.75,Agricultural,15,1,0,0,1,45.36,1,3A issued,155,26.9,18.9,9.5,0,1,Medium,0.476,175
SYN-LA-01234,Rajasthan,Semi-urban,Urban Infrastructure,2024-09-29,2026-03-11,1.85,Agricultural,6,1,0,0,0,93.65,1,3D issued,528,100,63.6,56.9,36.5,1,Low,0.252,98
SYN-LA-01235,Madhya Pradesh,Rural,Urban Infrastructure,2020-05-17,2021-12-06,1.21,Residential,18,1,0,0,0,95.79,1,3G award,568,100,90.3,67.0,55.5,0,Low,0.27,0
SYN-LA-01236,Chhattisgarh,Rural,Railway,2021-10-14,2022-05-05,2.23,Agricultural,7,0,0,0,0,96.62,1,3A issued,203,51.7,33.6,15.5,2.1,0,Low,0.211,0
SYN-LA-01237,Odisha,Rural,State Highway,2021-06-27,2021-11-08,4.36,Agricultural,7,0,0,0,0,175.08,1,3A issued,134,18.3,18.3,0,0,0,Low,0.249,0
SYN-LA-01238,Punjab,Urban,Urban Infrastructure,2021-01-10,2021-08-10,1.01,Agricultural,15,1,0,0,0,76.16,1,3A issued,212,54.1,33.6,33.2,28.1,0,Low,0.252,0
SYN-LA-01239,Uttar Pradesh,Urban,State Highway,2024-12-18,2025-09-12,2.06,Agricultural,4,0,0,0,0,90.87,0,Pre-notification,268,4.3,4.3,0,0,0,Medium,0.392,0
SYN-LA-01240,Chhattisgarh,Urban,Railway,2020-09-19,2021-09-13,2.46,Agricultural,5,0,0,0,1,230.17,1,3A issued,359,52.6,43.4,33.3,22.0,0,Medium,0.354,0
SYN-LA-01241,Karnataka,Rural,Urban Infrastructure,2019-09-30,2021-07-23,0.94,Agricultural,8,0,0,0,0,25.41,1,3G award,662,100,90.3,85.4,67.1,0,Low,0.146,0
SYN-LA-01242,Odisha,Urban,Railway,2019-08-22,2020-03-12,2.19,Agricultural,3,0,0,1,0,201.39,0,Pre-notification,203,5.7,5.0,0,0,1,Medium,0.631,165
SYN-LA-01243,Odisha,Semi-urban,Railway,2024-03-26,2025-01-08,2.77,Agricultural,12,1,0,0,0,131.23,1,3A issued,288,25.9,25.9,20.8,13.1,0,Low,0.316,0
SYN-LA-01244,Maharashtra,Semi-urban,Industrial Corridor,2021-06-26,2022-01-06,20.74,Agricultural,7,1,0,0,0,1269.73,0,Pre-notification,194,2.2,2.2,0,0,1,High,0.891,312
SYN-LA-01245,Uttar Pradesh,Rural,Urban Infrastructure,2023-10-23,2025-06-17,1.83,Agricultural,6,0,0,0,1,123.62,0,3D issued,603,71.6,63.1,26.6,1.9,1,Medium,0.597,309
SYN-LA-01246,Chhattisgarh,Semi-urban,Railway,2022-02-14,2023-10-06,1.25,Commercial,23,1,0,0,1,95.25,1,3G award,599,80.5,78.8,54.2,48.1,0,Medium,0.486,0
SYN-LA-01247,Maharashtra,Urban,Industrial Corridor,2019-10-05,2021-01-15,3.62,Forest,5,0,0,0,0,106.95,0,3A issued,468,57.5,29.4,7.3,0,1,Medium,0.6,232
SYN-LA-01248,West Bengal,Semi-urban,Railway,2020-04-02,2020-10-23,2.47,Forest,11,0,0,0,0,53.42,1,Pre-notification,204,13.6,13.6,3.2,0,0,Low,0.32,0
SYN-LA-01249,Punjab,Semi-urban,Urban Infrastructure,2024-08-14,2025-03-07,0.32,Agricultural,16,0,0,0,1,33.29,1,3A issued,205,25.4,18.5,0,0,0,Low,0.315,0
SYN-LA-01250,Chhattisgarh,Urban,Urban Infrastructure,2021-12-12,2022-09-08,1.82,Agricultural,14,0,0,0,0,93.93,1,3D issued,270,85.8,59.6,44.1,35.9,0,Low,0.22,0
SYN-LA-01251,West Bengal,Semi-urban,Industrial Corridor,2019-09-24,2020-02-03,3.78,Agricultural,8,1,0,0,1,228.88,1,Pre-notification,132,2.5,0,0,0,0,Medium,0.44,0
SYN-LA-01252,West Bengal,Urban,Urban Infrastructure,2018-08-23,2019-01-20,1.99,Commercial,9,0,0,0,0,340.12,1,3A issued,150,38.5,13.6,0,0,0,Low,0.253,0
SYN-LA-01253,Madhya Pradesh,Semi-urban,Industrial Corridor,2024-11-11,2024-12-19,0.86,Agricultural,12,0,0,0,0,61.23,1,3A issued,38,15.9,7.9,0,0,0,Low,0.168,0
SYN-LA-01254,Uttar Pradesh,Rural,National Highway,2019-03-01,2021-02-18,4.21,Agricultural,10,0,0,0,0,199.11,1,3G award,720,100,95.3,76.8,59.5,1,Low,0.28,195
SYN-LA-01255,Maharashtra,Semi-urban,Urban Infrastructure,2021-04-24,2021-09-18,11.29,Residential,2,1,0,0,0,252.61,1,3D issued,147,63.6,52.5,43.3,34.0,0,Medium,0.386,0
SYN-LA-01256,Uttar Pradesh,Urban,Urban Infrastructure,2021-11-18,2022-08-25,0.49,Agricultural,3,1,0,0,0,40.48,1,3D issued,280,62.9,32.5,2.0,1.8,1,Low,0.271,91
SYN-LA-01257,Haryana,Urban,Urban Infrastructure,2019-03-06,2019-04-21,5.91,Agricultural,10,0,0,0,0,380.97,1,3A issued,46,27.1,9.8,0,0,1,Low,0.327,159
SYN-LA-01258,Haryana,Rural,State Highway,2023-03-31,2024-05-26,0.99,Agricultural,4,0,0,0,0,82.28,1,3D issued,422,75.4,62.4,30.7,15.3,0,Low,0.181,0
SYN-LA-01259,Chhattisgarh,Semi-urban,Industrial Corridor,2023-01-12,2024-10-20,2.52,Agricultural,18,1,0,0,1,130.78,1,3G award,647,97.4,85.0,56.5,43.9,1,Medium,0.52,190
SYN-LA-01260,Haryana,Urban,National Highway,2018-02-26,2018-04-26,3.86,Residential,8,0,1,1,0,163.07,1,Pre-notification,59,0,0,0,0,1,High,0.713,268
SYN-LA-01261,Uttar Pradesh,Rural,Railway,2024-10-06,2026-02-16,0.9,Residential,4,0,0,0,0,56.81,1,3G award,498,99.5,77.4,57.7,39.6,0,Low,0.158,0
SYN-LA-01262,Punjab,Semi-urban,National Highway,2023-11-14,2025-10-25,2.67,Agricultural,17,0,0,0,1,253.77,0,3G award,711,100,84.6,47.7,44.9,1,Medium,0.583,272
SYN-LA-01263,Uttar Pradesh,Rural,National Highway,2022-04-25,2024-01-13,1.29,Agricultural,5,0,0,0,0,106.17,1,3G award,628,100,93.2,89.7,72.3,0,Low,0.137,0
SYN-LA-01264,Rajasthan,Semi-urban,Urban Infrastructure,2021-03-14,2021-11-11,5.53,Residential,14,0,0,0,1,423.55,1,3A issued,242,53.9,34.6,32.4,18.7,1,Medium,0.439,127
SYN-LA-01265,Uttar Pradesh,Urban,National Highway,2022-04-01,2023-11-05,5.61,Residential,6,0,0,0,0,459.82,1,3G award,583,100,89.5,71.0,51.3,0,Low,0.323,0
SYN-LA-01266,Karnataka,Urban,Industrial Corridor,2023-12-13,2024-11-09,1.98,Residential,23,1,0,0,1,98.33,1,3A issued,332,57.0,46.6,15.0,0,0,Medium,0.618,0
SYN-LA-01267,West Bengal,Semi-urban,Industrial Corridor,2022-04-23,2023-10-19,5.75,Agricultural,8,0,0,0,0,102.4,1,3G award,544,100,93.9,63.9,43.5,0,Low,0.3,0
SYN-LA-01268,Chhattisgarh,Semi-urban,Railway,2019-05-03,2020-04-18,0.69,Agricultural,8,1,0,0,0,65.19,1,3A issued,351,45.9,37.7,21.6,0.5,0,Low,0.284,0
SYN-LA-01269,Rajasthan,Urban,State Highway,2021-05-25,2023-01-04,1.96,Agricultural,7,1,0,0,0,53.08,1,3G award,589,100,92.5,66.3,62.7,0,Low,0.254,0
SYN-LA-01270,Punjab,Semi-urban,Railway,2024-07-02,2025-10-20,6.36,Residential,33,1,1,0,1,144.62,1,3D issued,475,60.4,60.4,40.1,20.3,0,High,0.877,0
SYN-LA-01271,West Bengal,Urban,State Highway,2018-07-01,2018-12-15,0.82,Agricultural,23,1,0,0,0,83.4,1,3A issued,167,26.3,19.1,8.9,0,0,Medium,0.401,0
SYN-LA-01272,West Bengal,Rural,Urban Infrastructure,2022-01-22,2022-04-06,14.69,Commercial,6,1,0,0,0,2295.0,1,Pre-notification,74,0,0,0,0,1,Medium,0.638,278
SYN-LA-01273,Chhattisgarh,Semi-urban,National Highway,2024-04-22,2025-09-13,6.17,Agricultural,7,1,0,0,1,550.89,1,3D issued,509,60.8,45.7,33.3,20.7,1,Medium,0.58,144
SYN-LA-01274,Haryana,Semi-urban,National Highway,2019-12-13,2020-08-07,1.36,Forest,8,0,0,0,0,133.47,1,3A issued,238,59.1,39.6,29.9,27.3,0,Low,0.195,0
SYN-LA-01275,Rajasthan,Semi-urban,Industrial Corridor,2020-10-04,2022-08-31,8.09,Agricultural,3,1,0,0,0,642.79,1,3G award,696,100,100,70.0,60.3,1,Medium,0.401,189
SYN-LA-01276,Haryana,Urban,National Highway,2020-09-01,2021-04-09,5.6,Agricultural,3,0,0,0,0,544.48,1,3D issued,220,81.0,47.7,26.1,3.2,0,Low,0.311,0
SYN-LA-01277,Maharashtra,Urban,Urban Infrastructure,2024-09-01,2025-08-25,4.25,Agricultural,8,0,0,0,0,96.91,1,3D issued,358,62.6,49.4,28.8,18.1,0,Low,0.312,0
SYN-LA-01278,Haryana,Urban,National Highway,2020-04-01,2022-02-10,27.06,Agricultural,2,1,0,0,0,1063.48,1,3G award,680,100,100,87.1,83.2,1,High,0.747,152
SYN-LA-01279,Odisha,Semi-urban,Urban Infrastructure,2018-08-03,2020-07-04,0.67,Forest,3,0,0,0,0,46.55,1,3G award,701,100,100,68.6,53.0,0,Low,0.214,0
SYN-LA-01280,Chhattisgarh,Rural,State Highway,2022-01-23,2022-07-08,1.88,Residential,14,0,0,0,0,107.3,1,3A issued,166,35.4,20.9,17.9,0,0,Low,0.241,0
SYN-LA-01281,Rajasthan,Semi-urban,State Highway,2024-02-27,2025-02-17,6.67,Forest,32,1,0,0,0,257.72,1,3D issued,356,79.7,59.2,55.0,32.2,0,High,0.656,0
SYN-LA-01282,Punjab,Semi-urban,Railway,2019-03-21,2020-02-02,1.95,Agricultural,2,1,0,0,1,185.36,1,3A issued,318,53.1,53.1,20.2,4.0,0,Medium,0.355,0
SYN-LA-01283,Karnataka,Rural,Urban Infrastructure,2021-01-26,2022-11-22,2.61,Agricultural,4,0,0,0,1,240.03,1,3G award,665,100,100,71.1,66.7,0,Low,0.25,0
SYN-LA-01284,Rajasthan,Semi-urban,Industrial Corridor,2024-11-10,2025-12-08,6.48,Agricultural,4,1,0,0,0,644.71,1,3D issued,393,89.6,72.3,62.1,57.6,1,Low,0.267,154
SYN-LA-01285,West Bengal,Rural,State Highway,2018-02-10,2018-09-16,7.09,Agricultural,4,1,0,0,0,484.1,1,3A issued,218,55.9,55.5,54.1,54.0,0,Low,0.249,0
SYN-LA-01286,Chhattisgarh,Rural,Industrial Corridor,2020-06-27,2021-12-27,1.52,Residential,15,0,0,0,1,155.71,1,3D issued,548,89.4,70.8,46.0,29.1,0,Medium,0.392,0
SYN-LA-01287,Odisha,Rural,State Highway,2024-03-15,2025-11-30,1.55,Forest,2,0,0,0,0,155.88,1,3G award,625,100,82.7,65.2,39.8,0,Low,0.242,0
SYN-LA-01288,Rajasthan,Semi-urban,State Highway,2019-05-01,2019-08-02,3.94,Agricultural,39,1,0,0,0,306.98,1,Pre-notification,93,4.3,0,0,0,0,Medium,0.554,0
SYN-LA-01289,Uttar Pradesh,Rural,State Highway,2019-04-10,2021-01-14,9.69,Agricultural,33,1,0,0,0,556.54,1,3G award,645,100,100,84.8,75.1,1,High,0.652,216
SYN-LA-01290,Rajasthan,Rural,Railway,2021-10-26,2023-06-12,7.8,Agricultural,10,1,0,1,0,529.66,1,3D issued,594,88.8,55.4,53.2,36.8,1,High,0.75,267
SYN-LA-01291,Rajasthan,Semi-urban,Industrial Corridor,2018-11-03,2020-08-21,4.89,Agricultural,23,1,1,0,0,252.35,1,3D issued,657,86.8,72.7,72.0,59.2,0,High,0.658,0
SYN-LA-01292,West Bengal,Urban,Railway,2021-01-02,2022-04-24,4.15,Agricultural,8,1,0,0,0,139.26,1,3D issued,477,71.1,52.8,52.2,31.0,1,Medium,0.395,163
SYN-LA-01293,Uttar Pradesh,Semi-urban,Railway,2019-11-30,2021-05-09,0.52,Agricultural,10,0,0,0,0,32.86,1,3G award,526,100,87.1,86.2,66.1,0,Low,0.137,0
SYN-LA-01294,West Bengal,Rural,Industrial Corridor,2019-03-15,2021-01-27,1.13,Residential,12,0,0,0,0,19.13,1,3G award,684,100,100,87.1,68.2,0,Low,0.184,0
SYN-LA-01295,Madhya Pradesh,Rural,Urban Infrastructure,2023-05-25,2024-10-14,1.57,Agricultural,50,1,0,0,1,83.26,1,3D issued,508,87.4,66.4,55.5,41.8,1,High,0.698,262
SYN-LA-01296,Punjab,Urban,Industrial Corridor,2019-08-06,2020-01-26,6.65,Agricultural,18,1,0,0,1,188.33,1,3A issued,173,28.7,14.2,0,0,1,High,0.668,170
SYN-LA-01297,Madhya Pradesh,Urban,National Highway,2022-10-15,2024-03-03,1.18,Agricultural,15,0,0,0,0,96.55,1,3D issued,505,95.6,66.7,61.8,43.3,0,Low,0.246,0
SYN-LA-01298,Uttar Pradesh,Rural,Railway,2019-07-17,2020-05-11,2.46,Agricultural,1,0,0,0,0,100.28,1,3D issued,299,95.4,59.0,49.5,38.0,0,Low,0.138,0
SYN-LA-01299,Chhattisgarh,Semi-urban,State Highway,2021-03-16,2021-07-13,24.92,Agricultural,17,1,0,0,0,2111.44,1,3A issued,119,37.2,37.2,19.8,15.7,0,High,0.823,0
SYN-LA-01300,Punjab,Urban,Railway,2024-07-07,2025-09-20,2.46,Forest,48,1,0,0,0,51.97,1,3G award,440,100,77.2,51.0,47.5,1,High,0.666,266
SYN-LA-01301,West Bengal,Urban,State Highway,2020-01-10,2021-05-30,0.32,Agricultural,8,0,0,0,0,32.94,0,3D issued,506,100,69.8,35.8,25.3,1,Medium,0.366,145
SYN-LA-01302,Haryana,Rural,State Highway,2019-11-30,2021-04-25,0.76,Agricultural,5,0,0,0,0,55.66,0,3D issued,512,91.5,73.1,44.0,36.6,1,Low,0.259,83
SYN-LA-01303,Karnataka,Semi-urban,State Highway,2020-02-26,2020-11-29,2.83,Residential,41,1,1,1,0,164.71,1,Pre-notification,277,9.5,3.0,0,0,1,High,0.91,343
SYN-LA-01304,Haryana,Urban,Industrial Corridor,2023-02-02,2024-06-24,2.0,Forest,17,0,0,0,1,105.5,1,3D issued,508,100,73.6,51.0,33.0,0,Medium,0.529,0
SYN-LA-01305,Rajasthan,Urban,Industrial Corridor,2024-06-15,2024-09-28,1.87,Residential,6,1,0,0,0,144.68,1,Pre-notification,105,8.4,6.3,1.2,0,1,Low,0.275,89
SYN-LA-01306,Punjab,Semi-urban,National Highway,2020-01-11,2021-01-26,11.62,Agricultural,20,1,0,0,1,922.02,1,3D issued,381,75.2,48.8,29.4,4.2,1,High,0.814,266
SYN-LA-01307,Karnataka,Semi-urban,Industrial Corridor,2020-12-01,2022-09-30,5.56,Forest,20,0,0,1,0,544.78,1,3G award,668,100,100,75.9,52.7,1,High,0.728,246
SYN-LA-01308,Uttar Pradesh,Rural,Railway,2019-01-20,2019-04-25,12.44,Residential,6,1,0,0,0,1050.08,0,Pre-notification,95,12.1,12.1,0,0,1,High,0.714,265
SYN-LA-01309,Chhattisgarh,Urban,Urban Infrastructure,2021-03-13,2022-07-16,1.42,Agricultural,19,1,0,0,1,54.63,0,3D issued,490,70.1,64.9,42.1,26.3,1,High,0.696,203
SYN-LA-01310,Maharashtra,Rural,State Highway,2021-06-21,2022-05-12,1.87,Commercial,9,0,0,0,0,322.29,1,3D issued,325,100,69.6,48.3,47.3,0,Low,0.143,0
SYN-LA-01311,Madhya Pradesh,Urban,Industrial Corridor,2023-11-25,2024-01-30,14.76,Commercial,6,1,0,0,0,1854.72,0,Pre-notification,66,0,0,0,0,1,High,0.797,279
SYN-LA-01312,Haryana,Semi-urban,Urban Infrastructure,2024-12-23,2025-08-12,3.16,Forest,11,0,0,0,0,162.15,1,3A issued,232,43.8,19.3,9.3,0,0,Low,0.335,0
SYN-LA-01313,Maharashtra,Semi-urban,Railway,2024-05-09,2025-06-27,34.32,Residential,18,1,0,0,0,664.35,1,3G award,414,100,93.5,78.9,71.3,1,High,0.767,240
SYN-LA-01314,Uttar Pradesh,Urban,Industrial Corridor,2023-02-02,2024-11-22,3.45,Agricultural,22,1,0,0,1,200.37,1,3G award,659,100,84.2,79.3,78.9,1,Medium,0.534,141
SYN-LA-01315,Haryana,Urban,Railway,2021-07-26,2021-12-06,8.62,Agricultural,10,1,1,0,1,814.27,1,Pre-notification,133,0,0,0,0,0,High,0.821,0
SYN-LA-01316,Odisha,Urban,Railway,2021-05-24,2022-04-15,1.81,Commercial,32,1,0,0,0,107.74,0,3A issued,326,29.8,29.8,0,0,1,High,0.709,226
SYN-LA-01317,Karnataka,Semi-urban,Urban Infrastructure,2020-05-16,2021-04-25,0.38,Agricultural,6,0,0,0,0,16.93,1,3D issued,344,100,73.2,66.9,52.3,0,Low,0.101,0
SYN-LA-01318,Punjab,Urban,Railway,2024-02-29,2024-07-11,4.23,Commercial,8,0,0,0,0,354.91,1,3A issued,133,17.3,14.3,0,0,0,Low,0.281,0
SYN-LA-01319,Odisha,Rural,Urban Infrastructure,2022-07-22,2022-12-07,3.64,Commercial,4,0,0,0,0,461.82,1,Pre-notification,138,0,0,0,0,0,Low,0.214,0
SYN-LA-01320,West Bengal,Semi-urban,National Highway,2019-09-22,2020-12-26,5.81,Residential,22,1,0,0,0,215.39,1,3G award,461,100,83.0,56.9,41.9,1,Medium,0.47,131
SYN-LA-01321,Haryana,Rural,Industrial Corridor,2022-11-21,2024-02-02,8.51,Forest,2,1,0,0,0,808.83,1,3D issued,438,70.3,70.2,69.2,43.7,1,Medium,0.444,225
SYN-LA-01322,Rajasthan,Rural,Railway,2018-07-11,2019-01-17,3.44,Commercial,23,1,0,0,0,282.05,1,3D issued,190,66.8,44.6,23.2,15.2,1,Medium,0.382,162
SYN-LA-01323,Punjab,Urban,Railway,2024-03-08,2024-06-12,0.94,Agricultural,4,0,0,0,0,44.19,1,3A issued,96,26.9,2.2,0,0,0,Low,0.169,0
SYN-LA-01324,Punjab,Semi-urban,National Highway,2021-10-20,2022-01-23,1.1,Forest,18,1,0,0,0,39.09,1,Pre-notification,95,2.9,2.4,0,0,1,Low,0.344,140
SYN-LA-01325,Madhya Pradesh,Rural,State Highway,2024-02-01,2024-12-12,4.47,Commercial,8,0,0,0,0,765.78,1,3A issued,315,57.8,51.5,42.0,27.8,0,Low,0.23,0
SYN-LA-01326,Haryana,Semi-urban,Industrial Corridor,2020-01-06,2021-03-16,1.43,Agricultural,2,0,0,0,0,134.76,1,3D issued,435,84.9,68.4,54.0,31.9,0,Low,0.15,0
SYN-LA-01327,Haryana,Semi-urban,State Highway,2019-10-28,2020-09-13,2.06,Residential,6,0,0,0,1,76.59,1,3A issued,321,39.1,29.1,4.9,0,0,Low,0.338,0
SYN-LA-01328,Maharashtra,Urban,State Highway,2024-10-21,2025-09-23,1.04,Agricultural,5,1,0,0,1,71.05,1,3A issued,337,36.6,28.3,19.8,19.7,0,Medium,0.375,0
SYN-LA-01329,Karnataka,Urban,Urban Infrastructure,2020-08-18,2021-07-18,3.2,Agricultural,5,0,0,0,1,170.9,1,3A issued,334,21.1,21.1,0,0,0,Medium,0.424,0
SYN-LA-01330,Uttar Pradesh,Rural,National Highway,2021-09-10,2022-02-12,26.43,Agricultural,5,1,0,0,0,2288.01,1,3A issued,155,39.6,13.0,7.7,0,1,High,0.803,319
SYN-LA-01331,Rajasthan,Rural,State Highway,2019-07-21,2020-01-30,8.44,Agricultural,5,1,0,0,0,436.05,0,3A issued,193,40.1,28.6,0,0,1,Medium,0.605,242
SYN-LA-01332,Karnataka,Urban,Urban Infrastructure,2022-10-21,2024-09-22,4.65,Agricultural,19,1,1,0,1,479.94,1,3D issued,702,84.5,72.8,48.1,38.4,1,High,0.829,249
SYN-LA-01333,Odisha,Rural,Urban Infrastructure,2024-09-29,2024-12-22,2.8,Agricultural,12,1,0,0,0,170.07,1,3A issued,84,30.6,25.0,0,0,0,Low,0.291,0
SYN-LA-01334,Rajasthan,Rural,Railway,2023-11-25,2024-12-25,1.02,Forest,7,0,0,0,0,69.1,1,3D issued,396,62.1,59.3,53.5,39.7,0,Low,0.199,0
SYN-LA-01335,Madhya Pradesh,Urban,Urban Infrastructure,2024-11-18,2024-12-25,3.18,Commercial,14,0,0,0,1,108.88,1,Pre-notification,37,6.2,0,0,0,0,Medium,0.399,0
SYN-LA-01336,Odisha,Rural,National Highway,2020-08-27,2021-10-25,7.0,Forest,3,1,0,0,0,494.28,1,3G award,424,100,80.9,68.4,45.1,0,Medium,0.404,0
SYN-LA-01337,Rajasthan,Rural,National Highway,2023-10-15,2024-06-05,3.01,Forest,32,1,0,0,1,265.39,1,3A issued,234,39.0,15.3,0,0,1,High,0.724,278
SYN-LA-01338,West Bengal,Rural,State Highway,2020-03-17,2020-11-07,7.64,Residential,14,1,0,0,0,668.71,1,3D issued,235,79.9,51.6,33.9,21.5,0,Medium,0.45,0
SYN-LA-01339,Haryana,Rural,State Highway,2019-08-02,2020-04-04,0.85,Agricultural,13,0,0,0,0,62.48,1,3A issued,246,47.6,35.5,34.1,16.3,0,Low,0.183,0
SYN-LA-01340,Madhya Pradesh,Rural,Urban Infrastructure,2021-01-20,2022-08-06,1.94,Agricultural,9,1,0,0,0,44.21,1,3G award,563,100,94.6,68.6,65.8,0,Low,0.204,0
SYN-LA-01341,Madhya Pradesh,Semi-urban,Railway,2024-07-04,2026-04-16,16.87,Agricultural,3,1,0,0,0,1331.87,0,3D issued,651,96.3,72.9,55.2,52.9,1,High,0.81,169
SYN-LA-01342,Rajasthan,Urban,Industrial Corridor,2024-06-14,2025-12-09,5.06,Residential,13,0,0,0,0,149.58,1,3G award,543,100,100,99.0,91.2,1,Low,0.226,195
SYN-LA-01343,Chhattisgarh,Semi-urban,National Highway,2024-09-12,2025-07-04,8.99,Residential,8,1,0,0,0,494.45,1,3A issued,295,42.9,23.2,0,0,0,Medium,0.54,0
SYN-LA-01344,Haryana,Urban,State Highway,2023-10-07,2024-04-12,5.31,Agricultural,24,1,0,0,1,126.52,1,Pre-notification,188,8.0,6.4,4.2,0,1,High,0.687,323
SYN-LA-01345,Haryana,Rural,State Highway,2018-10-26,2020-04-02,2.09,Agricultural,23,1,0,0,1,150.37,1,3A issued,524,56.0,55.2,49.2,35.5,1,Medium,0.517,186
SYN-LA-01346,Haryana,Semi-urban,State Highway,2024-10-30,2026-01-27,2.5,Residential,30,1,0,0,0,181.36,1,3G award,454,100,96.5,68.0,51.7,1,Medium,0.372,158
SYN-LA-01347,Uttar Pradesh,Urban,National Highway,2022-04-20,2023-08-03,2.83,Agricultural,7,0,0,0,0,106.52,1,3G award,470,100,100,83.8,66.9,1,Low,0.185,136
SYN-LA-01348,Haryana,Semi-urban,National Highway,2018-09-29,2020-03-05,1.81,Residential,2,0,0,0,0,33.26,1,3G award,523,100,83.9,53.4,36.0,1,Low,0.167,78
SYN-LA-01349,Madhya Pradesh,Urban,Urban Infrastructure,2018-11-13,2019-03-17,1.44,Residential,12,0,0,0,0,24.06,1,Pre-notification,124,14.9,14.4,3.9,0,0,Low,0.24,0
SYN-LA-01350,Uttar Pradesh,Urban,Industrial Corridor,2020-02-06,2021-11-26,0.46,Agricultural,7,0,0,0,0,36.88,1,3G award,659,100,100,84.2,67.8,1,Low,0.176,106
SYN-LA-01351,West Bengal,Rural,State Highway,2020-05-26,2021-06-17,1.56,Agricultural,3,0,0,0,0,41.82,1,3A issued,387,58.5,28.6,12.1,11.8,1,Low,0.198,68
SYN-LA-01352,Rajasthan,Urban,Urban Infrastructure,2021-03-14,2022-01-01,2.73,Agricultural,4,0,0,0,0,82.21,0,3A issued,293,18.9,12.2,0,0,0,Medium,0.414,0
SYN-LA-01353,Rajasthan,Urban,Railway,2021-05-30,2021-11-26,7.17,Forest,3,1,0,0,1,467.15,1,3A issued,180,39.8,25.4,14.6,7.8,0,Medium,0.641,0
SYN-LA-01354,Uttar Pradesh,Rural,National Highway,2021-03-17,2021-04-20,1.49,Agricultural,5,0,0,0,1,39.73,1,Pre-notification,34,0,0,0,0,0,Low,0.243,0
SYN-LA-01355,Karnataka,Urban,State Highway,2020-11-14,2021-11-09,5.55,Agricultural,7,0,0,0,0,556.76,0,3D issued,360,77.9,58.2,30.3,28.9,1,Medium,0.447,210
SYN-LA-01356,Karnataka,Semi-urban,Urban Infrastructure,2018-08-04,2019-02-06,4.62,Forest,26,1,0,1,1,333.59,0,Pre-notification,186,8.2,0,0,0,1,High,0.93,332
SYN-LA-01357,West Bengal,Urban,Industrial Corridor,2019-09-29,2020-05-15,1.02,Agricultural,15,1,0,0,0,97.94,0,3A issued,229,21.0,15.6,0,0,0,Medium,0.515,0
SYN-LA-01358,Maharashtra,Urban,Railway,2018-10-02,2020-04-01,4.82,Forest,6,0,0,0,0,367.35,1,3G award,547,100,90.2,88.3,64.0,1,Low,0.312,168
SYN-LA-01359,Chhattisgarh,Urban,National Highway,2021-05-28,2022-06-22,3.95,Agricultural,12,0,0,0,0,178.81,1,3D issued,390,73.3,56.6,28.9,18.9,1,Medium,0.351,216
SYN-LA-01360,Punjab,Urban,Industrial Corridor,2018-02-15,2019-05-08,19.22,Agricultural,4,1,0,0,0,1190.09,1,3G award,447,86.6,76.6,44.8,25.2,1,High,0.813,288
SYN-LA-01361,Uttar Pradesh,Semi-urban,State Highway,2020-04-23,2020-08-29,2.35,Agricultural,4,0,0,0,0,148.05,0,Pre-notification,128,0,0,0,0,0,Low,0.3,0
SYN-LA-01362,Punjab,Urban,Railway,2024-01-12,2025-06-13,3.58,Forest,6,1,0,0,1,332.16,1,3D issued,518,67.1,52.0,24.6,2.9,0,High,0.663,0
SYN-LA-01363,West Bengal,Urban,State Highway,2021-11-18,2022-01-11,1.47,Agricultural,4,0,0,0,0,118.92,1,Pre-notification,54,13.6,1.9,0,0,0,Low,0.186,0
SYN-LA-01364,Odisha,Semi-urban,State Highway,2019-02-13,2020-04-19,0.62,Residential,5,0,0,1,0,42.51,1,3D issued,431,61.8,46.0,38.6,14.7,1,Medium,0.416,200
SYN-LA-01365,Odisha,Rural,National Highway,2018-07-17,2020-05-04,4.01,Agricultural,3,0,0,0,0,135.91,1,3G award,657,100,100,94.3,85.8,1,Low,0.153,76
SYN-LA-01366,Maharashtra,Semi-urban,National Highway,2023-10-23,2025-06-21,4.31,Residential,15,0,0,0,0,259.54,0,3G award,607,100,82.3,59.9,46.7,0,Medium,0.454,0
SYN-LA-01367,Rajasthan,Semi-urban,Industrial Corridor,2023-03-08,2024-05-11,1.2,Agricultural,2,0,1,0,0,123.62,1,3D issued,430,71.6,59.4,53.7,51.0,0,Low,0.24,0
SYN-LA-01368,Uttar Pradesh,Rural,Railway,2023-11-09,2025-07-05,1.53,Agricultural,2,0,0,0,1,25.1,1,3D issued,604,82.9,67.9,53.6,50.7,0,Low,0.252,0
SYN-LA-01369,Chhattisgarh,Semi-urban,State Highway,2019-04-19,2019-10-21,2.51,Agricultural,30,1,1,0,0,154.64,1,Pre-notification,185,10.0,0,0,0,1,High,0.67,230
SYN-LA-01370,Haryana,Urban,National Highway,2021-04-19,2021-07-24,6.07,Residential,10,1,1,0,1,611.49,1,Pre-notification,96,9.3,0,0,0,0,High,0.753,0
SYN-LA-01371,Karnataka,Semi-urban,National Highway,2021-01-26,2022-02-24,0.48,Residential,21,1,0,0,0,32.35,0,3D issued,394,80.9,43.0,16.5,0,1,Medium,0.528,191
SYN-LA-01372,Punjab,Semi-urban,Railway,2021-03-31,2022-09-16,4.36,Residential,10,0,0,0,0,319.71,1,3G award,534,100,96.6,95.3,92.2,0,Low,0.144,0
SYN-LA-01373,West Bengal,Rural,National Highway,2023-01-28,2025-01-13,8.82,Agricultural,3,1,0,0,0,235.72,1,3G award,716,100,100,90.0,79.4,0,Medium,0.376,0
SYN-LA-01374,Karnataka,Semi-urban,State Highway,2022-02-08,2024-01-15,1.95,Agricultural,4,1,0,0,0,118.47,1,3G award,706,100,85.6,58.1,46.8,0,Low,0.253,0
SYN-LA-01375,Uttar Pradesh,Rural,Urban Infrastructure,2019-04-20,2020-06-23,1.35,Agricultural,12,0,0,0,0,129.02,1,3D issued,430,100,69.7,65.7,44.9,0,Low,0.182,0
SYN-LA-01376,Odisha,Rural,State Highway,2024-07-29,2026-05-01,4.77,Agricultural,4,0,0,0,0,88.12,1,3G award,641,100,98.8,74.4,62.1,0,Low,0.221,0
SYN-LA-01377,Uttar Pradesh,Semi-urban,Urban Infrastructure,2019-12-24,2021-04-06,5.81,Forest,9,0,0,0,0,254.57,1,3G award,469,100,93.6,93.1,84.0,0,Low,0.245,0
SYN-LA-01378,Haryana,Urban,Railway,2022-03-10,2023-01-28,4.44,Agricultural,6,1,0,0,0,78.95,1,3D issued,324,71.9,53.7,28.5,28.1,1,Low,0.328,166
SYN-LA-01379,Odisha,Semi-urban,National Highway,2024-04-11,2025-08-03,2.27,Agricultural,4,0,0,0,0,109.8,1,3D issued,479,70.9,55.8,35.5,16.2,0,Low,0.23,0
SYN-LA-01380,Uttar Pradesh,Urban,National Highway,2022-02-07,2022-07-27,1.92,Commercial,3,0,0,0,0,327.01,0,3A issued,170,21.3,1.7,0,0,1,Low,0.345,135
SYN-LA-01381,Haryana,Rural,Railway,2019-11-27,2020-03-06,4.54,Agricultural,13,0,0,0,0,76.8,1,Pre-notification,100,9.2,0,0,0,0,Low,0.275,0
SYN-LA-01382,Madhya Pradesh,Urban,National Highway,2019-05-24,2019-11-10,0.98,Forest,7,0,0,0,0,17.0,1,3D issued,170,61.6,53.1,22.8,20.6,0,Low,0.221,0
SYN-LA-01383,Madhya Pradesh,Urban,Railway,2018-02-22,2020-02-09,5.27,Residential,5,1,0,0,0,361.58,1,3G award,717,100,100,77.7,69.9,0,Low,0.35,0
SYN-LA-01384,Maharashtra,Urban,Industrial Corridor,2019-07-10,2019-10-10,0.92,Residential,5,0,0,0,0,45.25,1,Pre-notification,92,10.4,0,0,0,0,Low,0.181,0
SYN-LA-01385,Haryana,Rural,Railway,2021-11-13,2023-07-28,1.04,Agricultural,8,0,0,0,0,65.41,1,3G award,622,100,86.9,75.7,50.2,0,Low,0.174,0
SYN-LA-01386,Madhya Pradesh,Urban,Railway,2020-10-24,2022-02-25,8.5,Residential,4,1,0,0,0,652.89,1,3G award,489,100,88.1,86.0,68.8,1,Medium,0.371,228
SYN-LA-01387,Karnataka,Urban,Industrial Corridor,2020-05-02,2021-12-17,3.72,Agricultural,18,0,1,1,1,371.07,1,3D issued,594,60.6,43.0,40.7,13.8,1,High,0.916,302
SYN-LA-01388,Karnataka,Urban,National Highway,2024-07-09,2025-08-04,3.04,Agricultural,2,1,0,0,0,241.02,1,3D issued,391,75.9,60.9,33.3,12.4,0,Low,0.32,0
SYN-LA-01389,West Bengal,Semi-urban,Urban Infrastructure,2022-11-25,2023-01-06,3.56,Forest,10,0,0,0,0,75.8,0,3A issued,42,19.0,0,0,0,0,Medium,0.436,0
SYN-LA-01390,Rajasthan,Urban,Railway,2023-01-10,2024-03-01,1.44,Forest,5,0,0,0,0,89.19,1,3D issued,416,62.6,42.9,29.9,9.9,0,Low,0.328,0
SYN-LA-01391,Karnataka,Urban,Urban Infrastructure,2024-06-03,2026-02-25,2.42,Agricultural,7,0,0,0,0,158.61,1,3G award,632,100,100,92.1,79.3,0,Low,0.172,0
SYN-LA-01392,West Bengal,Urban,Urban Infrastructure,2018-11-09,2020-08-27,1.25,Forest,12,0,0,0,0,65.91,1,3G award,657,100,98.1,68.3,53.6,0,Low,0.327,0
SYN-LA-01393,Madhya Pradesh,Rural,National Highway,2023-09-02,2024-05-15,2.65,Agricultural,17,0,0,0,0,171.73,1,Pre-notification,256,14.7,5.4,0,0,0,Low,0.299,0
SYN-LA-01394,Rajasthan,Urban,Industrial Corridor,2019-07-05,2020-10-01,1.04,Commercial,2,0,0,0,0,127.3,1,3G award,454,100,94.4,81.6,60.8,0,Low,0.132,0
SYN-LA-01395,Rajasthan,Rural,Urban Infrastructure,2019-10-27,2020-05-10,2.08,Commercial,12,0,0,0,0,256.91,1,3D issued,196,75.7,51.8,44.6,41.9,0,Low,0.148,0
SYN-LA-01396,West Bengal,Semi-urban,Railway,2023-12-23,2025-10-31,1.24,Forest,8,1,0,0,0,101.1,1,3G award,678,100,100,75.4,74.1,0,Low,0.264,0
SYN-LA-01397,Uttar Pradesh,Urban,Industrial Corridor,2018-12-21,2020-10-31,8.47,Agricultural,4,1,0,0,0,643.98,1,3G award,680,100,88.8,65.9,46.9,1,Medium,0.532,180
SYN-LA-01398,Maharashtra,Semi-urban,Urban Infrastructure,2023-02-24,2023-04-12,3.86,Agricultural,18,0,0,0,0,263.05,0,Pre-notification,47,10.9,7.1,0,0,0,Medium,0.418,0
SYN-LA-01399,West Bengal,Urban,National Highway,2020-03-27,2020-12-10,2.12,Forest,9,0,0,0,0,206.24,1,3A issued,258,49.4,49.4,47.6,33.5,0,Low,0.265,0
SYN-LA-01400,Punjab,Rural,State Highway,2021-05-24,2023-01-29,2.71,Agricultural,9,0,0,0,0,62.47,1,3G award,615,100,98.3,87.0,76.4,1,Low,0.154,100
SYN-LA-01401,Madhya Pradesh,Semi-urban,Urban Infrastructure,2021-11-13,2022-12-26,1.63,Agricultural,9,0,1,0,0,101.1,1,3A issued,408,46.5,46.5,37.7,25.2,1,Medium,0.366,233
SYN-LA-01402,Karnataka,Rural,National Highway,2018-10-18,2020-07-23,6.38,Agricultural,65,1,1,0,1,499.97,1,3D issued,644,75.4,64.5,55.5,39.7,1,High,0.928,270
SYN-LA-01403,Rajasthan,Semi-urban,Urban Infrastructure,2020-10-31,2021-06-13,1.16,Agricultural,4,0,0,0,0,21.77,1,3D issued,225,63.1,38.2,9.1,0,0,Low,0.178,0
SYN-LA-01404,Haryana,Urban,Urban Infrastructure,2019-07-05,2020-04-07,5.51,Agricultural,1,0,0,0,0,381.36,1,3D issued,277,83.5,50.7,32.5,23.0,0,Low,0.255,0
SYN-LA-01405,Rajasthan,Rural,State Highway,2019-11-13,2020-05-17,2.17,Commercial,23,1,0,0,1,107.71,1,Pre-notification,186,0,0,0,0,1,Medium,0.527,259
SYN-LA-01406,Uttar Pradesh,Semi-urban,Railway,2021-03-29,2022-09-02,6.6,Residential,23,1,0,0,0,526.88,1,3G award,522,100,94.5,73.8,48.2,1,Medium,0.509,184
SYN-LA-01407,Haryana,Rural,Industrial Corridor,2022-06-02,2023-09-11,3.25,Residential,11,0,1,0,0,157.22,0,3A issued,466,35.6,35.6,13.1,7.0,1,High,0.668,222
SYN-LA-01408,Chhattisgarh,Semi-urban,National Highway,2020-12-24,2022-05-31,1.41,Agricultural,4,0,0,0,0,51.02,1,3G award,523,98.4,78.7,61.6,43.1,0,Low,0.164,0
SYN-LA-01409,Uttar Pradesh,Rural,Industrial Corridor,2020-04-04,2021-02-02,4.78,Agricultural,12,0,0,0,0,414.46,1,3A issued,304,25.6,25.6,3.8,0,0,Medium,0.358,0
SYN-LA-01410,Maharashtra,Urban,Railway,2022-02-04,2023-12-19,3.89,Agricultural,2,0,0,0,0,358.66,1,3G award,683,100,100,99.2,77.4,1,Low,0.199,140
SYN-LA-01411,Madhya Pradesh,Semi-urban,Urban Infrastructure,2018-03-27,2019-06-21,6.47,Residential,5,1,0,0,0,578.6,1,3D issued,451,69.4,69.4,68.6,65.1,0,Low,0.264,0
SYN-LA-01412,Odisha,Semi-urban,Industrial Corridor,2018-02-21,2019-12-08,3.0,Forest,4,0,0,0,0,55.64,1,3G award,655,100,97.2,75.5,49.6,0,Low,0.276,0
SYN-LA-01413,Maharashtra,Rural,Industrial Corridor,2019-07-24,2021-01-01,6.27,Agricultural,6,1,1,1,0,443.26,1,3A issued,527,28.8,28.8,0,0,1,High,0.88,272
SYN-LA-01414,Odisha,Urban,Industrial Corridor,2021-09-28,2023-03-04,0.72,Forest,40,1,1,1,1,31.53,1,3A issued,522,25.7,19.4,17.0,0,1,High,0.973,287
SYN-LA-01415,Rajasthan,Rural,State Highway,2019-11-09,2021-06-19,3.83,Agricultural,7,0,0,0,0,296.2,1,3G award,588,97.7,89.8,66.3,59.8,0,Low,0.207,0
SYN-LA-01416,Uttar Pradesh,Semi-urban,National Highway,2019-10-09,2020-01-07,4.75,Agricultural,16,1,0,0,0,171.25,1,Pre-notification,90,6.8,0,0,0,1,Medium,0.392,218
SYN-LA-01417,Madhya Pradesh,Semi-urban,State Highway,2019-05-12,2020-09-05,2.28,Agricultural,11,0,0,0,1,198.39,1,3G award,482,100,82.5,69.8,53.8,1,Low,0.276,100
SYN-LA-01418,Chhattisgarh,Semi-urban,Railway,2022-03-17,2023-12-05,6.76,Agricultural,1,1,0,0,0,582.27,1,3G award,628,100,91.6,90.5,75.7,1,Low,0.278,183
SYN-LA-01419,Punjab,Urban,Urban Infrastructure,2024-01-06,2024-07-09,6.19,Agricultural,9,1,0,0,0,170.88,1,3A issued,185,43.0,40.3,23.7,18.1,1,Medium,0.384,134
SYN-LA-01420,Odisha,Semi-urban,Railway,2024-12-06,2025-06-07,2.68,Residential,10,0,0,0,1,68.68,1,Pre-notification,183,11.6,11.6,0,0,0,Medium,0.354,0
SYN-LA-01421,Maharashtra,Semi-urban,Railway,2021-01-30,2021-09-20,3.13,Agricultural,52,1,1,1,0,202.7,1,Pre-notification,233,0.9,0,0,0,1,High,0.934,229
SYN-LA-01422,Haryana,Urban,Industrial Corridor,2021-08-07,2021-11-07,7.65,Agricultural,9,1,0,0,0,513.04,1,3A issued,92,19.9,10.3,0,0,0,Medium,0.471,0
SYN-LA-01423,Karnataka,Semi-urban,National Highway,2018-07-03,2018-08-04,1.49,Agricultural,7,0,0,0,0,34.23,1,3A issued,32,15.8,0,0,0,0,Low,0.151,0
SYN-LA-01424,Maharashtra,Rural,Urban Infrastructure,2023-03-13,2025-02-26,1.98,Residential,3,1,0,0,0,100.2,1,3G award,716,100,100,95.8,73.7,1,Low,0.192,91
SYN-LA-01425,Uttar Pradesh,Urban,State Highway,2023-03-05,2024-12-14,3.53,Agricultural,18,0,0,0,0,326.46,1,3G award,650,100,85.9,65.9,46.4,1,Medium,0.392,141
SYN-LA-01426,Rajasthan,Rural,State Highway,2020-03-27,2021-01-24,15.54,Residential,14,1,0,0,0,578.18,1,3A issued,303,50.5,34.2,5.6,0,0,High,0.782,0
SYN-LA-01427,Maharashtra,Semi-urban,Railway,2021-08-29,2022-04-01,1.43,Residential,31,1,0,0,1,41.26,1,3A issued,215,42.1,39.3,24.5,12.0,0,Medium,0.535,0
SYN-LA-01428,Madhya Pradesh,Semi-urban,Railway,2022-04-30,2022-08-17,2.57,Forest,16,0,0,0,0,254.61,1,3A issued,109,22.5,13.5,0,0,0,Low,0.317,0
SYN-LA-01429,Chhattisgarh,Rural,Railway,2020-12-07,2022-07-09,2.46,Agricultural,7,0,0,0,1,184.08,1,3D issued,579,98.8,74.7,44.8,41.6,0,Low,0.329,0
SYN-LA-01430,West Bengal,Semi-urban,State Highway,2021-05-23,2021-11-29,4.39,Residential,5,0,0,0,0,282.16,0,Pre-notification,190,13.6,6.8,0,0,0,Medium,0.39,0
SYN-LA-01431,Odisha,Rural,Industrial Corridor,2019-05-22,2019-09-07,1.83,Agricultural,7,1,0,0,0,56.58,1,Pre-notification,108,8.2,8.2,0,0,1,Low,0.237,135
SYN-LA-01432,Rajasthan,Urban,National Highway,2019-02-10,2020-06-27,7.98,Agricultural,9,1,0,0,0,404.5,1,3D issued,503,94.7,68.3,42.3,39.8,1,Medium,0.507,169
SYN-LA-01433,Uttar Pradesh,Rural,State Highway,2022-03-10,2023-02-28,0.82,Agricultural,6,0,0,0,0,32.05,1,3G award,355,97.4,79.6,76.3,75.0,0,Low,0.089,0
SYN-LA-01434,Odisha,Urban,Industrial Corridor,2021-07-20,2022-03-22,2.57,Agricultural,13,0,0,0,0,161.81,1,3A issued,245,59.1,45.4,31.1,13.9,0,Low,0.282,0
SYN-LA-01435,Haryana,Urban,State Highway,2021-01-19,2021-03-08,0.89,Agricultural,5,0,0,0,0,39.97,1,3A issued,48,17.4,16.5,9.6,1.9,0,Low,0.165,0
SYN-LA-01436,Haryana,Semi-urban,Railway,2024-08-04,2025-06-20,4.63,Agricultural,16,1,0,0,0,466.48,1,3A issued,320,34.3,34.3,1.4,0,1,Medium,0.452,220
SYN-LA-01437,Rajasthan,Semi-urban,Industrial Corridor,2022-12-22,2023-08-13,5.09,Agricultural,9,0,0,0,0,508.65,1,3D issued,234,64.5,42.9,23.3,1.8,1,Low,0.306,192
SYN-LA-01438,West Bengal,Semi-urban,National Highway,2019-05-06,2021-02-18,3.26,Agricultural,5,0,0,1,0,105.91,1,3G award,654,100,94.9,94.8,80.2,1,Medium,0.37,137
SYN-LA-01439,Haryana,Urban,National Highway,2023-11-01,2024-07-09,1.27,Agricultural,23,1,0,0,0,90.93,1,3A issued,251,33.0,33.0,17.3,0.7,0,Medium,0.428,0
SYN-LA-01440,Punjab,Semi-urban,State Highway,2021-07-21,2022-07-16,2.01,Agricultural,9,0,0,0,0,72.14,1,3D issued,360,66.4,41.1,38.6,17.8,0,Low,0.204,0
SYN-LA-01441,Karnataka,Semi-urban,Urban Infrastructure,2023-07-15,2024-02-10,2.8,Agricultural,7,1,1,0,0,193.88,1,3A issued,210,21.2,21.2,0,0,1,Medium,0.476,187
SYN-LA-01442,Rajasthan,Semi-urban,Industrial Corridor,2023-05-22,2024-01-04,2.7,Agricultural,3,0,0,0,0,222.22,1,3D issued,227,66.5,64.1,60.7,50.3,0,Low,0.114,0
SYN-LA-01443,Maharashtra,Rural,National Highway,2021-11-12,2023-05-16,10.35,Commercial,13,1,0,0,0,1337.45,1,3G award,550,95.9,80.1,64.5,47.2,0,Medium,0.552,0
SYN-LA-01444,Uttar Pradesh,Urban,Urban Infrastructure,2021-05-01,2021-06-09,1.66,Agricultural,8,0,0,0,0,47.99,0,Pre-notification,39,9.7,0,0,0,0,Low,0.332,0
SYN-LA-01445,Haryana,Urban,National Highway,2024-03-11,2025-06-05,6.24,Agricultural,5,1,0,0,0,254.19,1,3G award,451,100,87.2,73.4,49.2,1,Medium,0.353,205
SYN-LA-01446,Haryana,Urban,Industrial Corridor,2018-01-07,2019-05-15,5.72,Agricultural,12,0,0,0,0,499.78,1,3D issued,493,98.5,73.8,41.0,29.8,0,Medium,0.395,0
SYN-LA-01447,Madhya Pradesh,Urban,Railway,2023-06-14,2025-02-20,1.08,Residential,5,0,0,0,0,25.03,1,3G award,617,100,96.1,73.3,67.9,0,Low,0.16,0
SYN-LA-01448,Odisha,Rural,Railway,2022-02-27,2024-01-23,3.12,Agricultural,6,0,0,0,1,263.25,1,3G award,695,100,91.7,69.9,55.8,1,Low,0.334,205
SYN-LA-01449,Rajasthan,Rural,Railway,2019-05-08,2019-10-23,0.92,Commercial,7,0,0,0,0,52.14,1,3A issued,168,36.9,14.0,8.6,0,1,Low,0.176,129
SYN-LA-01450,Haryana,Urban,Railway,2024-02-16,2024-05-08,9.41,Agricultural,5,1,0,0,0,268.58,1,Pre-notification,82,14.0,0,0,0,1,Medium,0.494,157
SYN-LA-01451,Chhattisgarh,Rural,Railway,2024-05-02,2026-04-12,0.41,Agricultural,2,1,0,0,0,13.83,1,3G award,710,100,100,93.1,81.8,0,Low,0.145,0
SYN-LA-01452,Haryana,Semi-urban,State Highway,2021-04-04,2023-03-21,2.95,Forest,15,1,0,0,0,190.03,0,3G award,716,100,100,70.0,66.6,0,Medium,0.542,0
SYN-LA-01453,Punjab,Urban,Railway,2021-06-02,2022-06-10,0.77,Agricultural,27,1,0,0,0,69.74,1,3D issued,373,89.0,71.8,45.7,42.7,1,Low,0.34,86
SYN-LA-01454,Haryana,Urban,Railway,2020-06-24,2021-02-22,2.79,Agricultural,5,0,1,1,0,107.85,1,Pre-notification,243,1.3,0,0,0,1,High,0.717,207
SYN-LA-01455,West Bengal,Rural,Urban Infrastructure,2020-10-07,2022-04-16,0.62,Agricultural,11,0,0,0,1,60.57,1,3G award,556,100,100,93.0,78.6,0,Low,0.202,0
SYN-LA-01456,Rajasthan,Rural,Railway,2020-03-11,2021-07-30,4.73,Residential,4,0,0,0,1,462.34,1,3D issued,506,80.5,63.6,30.8,15.9,0,Medium,0.433,0
SYN-LA-01457,Maharashtra,Rural,National Highway,2022-12-13,2024-04-09,1.36,Agricultural,21,1,0,0,1,73.69,1,3D issued,483,64.2,53.1,31.7,21.0,0,Medium,0.514,0
SYN-LA-01458,Punjab,Urban,National Highway,2018-12-16,2020-07-02,1.47,Agricultural,19,0,0,0,0,153.82,0,3G award,564,100,80.3,44.4,26.7,0,Medium,0.488,0
SYN-LA-01459,Karnataka,Rural,State Highway,2019-06-12,2020-09-04,4.76,Forest,18,0,1,0,0,429.44,1,3D issued,450,61.4,45.8,32.7,6.7,0,High,0.7,0
SYN-LA-01460,Rajasthan,Semi-urban,National Highway,2023-08-07,2024-03-11,8.37,Agricultural,19,1,0,1,0,472.83,1,Pre-notification,217,0,0,0,0,1,High,0.809,265
SYN-LA-01461,Rajasthan,Urban,Industrial Corridor,2018-08-25,2019-09-01,0.58,Residential,4,0,0,0,0,56.02,1,3D issued,372,77.3,45.2,25.0,9.7,0,Low,0.216,0
SYN-LA-01462,Uttar Pradesh,Rural,Industrial Corridor,2023-05-08,2023-07-06,0.77,Agricultural,36,1,0,0,1,52.87,1,3A issued,59,29.6,12.0,0,0,0,Medium,0.554,0
SYN-LA-01463,Madhya Pradesh,Semi-urban,Railway,2022-03-17,2023-11-01,2.14,Residential,18,0,0,0,1,165.76,1,3G award,594,100,83.4,71.0,63.3,1,Low,0.331,146
SYN-LA-01464,Rajasthan,Urban,Urban Infrastructure,2022-05-29,2022-09-05,7.33,Agricultural,6,1,0,0,0,564.55,0,3A issued,99,15.7,9.5,0,0,1,Medium,0.6,142
SYN-LA-01465,Punjab,Rural,National Highway,2018-01-04,2019-03-08,13.11,Agricultural,6,1,0,0,0,917.74,1,3D issued,428,100,74.9,46.2,36.4,0,Medium,0.564,0
SYN-LA-01466,Haryana,Semi-urban,Urban Infrastructure,2018-03-19,2019-03-31,1.43,Forest,7,0,0,0,0,44.39,1,3D issued,377,96.4,62.0,50.7,30.8,0,Low,0.217,0
SYN-LA-01467,Haryana,Rural,Railway,2024-05-17,2024-10-16,32.29,Forest,14,1,0,0,0,3088.35,1,3A issued,152,45.6,36.3,4.5,0.5,1,High,0.879,266
SYN-LA-01468,Maharashtra,Semi-urban,National Highway,2023-02-27,2024-06-22,4.44,Agricultural,14,0,1,0,0,213.46,1,3D issued,481,63.2,61.7,59.4,46.4,0,Medium,0.461,0
SYN-LA-01469,Madhya Pradesh,Rural,National Highway,2022-09-02,2023-03-24,3.8,Agricultural,2,0,0,0,1,96.49,1,3A issued,203,35.0,27.2,21.7,19.7,0,Low,0.267,0
SYN-LA-01470,Chhattisgarh,Urban,National Highway,2024-06-08,2025-11-02,4.12,Commercial,4,0,0,0,0,481.33,0,3D issued,512,91.1,69.1,38.2,37.1,0,Medium,0.42,0
SYN-LA-01471,Haryana,Urban,Railway,2019-07-02,2020-01-24,10.75,Agricultural,8,1,0,0,0,339.1,1,3A issued,206,19.5,19.5,6.8,0,0,Medium,0.612,0
SYN-LA-01472,Odisha,Urban,Railway,2018-08-21,2019-06-27,2.1,Agricultural,4,0,0,0,0,192.96,1,3A issued,310,44.0,42.4,10.5,9.1,0,Low,0.241,0
SYN-LA-01473,Punjab,Urban,Industrial Corridor,2020-03-29,2020-05-18,2.56,Agricultural,5,0,0,0,0,230.38,0,Pre-notification,50,0,0,0,0,1,Low,0.314,137
SYN-LA-01474,Maharashtra,Semi-urban,National Highway,2018-01-16,2019-06-07,1.06,Residential,11,0,0,0,0,32.96,1,3D issued,507,78.1,68.6,67.8,62.6,0,Low,0.145,0
SYN-LA-01475,Karnataka,Semi-urban,Urban Infrastructure,2023-06-08,2024-03-19,5.68,Agricultural,5,0,0,0,0,562.79,1,3A issued,285,38.5,28.0,22.4,4.2,1,Low,0.291,168
SYN-LA-01476,Maharashtra,Semi-urban,National Highway,2023-06-19,2024-10-17,1.86,Agricultural,14,0,0,1,0,136.06,0,3A issued,486,57.2,41.3,13.5,0,1,High,0.737,187
SYN-LA-01477,Maharashtra,Semi-urban,Urban Infrastructure,2020-06-30,2022-06-19,3.75,Agricultural,6,0,0,0,1,318.78,1,3G award,719,100,100,67.2,55.3,0,Medium,0.356,0
SYN-LA-01478,Karnataka,Rural,Industrial Corridor,2022-01-12,2022-04-19,4.65,Agricultural,6,0,1,0,0,90.77,1,Pre-notification,97,6.1,6.1,0,0,0,Medium,0.408,0
SYN-LA-01479,Karnataka,Urban,National Highway,2024-09-20,2025-02-03,0.42,Agricultural,9,0,0,1,0,40.57,1,Pre-notification,136,11.0,4.9,0,0,0,Medium,0.427,0
SYN-LA-01480,Chhattisgarh,Semi-urban,State Highway,2020-08-12,2021-02-19,3.55,Agricultural,8,0,0,0,0,265.06,1,Pre-notification,191,5.6,0,0,0,0,Low,0.252,0
SYN-LA-01481,Maharashtra,Urban,Industrial Corridor,2020-12-15,2021-11-18,6.79,Forest,12,1,1,0,0,567.17,1,3A issued,338,39.2,37.5,21.1,9.9,1,High,0.789,230
SYN-LA-01482,Haryana,Urban,Railway,2021-06-13,2022-01-05,4.39,Agricultural,19,0,0,0,0,146.11,1,3D issued,206,61.8,41.8,13.9,0,0,Medium,0.406,0
SYN-LA-01483,Rajasthan,Urban,State Highway,2022-04-22,2023-12-17,2.65,Agricultural,40,1,0,0,0,261.62,1,3G award,604,100,100,71.3,59.0,0,Medium,0.562,0
SYN-LA-01484,Maharashtra,Urban,Urban Infrastructure,2023-03-15,2024-04-20,10.14,Commercial,15,1,0,0,0,687.36,1,3G award,402,100,82.7,56.5,48.8,1,Medium,0.561,187
SYN-LA-01485,Odisha,Urban,Urban Infrastructure,2019-06-29,2021-01-28,9.17,Agricultural,3,1,0,0,0,382.76,1,3G award,579,100,100,68.5,62.7,0,Medium,0.448,0
SYN-LA-01486,Rajasthan,Rural,State Highway,2023-12-14,2024-06-05,3.14,Agricultural,13,0,0,0,0,203.9,1,3A issued,174,16.6,16.6,1.6,0,0,Low,0.266,0
SYN-LA-01487,Madhya Pradesh,Semi-urban,State Highway,2022-06-07,2023-05-18,2.2,Agricultural,3,1,0,0,0,193.33,1,3D issued,345,100,63.0,53.7,43.1,0,Low,0.176,0
SYN-LA-01488,Chhattisgarh,Urban,Railway,2024-09-01,2025-05-19,3.25,Agricultural,46,1,1,0,1,160.28,1,3A issued,260,49.1,17.3,12.6,0,0,High,0.908,0
SYN-LA-01489,West Bengal,Urban,State Highway,2022-07-10,2022-09-01,4.72,Agricultural,3,1,0,0,0,326.52,1,Pre-notification,53,0,0,0,0,0,Low,0.326,0
SYN-LA-01490,West Bengal,Semi-urban,Industrial Corridor,2018-03-06,2018-09-17,1.28,Forest,21,1,0,0,0,89.14,1,3A issued,195,50.5,36.0,32.0,26.8,1,Low,0.348,194
SYN-LA-01491,Rajasthan,Semi-urban,National Highway,2023-06-08,2024-05-22,4.48,Residential,45,1,0,0,1,277.54,1,3D issued,349,69.0,36.7,24.4,20.2,0,High,0.762,0
SYN-LA-01492,Odisha,Urban,Railway,2024-09-01,2026-02-01,1.33,Residential,27,1,1,0,1,125.26,1,3G award,518,91.6,78.2,69.9,56.8,1,High,0.718,247
SYN-LA-01493,Haryana,Rural,National Highway,2020-11-10,2021-05-08,3.82,Commercial,6,0,0,0,0,267.1,1,3A issued,179,42.0,27.0,19.9,0,1,Low,0.232,170
SYN-LA-01494,West Bengal,Semi-urban,State Highway,2019-11-16,2021-01-07,1.07,Agricultural,3,0,0,0,0,43.52,1,3G award,418,88.6,85.7,57.0,47.0,0,Low,0.128,0
SYN-LA-01495,Chhattisgarh,Urban,National Highway,2019-06-08,2019-08-05,5.18,Residential,30,1,0,0,1,165.27,0,Pre-notification,58,0,0,0,0,1,High,0.812,312
SYN-LA-01496,Punjab,Urban,State Highway,2022-02-08,2022-11-20,1.63,Residential,12,1,0,1,0,110.88,1,3A issued,285,21.9,0,0,0,0,Medium,0.626,0
SYN-LA-01497,Chhattisgarh,Urban,National Highway,2021-10-20,2023-05-08,10.47,Agricultural,9,1,0,0,1,910.33,1,3G award,565,100,100,78.1,54.5,1,High,0.7,286
SYN-LA-01498,Karnataka,Rural,Industrial Corridor,2020-12-19,2022-01-10,1.88,Residential,6,0,0,0,0,146.32,1,3D issued,387,73.2,52.2,27.7,8.9,0,Low,0.214,0
SYN-LA-01499,Chhattisgarh,Rural,Railway,2024-04-20,2025-09-19,1.64,Agricultural,13,0,0,0,0,98.97,1,3G award,517,100,95.1,69.5,45.5,0,Low,0.21,0
SYN-LA-01500,Chhattisgarh,Rural,Urban Infrastructure,2020-10-04,2021-06-08,13.77,Agricultural,3,1,0,0,0,697.16,1,3D issued,247,65.8,42.7,36.8,21.8,1,Medium,0.569,122
SYN-LA-01501,Karnataka,Urban,State Highway,2024-04-09,2026-02-21,5.97,Residential,6,0,0,0,0,190.38,1,3G award,683,100,93.5,71.9,65.6,1,Low,0.302,159
SYN-LA-01502,Uttar Pradesh,Urban,National Highway,2020-04-13,2020-12-14,2.73,Agricultural,11,1,0,0,0,155.93,1,3A issued,245,52.7,32.9,24.3,11.9,0,Medium,0.356,0
SYN-LA-01503,Odisha,Urban,Railway,2023-05-27,2024-08-07,1.54,Agricultural,7,0,0,0,0,89.86,1,3A issued,438,56.7,46.4,15.8,9.5,0,Low,0.282,0
SYN-LA-01504,Rajasthan,Rural,Industrial Corridor,2024-08-08,2026-02-15,1.94,Agricultural,7,0,1,1,1,87.89,0,3A issued,556,22.5,0.5,0,0,1,High,0.911,341
SYN-LA-01505,Madhya Pradesh,Urban,Railway,2019-03-05,2020-10-24,6.89,Agricultural,9,1,0,0,0,171.85,1,3G award,599,100,100,73.1,64.6,0,Medium,0.412,0
SYN-LA-01506,Madhya Pradesh,Rural,National Highway,2018-10-01,2020-06-04,2.95,Residential,4,0,0,0,0,109.69,1,3G award,612,100,100,83.9,81.9,0,Low,0.133,0
SYN-LA-01507,Haryana,Semi-urban,Urban Infrastructure,2024-12-09,2025-03-20,0.67,Agricultural,4,1,0,0,0,40.41,1,Pre-notification,101,13.9,13.9,0,0,0,Low,0.183,0
SYN-LA-01508,Chhattisgarh,Semi-urban,Industrial Corridor,2018-10-05,2019-05-11,3.18,Forest,12,0,0,0,0,283.29,1,3D issued,218,63.8,57.6,52.4,35.9,0,Low,0.248,0
SYN-LA-01509,Madhya Pradesh,Semi-urban,State Highway,2024-08-18,2026-03-03,9.54,Agricultural,22,1,0,0,0,898.14,1,3G award,562,100,96.7,95.7,73.1,1,Medium,0.514,190
SYN-LA-01510,Uttar Pradesh,Urban,Industrial Corridor,2021-05-19,2021-10-24,16.82,Residential,6,1,0,0,0,1332.99,1,3A issued,158,32.9,30.9,14.3,10.2,1,High,0.75,230
SYN-LA-01511,Madhya Pradesh,Semi-urban,National Highway,2020-09-17,2021-12-29,4.29,Residential,5,0,0,0,1,247.53,1,3G award,468,100,91.8,59.8,55.2,1,Low,0.282,135
SYN-LA-01512,Uttar Pradesh,Semi-urban,National Highway,2019-11-04,2021-03-26,10.58,Residential,7,1,0,0,0,269.12,1,3D issued,508,92.8,69.5,38.8,36.3,0,Medium,0.545,0
SYN-LA-01513,Rajasthan,Rural,Urban Infrastructure,2021-04-07,2022-05-28,11.27,Residential,7,1,1,0,1,900.32,1,3A issued,416,43.3,28.5,23.6,11.6,1,High,0.865,337
SYN-LA-01514,Uttar Pradesh,Urban,Railway,2023-08-12,2025-06-02,3.26,Agricultural,23,1,0,0,0,263.32,1,3G award,660,100,80.0,65.2,53.6,0,Medium,0.485,0
SYN-LA-01515,Karnataka,Rural,Railway,2020-01-15,2021-10-28,4.76,Agricultural,11,0,0,0,0,185.72,1,3G award,652,100,92.2,60.1,53.5,1,Low,0.279,136
SYN-LA-01516,Haryana,Semi-urban,Railway,2020-09-20,2021-01-15,7.6,Residential,7,1,0,0,0,161.97,1,Pre-notification,117,0,0,0,0,1,Medium,0.402,149
SYN-LA-01517,Chhattisgarh,Rural,Industrial Corridor,2019-11-26,2020-09-30,2.27,Forest,6,0,0,0,0,78.62,0,3A issued,309,56.5,43.4,14.3,0,1,Medium,0.453,185
SYN-LA-01518,Karnataka,Semi-urban,Railway,2019-06-19,2020-02-18,3.96,Agricultural,10,0,0,0,0,314.66,1,3A issued,244,41.6,33.7,12.0,0,0,Low,0.277,0
SYN-LA-01519,Madhya Pradesh,Semi-urban,State Highway,2023-05-04,2025-04-17,6.19,Agricultural,6,1,0,0,0,412.9,1,3G award,714,100,100,96.5,71.4,0,Low,0.327,0
SYN-LA-01520,Madhya Pradesh,Urban,Railway,2019-02-13,2021-01-18,1.48,Agricultural,2,0,0,0,1,112.5,0,3D issued,705,82.2,69.6,39.5,34.2,0,Medium,0.519,0
SYN-LA-01521,Maharashtra,Urban,State Highway,2022-03-04,2022-04-27,7.12,Residential,5,1,0,0,1,324.3,0,Pre-notification,54,0,0,0,0,1,High,0.693,228
SYN-LA-01522,Uttar Pradesh,Rural,State Highway,2021-05-23,2021-10-14,6.04,Commercial,6,1,0,1,0,814.24,1,Pre-notification,144,12.0,2.5,0,0,1,Medium,0.644,197
SYN-LA-01523,Punjab,Semi-urban,Urban Infrastructure,2020-08-09,2020-12-27,4.97,Agricultural,5,0,0,0,0,210.53,1,Pre-notification,140,14.9,14.9,0,0,0,Low,0.237,0
SYN-LA-01524,Haryana,Urban,Railway,2021-06-11,2022-02-02,0.93,Agricultural,9,0,0,0,0,72.3,0,3A issued,236,34.2,33.9,0,0,0,Medium,0.366,0
SYN-LA-01525,Rajasthan,Semi-urban,Urban Infrastructure,2024-09-24,2025-12-25,2.78,Agricultural,13,0,0,0,0,81.4,1,3G award,457,82.9,75.7,74.8,67.8,0,Low,0.169,0
SYN-LA-01526,West Bengal,Urban,Railway,2019-06-24,2021-04-09,2.73,Forest,5,0,0,0,0,94.55,1,3G award,655,100,92.3,87.8,66.6,0,Low,0.28,0
SYN-LA-01527,Maharashtra,Urban,Urban Infrastructure,2024-09-28,2024-12-15,3.42,Agricultural,12,0,0,0,1,80.26,1,3A issued,78,22.0,20.1,0.5,0,0,Medium,0.408,0
SYN-LA-01528,Chhattisgarh,Urban,Urban Infrastructure,2018-03-05,2018-11-07,7.69,Commercial,4,1,0,0,0,376.79,1,3A issued,247,51.8,41.4,17.6,0,0,Medium,0.502,0
SYN-LA-01529,Chhattisgarh,Rural,Railway,2022-06-16,2022-12-25,6.34,Forest,7,1,0,0,0,103.45,1,3A issued,192,44.4,35.3,9.5,0,1,Medium,0.488,119
SYN-LA-01530,Rajasthan,Urban,National Highway,2020-12-10,2021-02-10,2.14,Agricultural,9,0,0,0,0,105.91,0,Pre-notification,62,11.6,1.5,0,0,0,Medium,0.354,0
SYN-LA-01531,Chhattisgarh,Semi-urban,State Highway,2024-02-09,2024-06-15,2.56,Agricultural,39,1,0,0,0,69.63,1,3A issued,127,51.4,43.8,19.2,15.0,1,Medium,0.471,236
SYN-LA-01532,Rajasthan,Rural,Urban Infrastructure,2022-02-07,2023-10-26,3.2,Agricultural,18,0,0,0,0,325.21,1,3G award,626,100,76.9,65.8,62.6,0,Low,0.263,0
SYN-LA-01533,Madhya Pradesh,Urban,Industrial Corridor,2020-04-04,2020-05-31,4.62,Agricultural,7,0,0,1,0,345.89,1,Pre-notification,57,0.5,0,0,0,1,Medium,0.534,183
SYN-LA-01534,Chhattisgarh,Rural,State Highway,2019-09-20,2021-05-14,6.03,Agricultural,11,1,0,0,1,309.8,1,3G award,602,98.9,86.3,83.9,83.2,0,Medium,0.427,0
SYN-LA-01535,Maharashtra,Urban,Urban Infrastructure,2018-04-12,2018-12-27,16.66,Forest,6,1,0,0,0,1219.78,1,3A issued,259,30.5,10.8,0,0,1,High,0.84,328
SYN-LA-01536,Haryana,Rural,State Highway,2018-11-11,2019-06-23,3.66,Agricultural,14,0,0,0,0,198.71,1,3D issued,224,67.5,43.9,19.0,12.7,0,Low,0.259,0
SYN-LA-01537,Madhya Pradesh,Urban,Urban Infrastructure,2020-10-16,2021-11-26,0.35,Agricultural,11,0,0,0,0,26.44,1,3A issued,406,57.7,46.7,21.6,20.5,0,Low,0.231,0
SYN-LA-01538,Madhya Pradesh,Urban,National Highway,2019-01-27,2019-07-05,6.55,Forest,8,1,0,0,0,268.28,1,3A issued,159,30.7,27.0,0,0,1,Medium,0.539,214
SYN-LA-01539,Odisha,Semi-urban,Railway,2021-12-12,2023-11-09,2.47,Agricultural,8,0,0,0,1,210.76,0,3G award,697,100,100,50.2,28.3,0,Medium,0.573,0
SYN-LA-01540,West Bengal,Urban,Industrial Corridor,2022-03-09,2022-07-24,2.98,Residential,6,0,0,0,0,177.36,1,Pre-notification,137,5.9,0,0,0,0,Low,0.256,0
SYN-LA-01541,Maharashtra,Urban,Railway,2021-06-23,2021-10-19,1.04,Agricultural,5,0,0,0,0,38.3,1,Pre-notification,118,0,0,0,0,0,Low,0.19,0
SYN-LA-01542,Odisha,Rural,Urban Infrastructure,2023-06-20,2023-08-15,4.79,Agricultural,23,1,1,0,0,158.86,1,Pre-notification,56,10.5,5.8,0,0,1,Medium,0.641,249
SYN-LA-01543,Madhya Pradesh,Urban,National Highway,2019-06-30,2020-04-03,0.7,Agricultural,11,0,0,0,0,20.21,1,3A issued,278,39.3,22.3,0,0,0,Low,0.257,0
SYN-LA-01544,Karnataka,Rural,State Highway,2022-04-08,2023-10-26,1.37,Agricultural,11,1,0,0,1,25.95,1,3D issued,566,82.7,51.8,22.6,12.6,0,Medium,0.477,0
SYN-LA-01545,Chhattisgarh,Urban,Urban Infrastructure,2022-02-27,2023-06-17,2.21,Agricultural,11,0,0,0,0,67.88,1,3G award,475,79.8,78.1,57.0,31.4,0,Low,0.28,0
SYN-LA-01546,Odisha,Semi-urban,Railway,2021-05-04,2022-10-31,1.04,Agricultural,4,0,0,0,0,70.07,1,3G award,545,100,100,79.4,70.3,0,Low,0.115,0
SYN-LA-01547,Odisha,Semi-urban,National Highway,2023-07-13,2024-10-03,3.85,Agricultural,10,0,0,0,0,181.75,1,3G award,448,100,79.3,72.2,69.7,0,Low,0.172,0
SYN-LA-01548,Uttar Pradesh,Urban,Railway,2021-11-01,2023-04-13,4.84,Commercial,16,1,0,0,0,203.97,0,3G award,528,100,83.1,35.9,20.9,1,High,0.689,248
SYN-LA-01549,Uttar Pradesh,Rural,Railway,2021-12-14,2022-04-11,2.94,Agricultural,9,1,1,0,0,77.35,1,3A issued,118,16.9,9.5,0,0,0,Medium,0.488,0
SYN-LA-01550,Rajasthan,Urban,Industrial Corridor,2019-06-04,2019-12-18,3.78,Agricultural,9,1,0,0,1,151.23,1,Pre-notification,197,0,0,0,0,0,Medium,0.525,0
SYN-LA-01551,Chhattisgarh,Rural,State Highway,2022-05-18,2024-01-14,3.29,Residential,3,0,0,0,0,124.99,0,3G award,606,100,100,74.4,68.4,0,Low,0.266,0
SYN-LA-01552,Chhattisgarh,Urban,National Highway,2022-10-31,2023-09-25,9.48,Agricultural,5,1,0,0,0,941.37,1,3A issued,329,56.3,27.1,0,0,0,Medium,0.602,0
SYN-LA-01553,Rajasthan,Urban,National Highway,2022-07-05,2023-10-27,0.89,Residential,13,0,1,0,0,82.8,1,3D issued,479,69.3,69.3,46.5,30.4,1,Medium,0.448,91
SYN-LA-01554,Maharashtra,Rural,State Highway,2024-09-14,2026-06-09,3.0,Agricultural,7,0,0,0,0,225.25,1,3D issued,633,100,73.6,45.7,41.1,1,Low,0.24,207
SYN-LA-01555,Uttar Pradesh,Rural,National Highway,2022-12-28,2023-06-04,2.85,Agricultural,6,0,0,0,0,249.83,1,3A issued,158,55.7,48.2,20.9,13.3,1,Low,0.187,181
SYN-LA-01556,Karnataka,Rural,Railway,2020-01-22,2020-11-06,1.07,Agricultural,14,1,0,1,1,83.07,1,Pre-notification,289,2.8,0,0,0,1,High,0.701,248
SYN-LA-01557,Chhattisgarh,Rural,Railway,2018-05-28,2020-04-10,2.26,Residential,9,1,0,0,0,138.67,1,3G award,683,100,100,77.7,61.0,0,Low,0.265,0
SYN-LA-01558,Haryana,Urban,Industrial Corridor,2019-05-30,2020-09-05,8.41,Agricultural,26,1,0,0,0,150.16,1,3G award,464,100,76.8,63.3,60.1,0,Medium,0.575,0
SYN-LA-01559,Chhattisgarh,Semi-urban,State Highway,2021-06-01,2022-01-02,1.64,Residential,4,0,0,0,0,77.27,1,3A issued,215,15.3,15.3,4.8,0,0,Low,0.189,0
SYN-LA-01560,Maharashtra,Rural,Urban Infrastructure,2024-06-11,2025-05-29,7.13,Forest,19,1,0,1,1,299.85,1,Pre-notification,352,0,0,0,0,1,High,0.914,274
SYN-LA-01561,Karnataka,Semi-urban,Industrial Corridor,2021-04-25,2022-05-12,1.52,Commercial,3,0,0,0,0,219.47,1,3D issued,382,61.5,52.2,19.4,6.7,0,Low,0.193,0
SYN-LA-01562,Chhattisgarh,Rural,State Highway,2021-08-25,2023-03-12,2.34,Residential,2,0,0,0,1,239.4,1,3G award,564,89.6,84.6,54.2,50.1,0,Low,0.26,0
SYN-LA-01563,Uttar Pradesh,Urban,National Highway,2020-03-20,2021-08-11,11.73,Residential,1,1,0,0,0,732.73,1,3G award,509,100,91.8,90.3,84.8,0,Medium,0.424,0
SYN-LA-01564,Haryana,Semi-urban,National Highway,2022-02-15,2024-01-19,4.99,Commercial,12,0,0,0,1,291.67,1,3G award,703,100,100,75.6,62.2,0,Medium,0.414,0
SYN-LA-01565,Odisha,Urban,State Highway,2022-02-07,2023-09-12,6.82,Residential,31,1,1,1,0,250.29,0,3A issued,582,22.1,12.7,0,0,1,High,0.98,327
SYN-LA-01566,Rajasthan,Rural,Urban Infrastructure,2020-10-17,2021-03-26,0.97,Residential,14,0,0,0,0,53.17,1,3A issued,160,26.3,1.0,0,0,0,Low,0.213,0
SYN-LA-01567,Odisha,Semi-urban,State Highway,2024-09-28,2026-01-10,0.99,Residential,12,0,0,0,0,22.28,1,3G award,469,100,78.9,46.0,41.6,1,Low,0.185,70
SYN-LA-01568,Madhya Pradesh,Semi-urban,State Highway,2018-07-31,2019-10-30,1.53,Agricultural,22,1,0,1,0,153.37,1,3D issued,456,63.2,56.3,44.3,33.7,1,Medium,0.61,202
SYN-LA-01569,Odisha,Semi-urban,Railway,2024-04-30,2025-10-06,3.65,Agricultural,4,0,0,0,0,148.08,1,3G award,524,100,94.0,72.4,55.3,0,Low,0.183,0
SYN-LA-01570,Maharashtra,Rural,State Highway,2018-04-02,2018-08-02,6.8,Agricultural,11,1,1,0,0,570.57,1,Pre-notification,122,6.4,0,0,0,1,Medium,0.625,157
SYN-LA-01571,Uttar Pradesh,Semi-urban,Urban Infrastructure,2018-07-27,2020-04-07,5.82,Agricultural,10,0,0,0,0,489.01,1,3G award,620,100,100,84.5,61.2,1,Low,0.291,88
SYN-LA-01572,Uttar Pradesh,Urban,Urban Infrastructure,2022-11-04,2023-04-08,2.13,Agricultural,7,0,0,0,0,81.47,1,Pre-notification,155,0,0,0,0,1,Low,0.247,135
SYN-LA-01573,Maharashtra,Urban,Urban Infrastructure,2019-12-20,2020-09-21,2.67,Residential,7,0,0,0,1,251.7,1,3A issued,276,43.7,43.7,36.9,22.2,0,Low,0.339,0
SYN-LA-01574,Odisha,Rural,Industrial Corridor,2022-12-17,2024-04-26,1.74,Residential,16,0,0,0,0,176.18,1,3D issued,496,100,68.8,42.3,33.6,0,Low,0.253,0
SYN-LA-01575,West Bengal,Urban,National Highway,2023-12-04,2024-01-15,6.45,Forest,5,1,0,0,0,316.46,1,Pre-notification,42,13.2,13.2,0,0,1,Medium,0.48,159
SYN-LA-01576,Chhattisgarh,Urban,Urban Infrastructure,2023-05-19,2024-08-26,10.07,Agricultural,3,1,0,0,0,753.95,1,3G award,465,100,100,77.4,62.5,1,Medium,0.44,174
SYN-LA-01577,Rajasthan,Rural,National Highway,2020-08-23,2021-11-05,0.91,Residential,7,0,1,1,1,19.07,1,3A issued,439,31.8,20.2,14.4,0,0,High,0.801,0
SYN-LA-01578,Odisha,Semi-urban,National Highway,2020-04-07,2020-11-03,2.02,Residential,9,0,0,0,0,109.71,0,3A issued,210,23.0,0,0,0,0,Low,0.348,0
SYN-LA-01579,Chhattisgarh,Rural,Urban Infrastructure,2021-09-11,2022-07-23,5.72,Agricultural,9,1,0,0,0,455.22,1,3D issued,315,70.6,48.5,20.3,8.2,1,Medium,0.414,192
SYN-LA-01580,Uttar Pradesh,Semi-urban,Urban Infrastructure,2019-12-23,2021-10-09,6.41,Agricultural,22,1,1,0,0,626.54,1,3D issued,656,87.7,60.5,50.4,44.4,1,High,0.746,234
SYN-LA-01581,Chhattisgarh,Rural,Railway,2023-07-19,2024-08-25,0.93,Forest,14,1,1,0,0,92.21,1,3A issued,403,59.2,46.6,30.7,15.8,1,Medium,0.595,249
SYN-LA-01582,Chhattisgarh,Rural,Railway,2020-11-21,2021-10-11,3.3,Residential,24,1,0,1,1,146.46,1,3A issued,324,42.8,29.7,18.2,5.3,1,High,0.828,223
SYN-LA-01583,Punjab,Semi-urban,State Highway,2024-03-18,2024-10-20,1.2,Agricultural,31,1,0,1,0,64.25,1,Pre-notification,216,12.5,9.1,0,0,1,High,0.685,175
SYN-LA-01584,Maharashtra,Urban,Urban Infrastructure,2020-09-03,2022-04-06,2.68,Agricultural,4,0,0,0,0,247.74,1,3D issued,580,87.0,72.8,66.4,55.8,1,Low,0.207,137
SYN-LA-01585,Haryana,Urban,Urban Infrastructure,2020-04-04,2022-01-06,0.48,Residential,10,0,0,0,0,32.92,1,3G award,642,100,92.5,74.4,65.2,0,Low,0.182,0
SYN-LA-01586,West Bengal,Semi-urban,Industrial Corridor,2019-08-07,2019-10-31,3.3,Agricultural,9,0,0,0,1,222.14,1,3A issued,85,19.3,6.2,0,0,0,Low,0.337,0
SYN-LA-01587,Maharashtra,Urban,Urban Infrastructure,2018-10-21,2019-12-06,3.81,Residential,9,0,1,0,0,93.71,1,3A issued,411,56.4,25.7,12.3,0,0,Medium,0.59,0
SYN-LA-01588,Rajasthan,Urban,State Highway,2019-11-17,2020-03-16,2.02,Residential,34,1,1,0,1,43.31,1,Pre-notification,120,3.9,0,0,0,1,High,0.812,242
SYN-LA-01589,Haryana,Urban,Urban Infrastructure,2023-07-20,2024-07-15,4.36,Commercial,8,0,0,0,0,540.24,1,3G award,361,95.0,79.5,75.0,55.3,0,Low,0.212,0
SYN-LA-01590,Chhattisgarh,Rural,Railway,2021-08-11,2022-10-06,1.08,Commercial,5,0,0,0,0,155.81,1,3D issued,421,82.4,60.2,35.5,9.9,0,Low,0.209,0
SYN-LA-01591,Karnataka,Urban,Urban Infrastructure,2023-11-01,2024-07-14,4.06,Agricultural,7,0,0,0,0,101.39,1,3D issued,256,75.9,56.0,29.8,16.4,0,Low,0.265,0
SYN-LA-01592,Rajasthan,Semi-urban,Railway,2022-08-28,2023-08-22,5.2,Residential,17,0,0,0,1,269.9,1,3D issued,359,74.5,54.3,25.4,21.9,0,Medium,0.486,0
SYN-LA-01593,West Bengal,Semi-urban,Urban Infrastructure,2018-04-16,2019-08-22,2.7,Agricultural,50,1,1,0,1,70.48,1,3A issued,493,45.3,28.4,17.1,0,0,High,0.922,0
SYN-LA-01594,West Bengal,Urban,Urban Infrastructure,2018-05-07,2018-12-17,4.53,Agricultural,9,0,0,0,0,262.75,1,3D issued,224,65.7,42.2,36.7,30.1,1,Low,0.262,175
SYN-LA-01595,Punjab,Urban,Railway,2022-05-12,2022-07-09,12.4,Forest,6,1,0,0,0,618.21,1,Pre-notification,58,5.5,5.5,0,0,0,High,0.669,0
SYN-LA-01596,Haryana,Semi-urban,Industrial Corridor,2019-08-02,2020-12-16,1.64,Commercial,6,0,0,0,0,220.85,1,3D issued,502,97.5,74.9,55.8,36.8,1,Low,0.178,135
SYN-LA-01597,Karnataka,Rural,Urban Infrastructure,2024-01-08,2025-07-20,1.68,Agricultural,17,0,0,0,1,48.58,1,3G award,559,85.6,75.5,47.8,28.0,1,Medium,0.403,108
SYN-LA-01598,Odisha,Semi-urban,Railway,2021-02-19,2021-07-01,1.38,Agricultural,13,0,0,0,1,47.0,1,Pre-notification,132,5.7,5.7,0,0,1,Low,0.32,165
SYN-LA-01599,Uttar Pradesh,Urban,State Highway,2018-01-10,2018-12-21,1.3,Residential,12,0,0,0,1,69.02,1,3D issued,345,62.3,49.8,38.6,17.9,0,Medium,0.387,0
SYN-LA-01600,Karnataka,Semi-urban,Urban Infrastructure,2024-01-13,2025-12-13,0.64,Agricultural,1,1,0,0,0,30.51,1,3G award,700,100,98.9,71.3,68.5,0,Low,0.157,0
SYN-LA-01601,Rajasthan,Semi-urban,National Highway,2019-12-30,2020-07-16,0.92,Agricultural,5,1,0,0,1,94.15,1,3A issued,199,49.3,30.2,11.8,0,0,Low,0.337,0
SYN-LA-01602,Rajasthan,Semi-urban,Railway,2023-11-14,2025-04-19,3.4,Agricultural,9,0,0,0,0,87.94,0,3G award,522,100,75.0,26.4,5.1,0,Medium,0.488,0
SYN-LA-01603,Odisha,Urban,State Highway,2022-12-17,2024-03-20,1.36,Forest,16,0,0,1,0,117.25,1,3D issued,459,70.9,53.4,52.2,31.7,1,Medium,0.633,269
SYN-LA-01604,Karnataka,Urban,Urban Infrastructure,2023-11-11,2025-05-27,1.6,Agricultural,2,1,0,0,0,154.81,1,3G award,563,100,100,71.1,50.1,1,Low,0.227,153
SYN-LA-01605,Punjab,Urban,Urban Infrastructure,2018-09-20,2020-08-13,1.94,Commercial,22,1,0,0,0,214.36,1,3G award,693,100,99.4,99.0,78.5,1,Low,0.332,143
SYN-LA-01606,Odisha,Urban,Railway,2020-01-27,2021-10-09,0.89,Agricultural,13,0,0,0,0,63.54,1,3G award,621,100,78.4,52.8,27.9,0,Low,0.31,0
SYN-LA-01607,Punjab,Rural,Industrial Corridor,2019-01-02,2019-06-06,2.83,Agricultural,7,0,0,1,0,282.03,1,Pre-notification,155,11.3,0,0,0,1,Medium,0.436,163
SYN-LA-01608,Uttar Pradesh,Rural,Railway,2020-05-22,2021-11-23,1.64,Forest,6,0,0,0,0,30.38,1,3G award,550,100,96.5,66.5,63.0,0,Low,0.198,0
SYN-LA-01609,Odisha,Urban,Railway,2023-09-18,2024-02-19,1.41,Agricultural,3,0,0,0,0,97.64,0,Pre-notification,154,0,0,0,0,0,Low,0.317,0
SYN-LA-01610,Haryana,Urban,Industrial Corridor,2020-03-25,2021-03-05,9.47,Agricultural,8,1,0,0,0,427.07,0,3D issued,345,67.2,67.2,44.2,19.2,1,High,0.697,279
SYN-LA-01611,Rajasthan,Semi-urban,National Highway,2020-09-13,2022-02-11,0.88,Residential,6,1,0,1,1,35.0,1,3A issued,516,57.4,56.5,41.6,30.4,0,Medium,0.628,0
SYN-LA-01612,Haryana,Rural,State Highway,2023-05-13,2025-04-09,1.12,Agricultural,13,0,0,0,1,19.66,0,3G award,697,100,99.4,69.6,57.7,0,Medium,0.455,0
SYN-LA-01613,Haryana,Semi-urban,Industrial Corridor,2022-04-19,2023-07-06,9.74,Agricultural,13,1,0,0,0,854.06,1,3D issued,443,93.6,72.5,67.0,59.8,0,Medium,0.442,0
SYN-LA-01614,Karnataka,Urban,State Highway,2023-01-28,2024-10-13,1.87,Agricultural,10,0,0,0,0,32.32,1,3G award,624,100,100,79.8,64.9,0,Low,0.206,0
SYN-LA-01615,Chhattisgarh,Semi-urban,Industrial Corridor,2022-04-29,2023-05-10,1.89,Residential,13,1,1,0,0,131.66,1,3A issued,376,55.4,49.5,21.5,4.0,1,Medium,0.564,166
SYN-LA-01616,Karnataka,Urban,Industrial Corridor,2021-01-04,2021-05-14,0.94,Forest,6,0,0,0,0,71.38,1,3A issued,130,41.3,41.3,37.1,20.7,0,Low,0.199,0
SYN-LA-01617,Karnataka,Semi-urban,Urban Infrastructure,2019-07-06,2019-09-30,3.28,Residential,13,0,0,0,1,149.12,0,Pre-notification,86,0,0,0,0,1,Medium,0.498,155
SYN-LA-01618,West Bengal,Urban,Industrial Corridor,2023-08-01,2024-06-19,11.16,Agricultural,4,1,0,0,1,525.65,1,3A issued,323,53.5,32.8,12.8,4.9,1,High,0.752,293
SYN-LA-01619,Punjab,Urban,Industrial Corridor,2020-07-09,2020-11-26,3.93,Agricultural,13,0,1,0,0,336.28,1,3A issued,140,36.7,15.1,0,0,0,Medium,0.514,0
SYN-LA-01620,Haryana,Semi-urban,Urban Infrastructure,2019-11-30,2020-07-19,13.26,Agricultural,8,1,1,0,0,957.85,1,3A issued,232,26.8,11.6,0,0,1,High,0.811,203
SYN-LA-01621,Rajasthan,Rural,Urban Infrastructure,2024-03-06,2025-05-05,5.68,Agricultural,22,1,0,0,1,313.28,1,3D issued,425,88.4,68.2,62.6,37.2,1,Medium,0.599,208
SYN-LA-01622,Chhattisgarh,Rural,Urban Infrastructure,2019-03-17,2019-07-09,4.27,Agricultural,2,0,0,0,0,435.73,0,3A issued,114,23.3,5.6,0,0,0,Low,0.334,0
SYN-LA-01623,Punjab,Rural,Railway,2018-06-07,2019-04-07,1.51,Residential,2,0,0,0,1,50.75,1,3D issued,304,64.0,50.6,27.2,11.9,0,Low,0.246,0
SYN-LA-01624,West Bengal,Rural,Industrial Corridor,2020-12-24,2022-05-31,9.26,Forest,2,1,0,0,0,967.7,1,3G award,523,100,96.0,64.7,49.1,1,Medium,0.501,174
SYN-LA-01625,Punjab,Semi-urban,State Highway,2024-03-04,2025-10-19,3.02,Residential,17,0,0,0,0,83.09,1,3G award,594,100,100,94.1,81.4,1,Low,0.185,60
SYN-LA-01626,Odisha,Urban,Industrial Corridor,2020-08-11,2020-10-18,5.52,Agricultural,5,0,0,0,0,90.66,1,Pre-notification,68,14.3,0,0,0,0,Low,0.295,0
SYN-LA-01627,Haryana,Rural,Industrial Corridor,2024-04-28,2024-12-25,3.05,Agricultural,14,1,0,0,0,67.58,1,3A issued,241,34.0,34.0,30.4,10.2,1,Low,0.322,213
SYN-LA-01628,Maharashtra,Semi-urban,National Highway,2020-11-30,2021-11-18,1.11,Forest,7,1,0,0,0,110.58,0,3A issued,353,28.3,25.9,0.7,0,1,Medium,0.51,244
SYN-LA-01629,West Bengal,Urban,Urban Infrastructure,2019-03-12,2020-09-07,2.78,Residential,11,0,0,0,0,252.47,1,3G award,545,97.4,75.4,50.2,32.4,0,Low,0.318,0
SYN-LA-01630,West Bengal,Rural,Urban Infrastructure,2024-08-07,2026-07-11,1.37,Agricultural,10,0,0,0,0,137.56,1,3G award,703,100,100,87.6,66.8,0,Low,0.186,0
SYN-LA-01631,Rajasthan,Semi-urban,Railway,2021-01-01,2022-05-25,0.53,Commercial,11,0,0,0,0,69.06,1,3D issued,509,78.3,69.8,58.9,44.8,0,Low,0.172,0
SYN-LA-01632,West Bengal,Urban,State Highway,2021-04-18,2022-03-14,2.57,Agricultural,16,0,0,0,0,164.98,1,3D issued,330,98.1,64.7,63.7,61.1,0,Low,0.207,0
SYN-LA-01633,Odisha,Semi-urban,Urban Infrastructure,2021-12-22,2022-11-05,1.58,Agricultural,53,1,0,0,1,64.0,1,3D issued,318,60.9,41.8,25.9,8.0,0,High,0.744,0
SYN-LA-01634,Punjab,Semi-urban,National Highway,2022-05-20,2024-03-08,2.47,Agricultural,5,0,0,0,1,145.82,1,3G award,658,100,100,81.8,77.0,0,Low,0.221,0
SYN-LA-01635,Uttar Pradesh,Rural,Urban Infrastructure,2020-06-16,2020-09-06,6.32,Forest,6,1,0,0,0,291.81,1,3A issued,82,46.3,21.3,5.4,0.7,0,Medium,0.44,0
SYN-LA-01636,Uttar Pradesh,Semi-urban,State Highway,2019-01-17,2020-02-01,5.76,Agricultural,10,1,0,0,1,295.55,1,3D issued,380,86.0,59.4,33.8,20.8,1,Medium,0.549,239
SYN-LA-01637,Karnataka,Semi-urban,Railway,2023-04-20,2024-11-06,1.44,Commercial,4,0,0,0,0,69.89,1,3G award,566,100,100,90.2,71.5,0,Low,0.115,0
SYN-LA-01638,Haryana,Urban,State Highway,2024-06-08,2025-03-19,1.03,Residential,20,0,1,0,1,80.75,1,3A issued,284,25.0,7.0,0,0,1,High,0.67,240
SYN-LA-01639,Uttar Pradesh,Urban,Urban Infrastructure,2022-05-04,2023-06-24,2.04,Agricultural,3,0,0,0,1,61.05,0,3D issued,416,71.9,36.7,9.7,8.3,1,Medium,0.547,259
SYN-LA-01640,Maharashtra,Rural,Railway,2024-06-02,2026-04-01,1.77,Residential,4,0,0,0,0,42.88,1,3G award,668,100,100,80.7,63.2,0,Low,0.156,0
SYN-LA-01641,Madhya Pradesh,Urban,Industrial Corridor,2021-02-11,2021-05-17,10.91,Agricultural,13,1,0,0,1,406.73,1,Pre-notification,95,0.2,0.2,0,0,1,High,0.742,254
SYN-LA-01642,West Bengal,Semi-urban,Urban Infrastructure,2023-12-23,2024-10-12,1.72,Agricultural,10,0,0,0,0,73.47,1,3D issued,294,72.8,68.2,68.2,43.0,0,Low,0.153,0
SYN-LA-01643,Odisha,Semi-urban,Urban Infrastructure,2019-05-10,2020-09-11,3.75,Commercial,2,0,0,0,0,483.75,1,3G award,490,100,92.7,84.0,59.9,0,Low,0.159,0
SYN-LA-01644,Punjab,Semi-urban,National Highway,2021-03-23,2022-12-28,0.88,Residential,9,0,1,0,1,18.26,1,3D issued,645,96.2,70.7,43.3,42.4,1,Medium,0.493,123
SYN-LA-01645,Uttar Pradesh,Semi-urban,State Highway,2021-01-23,2021-05-21,3.71,Agricultural,26,1,0,0,0,292.01,1,Pre-notification,118,12.0,12.0,0,0,0,Medium,0.452,0
SYN-LA-01646,Haryana,Urban,Industrial Corridor,2019-08-16,2021-07-23,3.62,Agricultural,9,0,0,0,0,108.92,0,3G award,707,100,100,81.0,62.0,0,Medium,0.417,0
SYN-LA-01647,Madhya Pradesh,Rural,Industrial Corridor,2023-11-09,2025-01-31,4.44,Agricultural,9,0,0,0,0,346.49,0,3D issued,449,64.2,48.4,25.2,0,0,Medium,0.508,0
SYN-LA-01648,Punjab,Semi-urban,Urban Infrastructure,2021-07-07,2023-03-18,5.86,Commercial,5,0,0,0,0,712.86,1,3G award,619,100,85.3,71.4,64.4,0,Low,0.227,0
SYN-LA-01649,Madhya Pradesh,Semi-urban,State Highway,2024-08-03,2025-09-28,44.35,Agricultural,4,1,0,0,0,4435.35,0,3A issued,421,48.5,45.7,26.7,15.7,1,High,0.891,230
SYN-LA-01650,Haryana,Semi-urban,Urban Infrastructure,2021-05-28,2022-02-01,1.58,Residential,6,0,0,0,0,150.85,1,3A issued,249,33.9,32.4,5.1,0,0,Low,0.197,0
SYN-LA-01651,Chhattisgarh,Semi-urban,Industrial Corridor,2021-05-04,2021-07-31,6.54,Agricultural,2,1,0,0,0,415.93,0,Pre-notification,88,13.3,13.3,0,0,1,Medium,0.479,228
SYN-LA-01652,Uttar Pradesh,Semi-urban,State Highway,2020-07-26,2021-06-14,4.55,Forest,4,0,0,0,0,314.37,1,3D issued,323,91.5,57.2,37.6,30.5,1,Low,0.28,154
SYN-LA-01653,West Bengal,Semi-urban,National Highway,2021-01-25,2022-09-10,5.64,Agricultural,20,0,0,0,0,251.07,0,3D issued,593,93.4,74.6,55.3,34.0,1,Medium,0.595,232
SYN-LA-01654,Rajasthan,Rural,Railway,2022-10-27,2023-12-27,3.6,Agricultural,4,0,0,0,0,339.81,1,3D issued,426,100,69.8,45.5,26.9,0,Low,0.22,0
SYN-LA-01655,Maharashtra,Urban,Railway,2019-03-01,2020-02-06,8.72,Agricultural,18,1,0,0,0,648.83,0,3D issued,342,78.2,59.2,14.7,10.8,0,High,0.771,0
SYN-LA-01656,Odisha,Rural,Industrial Corridor,2022-07-25,2023-04-10,1.33,Agricultural,2,0,0,0,0,76.72,1,3D issued,259,77.5,53.5,46.1,30.7,0,Low,0.125,0
SYN-LA-01657,Rajasthan,Urban,State Highway,2019-12-20,2021-02-03,1.08,Agricultural,3,0,0,0,0,72.03,1,3D issued,411,83.5,57.7,57.7,57.3,0,Low,0.135,0
SYN-LA-01658,Odisha,Urban,National Highway,2024-03-12,2024-06-05,10.63,Commercial,6,1,0,0,0,567.6,1,3A issued,85,31.0,22.3,13.2,11.0,1,Medium,0.52,170
SYN-LA-01659,Karnataka,Semi-urban,Railway,2022-03-29,2023-06-16,1.64,Commercial,16,0,0,0,0,270.67,1,3G award,444,100,86.3,75.2,53.4,0,Low,0.179,0
SYN-LA-01660,Maharashtra,Semi-urban,State Highway,2022-07-26,2023-12-10,1.5,Residential,18,0,0,0,0,123.97,1,3D issued,502,79.5,66.3,57.5,44.0,1,Low,0.229,123
SYN-LA-01661,Maharashtra,Urban,Industrial Corridor,2018-04-10,2018-10-14,5.58,Residential,7,0,0,0,0,353.31,0,Pre-notification,187,0,0,0,0,0,Medium,0.494,0
SYN-LA-01662,Chhattisgarh,Rural,National Highway,2020-10-07,2021-05-23,1.12,Commercial,4,0,0,0,0,128.36,0,3A issued,228,46.8,40.2,13.3,2.1,1,Low,0.285,159
SYN-LA-01663,Punjab,Rural,Urban Infrastructure,2018-01-17,2019-07-26,2.0,Commercial,4,0,0,0,0,191.39,1,3G award,555,100,100,73.6,50.1,0,Low,0.155,0
SYN-LA-01664,Odisha,Semi-urban,Railway,2021-07-25,2022-07-21,5.57,Forest,9,0,0,0,1,232.83,1,3A issued,361,40.8,20.1,0,0,0,Medium,0.595,0
SYN-LA-01665,West Bengal,Rural,State Highway,2024-04-28,2025-10-31,2.45,Agricultural,18,0,0,0,0,198.37,1,3G award,551,99.1,75.8,62.7,42.4,0,Low,0.282,0
SYN-LA-01666,Karnataka,Semi-urban,Railway,2022-04-12,2023-07-25,2.53,Agricultural,69,1,1,0,1,130.29,0,3A issued,469,58.5,45.1,13.5,8.2,1,High,0.944,342
SYN-LA-01667,Uttar Pradesh,Rural,Urban Infrastructure,2021-11-21,2022-03-12,1.34,Agricultural,5,1,0,0,0,63.15,1,3A issued,111,21.0,19.3,0,0,0,Low,0.219,0
SYN-LA-01668,Haryana,Semi-urban,Railway,2020-04-29,2021-07-09,3.2,Forest,9,0,0,0,0,218.3,1,3G award,436,100,89.5,57.1,44.3,0,Low,0.257,0
SYN-LA-01669,Odisha,Urban,Industrial Corridor,2024-05-19,2025-11-25,17.21,Agricultural,14,1,0,0,0,413.39,1,3D issued,555,97.7,68.9,54.2,41.4,1,High,0.827,282
SYN-LA-01670,Rajasthan,Rural,Urban Infrastructure,2020-05-27,2020-10-15,1.92,Agricultural,6,0,1,1,0,148.01,1,Pre-notification,141,0.1,0.1,0,0,1,Medium,0.62,142
SYN-LA-01671,Chhattisgarh,Semi-urban,Industrial Corridor,2019-07-12,2020-12-07,1.93,Agricultural,13,0,0,0,0,45.72,1,3D issued,514,90.1,64.0,32.2,23.4,0,Low,0.273,0
SYN-LA-01672,Odisha,Urban,State Highway,2021-11-20,2023-08-05,8.27,Agricultural,5,1,0,0,0,474.27,1,3G award,623,100,83.0,57.2,54.2,0,Medium,0.48,0
SYN-LA-01673,Rajasthan,Rural,Railway,2022-06-08,2023-02-12,2.83,Agricultural,12,0,0,0,0,81.28,1,3A issued,249,24.7,23.1,0,0,0,Low,0.273,0
SYN-LA-01674,Rajasthan,Urban,Urban Infrastructure,2020-10-23,2021-05-17,1.74,Forest,22,1,0,0,0,32.92,1,3D issued,206,80.5,44.2,15.1,0.1,0,Medium,0.518,0
SYN-LA-01675,Rajasthan,Semi-urban,Railway,2023-10-04,2024-10-26,1.07,Residential,5,0,0,0,0,73.78,1,3A issued,388,42.1,41.6,27.3,16.2,0,Low,0.184,0
SYN-LA-01676,Rajasthan,Semi-urban,Urban Infrastructure,2023-09-14,2024-04-25,3.36,Agricultural,6,1,0,0,0,297.69,1,3A issued,224,42.6,27.8,19.5,0,1,Low,0.305,114
SYN-LA-01677,Uttar Pradesh,Semi-urban,Railway,2021-02-19,2022-04-03,2.49,Agricultural,9,0,0,0,0,130.33,1,3G award,408,100,99.1,85.1,79.4,0,Low,0.123,0
SYN-LA-01678,West Bengal,Urban,Industrial Corridor,2019-05-04,2020-04-27,1.44,Agricultural,19,1,1,0,0,126.91,1,3A issued,359,31.8,17.5,0,0,1,High,0.665,261
SYN-LA-01679,Madhya Pradesh,Semi-urban,State Highway,2024-01-11,2025-06-14,1.56,Agricultural,18,0,0,0,0,121.46,0,3D issued,520,61.3,61.3,13.7,0,1,Medium,0.512,205
SYN-LA-01680,Uttar Pradesh,Urban,State Highway,2020-11-05,2022-06-11,6.71,Agricultural,12,1,0,0,0,157.94,1,3G award,583,100,92.0,64.5,44.3,1,Medium,0.513,189
SYN-LA-01681,Madhya Pradesh,Urban,State Highway,2024-10-20,2026-09-26,3.41,Forest,6,0,0,0,0,155.25,1,3G award,706,100,92.6,73.8,67.5,0,Low,0.308,0
SYN-LA-01682,West Bengal,Rural,Urban Infrastructure,2022-07-22,2023-10-09,3.28,Commercial,8,0,0,0,0,499.84,1,3D issued,444,99.0,70.6,45.6,40.9,0,Low,0.213,0
SYN-LA-01683,Karnataka,Rural,National Highway,2021-12-13,2022-09-13,3.32,Agricultural,9,0,0,0,0,85.97,1,3D issued,274,63.1,53.1,29.8,20.8,1,Low,0.209,110
SYN-LA-01684,Haryana,Urban,Urban Infrastructure,2024-08-31,2025-01-13,1.81,Commercial,8,0,0,0,1,101.37,1,Pre-notification,135,4.0,0,0,0,1,Low,0.338,120
SYN-LA-01685,Maharashtra,Semi-urban,Industrial Corridor,2021-04-25,2022-07-17,5.24,Agricultural,6,0,0,0,0,175.65,1,3G award,448,100,83.0,76.0,73.1,0,Low,0.168,0
SYN-LA-01686,Rajasthan,Semi-urban,Railway,2020-01-16,2020-12-01,1.48,Agricultural,20,0,1,0,1,70.49,1,3A issued,320,24.1,20.0,12.7,0,0,High,0.652,0
SYN-LA-01687,Odisha,Urban,National Highway,2020-07-14,2021-09-29,5.87,Agricultural,4,1,0,0,1,361.35,1,3A issued,442,38.0,36.6,33.8,20.5,1,Medium,0.576,120
SYN-LA-01688,Chhattisgarh,Rural,Industrial Corridor,2018-05-11,2019-05-13,1.35,Residential,10,0,0,0,0,123.81,1,3G award,367,99.2,75.5,65.4,61.5,1,Low,0.128,107
SYN-LA-01689,West Bengal,Rural,Railway,2019-04-08,2020-09-12,8.97,Agricultural,25,1,0,0,1,227.7,0,3D issued,523,90.6,58.9,13.1,0,1,High,0.908,329
SYN-LA-01690,Maharashtra,Semi-urban,Railway,2024-12-24,2025-05-01,4.37,Forest,6,0,0,0,0,142.19,1,Pre-notification,128,7.7,0,0,0,1,Low,0.304,159
SYN-LA-01691,Haryana,Semi-urban,National Highway,2018-04-29,2019-11-26,2.65,Commercial,8,0,0,0,0,257.14,1,3G award,576,100,85.1,59.2,48.3,0,Low,0.202,0
SYN-LA-01692,Karnataka,Rural,National Highway,2023-04-21,2025-03-25,0.73,Residential,6,1,0,0,0,47.64,1,3G award,704,100,100,92.2,82.9,0,Low,0.155,0
SYN-LA-01693,Odisha,Urban,National Highway,2024-07-15,2026-02-20,1.35,Forest,6,0,0,0,0,112.28,0,3G award,585,100,81.4,56.9,55.8,0,Medium,0.388,0
SYN-LA-01694,Punjab,Rural,Industrial Corridor,2020-06-17,2022-05-29,1.45,Residential,25,1,1,0,1,30.66,1,3G award,711,100,99.6,85.0,82.6,1,Medium,0.617,203
SYN-LA-01695,West Bengal,Semi-urban,Urban Infrastructure,2021-03-31,2021-07-10,15.43,Agricultural,3,1,0,0,0,1196.26,0,3A issued,101,27.6,8.0,0,0,1,High,0.773,194
SYN-LA-01696,Punjab,Semi-urban,Railway,2021-08-01,2022-08-15,1.74,Agricultural,16,1,0,0,0,61.88,1,3D issued,379,64.8,64.8,49.1,34.8,0,Low,0.262,0
SYN-LA-01697,Punjab,Semi-urban,Industrial Corridor,2021-02-11,2021-05-31,10.71,Commercial,6,1,0,0,0,687.19,1,Pre-notification,109,11.6,0,0,0,0,Medium,0.488,0
SYN-LA-01698,Haryana,Semi-urban,State Highway,2023-12-11,2024-08-28,1.75,Agricultural,35,1,0,0,1,143.66,1,3D issued,261,62.1,61.1,43.2,19.6,1,Medium,0.566,230
SYN-LA-01699,Chhattisgarh,Semi-urban,Urban Infrastructure,2022-04-30,2023-08-15,3.79,Residential,7,0,0,0,0,265.13,1,3D issued,472,90.9,66.9,56.6,33.8,0,Low,0.242,0
SYN-LA-01700,Maharashtra,Semi-urban,Industrial Corridor,2019-07-20,2021-06-29,10.1,Agricultural,21,1,0,0,0,350.48,1,3G award,710,100,100,68.6,43.3,1,High,0.679,223
SYN-LA-01701,Uttar Pradesh,Urban,State Highway,2021-10-11,2023-06-17,5.12,Residential,19,0,0,0,0,387.03,1,3G award,614,100,90.4,72.0,58.6,1,Medium,0.399,157
SYN-LA-01702,Maharashtra,Semi-urban,Urban Infrastructure,2021-01-21,2021-12-18,3.44,Agricultural,15,1,0,0,0,55.91,1,3D issued,331,70.8,37.5,28.8,4.8,0,Medium,0.396,0
SYN-LA-01703,Karnataka,Semi-urban,State Highway,2018-04-03,2018-05-05,1.49,Agricultural,2,0,0,0,0,103.9,0,Pre-notification,32,7.1,0,0,0,0,Low,0.217,0
SYN-LA-01704,Haryana,Urban,State Highway,2023-05-26,2023-08-14,1.32,Agricultural,5,0,0,0,0,82.97,1,Pre-notification,80,7.1,2.3,0,0,0,Low,0.184,0
SYN-LA-01705,Uttar Pradesh,Urban,Urban Infrastructure,2021-08-04,2021-12-26,20.99,Agricultural,3,1,0,0,0,920.7,1,3A issued,144,42.5,42.5,34.3,16.7,1,High,0.79,225
SYN-LA-01706,Madhya Pradesh,Rural,Railway,2022-03-22,2022-08-12,2.66,Agricultural,8,0,0,0,0,246.02,1,3A issued,143,23.0,0,0,0,1,Low,0.209,95
SYN-LA-01707,Odisha,Rural,Railway,2023-12-11,2025-08-04,6.55,Forest,2,1,0,0,0,656.38,1,3G award,602,100,100,83.1,63.1,0,Medium,0.384,0
SYN-LA-01708,Punjab,Rural,Railway,2018-02-16,2019-09-30,3.24,Residential,5,0,0,0,0,171.78,1,3G award,591,100,90.5,74.2,72.6,1,Low,0.148,114
SYN-LA-01709,West Bengal,Urban,State Highway,2018-02-04,2019-12-31,6.14,Forest,6,1,0,0,0,113.19,1,3G award,695,100,90.1,88.0,62.2,1,Medium,0.505,202
SYN-LA-01710,Karnataka,Rural,National Highway,2022-03-17,2023-06-07,6.4,Agricultural,9,1,0,0,0,104.25,1,3G award,447,100,80.6,54.5,52.1,0,Low,0.321,0
SYN-LA-01711,Haryana,Urban,Railway,2020-04-19,2021-05-06,0.88,Forest,10,0,0,0,0,56.84,0,3A issued,382,47.3,35.6,3.4,0,0,Medium,0.512,0
SYN-LA-01712,Odisha,Urban,Railway,2022-08-01,2023-12-27,3.44,Forest,11,0,0,0,0,138.59,1,3D issued,513,89.5,64.2,57.9,57.9,0,Low,0.322,0
SYN-LA-01713,Haryana,Urban,Urban Infrastructure,2023-05-21,2024-10-09,1.6,Agricultural,22,1,0,0,0,157.05,1,3G award,507,100,95.1,65.2,51.0,0,Medium,0.354,0
SYN-LA-01714,West Bengal,Urban,State Highway,2022-04-16,2022-12-01,5.98,Agricultural,5,1,0,0,0,408.54,1,3A issued,229,43.7,27.8,0.5,0,0,Medium,0.447,0
SYN-LA-01715,West Bengal,Rural,Urban Infrastructure,2021-08-22,2023-07-01,10.3,Agricultural,34,1,0,0,1,235.25,1,3G award,678,100,84.9,75.9,74.4,1,High,0.795,210
SYN-LA-01716,Rajasthan,Urban,State Highway,2023-09-19,2025-03-26,1.92,Agricultural,4,0,0,0,0,59.03,1,3G award,554,100,91.4,75.3,49.8,0,Low,0.2,0
SYN-LA-01717,West Bengal,Urban,Urban Infrastructure,2024-05-15,2024-10-21,5.2,Residential,5,0,0,0,0,424.19,1,3A issued,159,20.8,20.8,5.3,0,0,Low,0.319,0
SYN-LA-01718,Chhattisgarh,Semi-urban,Industrial Corridor,2023-05-18,2023-10-23,5.29,Agricultural,4,0,0,0,0,479.92,1,3A issued,158,55.8,42.0,12.9,0,0,Low,0.263,0
SYN-LA-01719,Haryana,Rural,Urban Infrastructure,2018-03-02,2018-06-10,2.49,Forest,23,1,0,0,0,71.43,0,Pre-notification,100,3.2,0,0,0,0,Medium,0.597,0
SYN-LA-01720,Karnataka,Rural,State Highway,2022-11-30,2024-06-12,9.62,Agricultural,1,1,0,0,0,528.39,1,3G award,560,100,86.5,86.1,65.4,0,Medium,0.356,0
SYN-LA-01721,Odisha,Semi-urban,State Highway,2022-11-30,2024-04-06,2.5,Residential,12,0,1,1,0,59.71,1,3A issued,493,29.7,28.4,0.0,0.0,1,High,0.789,212
SYN-LA-01722,Odisha,Urban,National Highway,2019-05-13,2021-01-08,22.0,Agricultural,34,1,0,0,0,414.88,1,3G award,606,100,94.1,69.8,62.3,1,High,0.92,284
SYN-LA-01723,Madhya Pradesh,Semi-urban,National Highway,2022-07-02,2023-11-13,2.94,Agricultural,19,1,0,0,0,155.54,1,3G award,499,100,75.2,70.6,69.4,0,Low,0.266,0
SYN-LA-01724,Madhya Pradesh,Semi-urban,National Highway,2019-11-07,2020-05-23,4.76,Agricultural,7,0,0,0,0,336.28,1,3A issued,198,25.5,25.5,13.3,4.9,0,Low,0.257,0
SYN-LA-01725,Punjab,Urban,National Highway,2022-07-15,2022-11-22,1.2,Residential,98,1,0,0,0,25.69,0,Pre-notification,130,11.9,11.9,0,0,0,High,0.741,0
SYN-LA-01726,Rajasthan,Urban,Urban Infrastructure,2019-10-01,2020-06-14,1.77,Agricultural,7,0,1,0,0,107.62,1,3A issued,257,30.4,30.4,14.4,14.0,0,Medium,0.402,0
SYN-LA-01727,Uttar Pradesh,Rural,National Highway,2022-08-18,2023-11-13,10.09,Forest,15,1,0,0,0,523.73,1,3G award,452,100,99.1,83.4,58.8,1,Medium,0.585,196
SYN-LA-01728,Uttar Pradesh,Rural,Railway,2019-08-01,2020-03-29,1.56,Agricultural,27,1,0,0,0,109.7,1,3A issued,241,56.7,45.1,22.5,7.2,0,Medium,0.407,0
SYN-LA-01729,Haryana,Semi-urban,Industrial Corridor,2024-12-01,2026-06-03,3.13,Agricultural,4,0,0,0,0,179.52,1,3G award,549,100,100,73.0,59.3,0,Low,0.163,0
SYN-LA-01730,Karnataka,Rural,State Highway,2019-07-04,2021-02-25,13.16,Agricultural,5,1,0,0,0,394.76,1,3G award,602,100,100,80.4,57.6,0,Medium,0.553,0
SYN-LA-01731,Odisha,Semi-urban,Urban Infrastructure,2019-11-14,2021-06-03,1.86,Agricultural,31,1,0,0,0,50.77,1,3G award,567,100,81.2,53.1,39.4,1,Medium,0.454,237
SYN-LA-01732,Punjab,Rural,National Highway,2020-09-20,2021-03-07,5.68,Agricultural,10,0,1,1,0,252.73,1,Pre-notification,168,4.1,4.1,0,0,1,High,0.753,214
SYN-LA-01733,Madhya Pradesh,Semi-urban,National Highway,2018-06-27,2020-04-05,3.65,Residential,8,0,0,0,1,114.33,1,3G award,648,98.3,85.9,66.9,65.1,0,Low,0.313,0
SYN-LA-01734,Karnataka,Urban,Industrial Corridor,2019-05-06,2019-09-27,1.52,Agricultural,12,0,1,0,1,99.79,1,Pre-notification,144,0,0,0,0,0,Medium,0.567,0
SYN-LA-01735,Odisha,Semi-urban,Industrial Corridor,2019-12-02,2020-11-16,2.52,Agricultural,9,0,1,1,0,135.14,1,3A issued,350,27.4,11.6,4.2,0,1,High,0.732,231
SYN-LA-01736,Uttar Pradesh,Urban,Railway,2019-10-09,2020-04-11,3.0,Forest,21,1,0,0,0,271.66,0,Pre-notification,185,11.1,0,0,0,1,High,0.699,190
SYN-LA-01737,Chhattisgarh,Semi-urban,State Highway,2018-03-14,2018-12-31,2.59,Commercial,6,0,0,0,1,443.77,1,3D issued,292,68.4,62.0,44.1,25.9,0,Low,0.28,0
SYN-LA-01738,Chhattisgarh,Urban,Urban Infrastructure,2019-07-06,2019-10-21,10.66,Agricultural,31,1,0,0,0,937.69,0,Pre-notification,107,11.0,0.9,0,0,1,High,0.855,183
SYN-LA-01739,Madhya Pradesh,Rural,Industrial Corridor,2022-10-30,2023-11-17,6.88,Agricultural,28,1,1,0,1,264.06,0,Pre-notification,383,0,0,0,0,1,High,0.936,331
SYN-LA-01740,Haryana,Semi-urban,Urban Infrastructure,2024-07-02,2025-06-04,1.92,Agricultural,2,0,0,0,0,92.61,1,3A issued,337,57.8,44.3,21.5,7.6,0,Low,0.187,0
SYN-LA-01741,West Bengal,Urban,Industrial Corridor,2024-05-12,2024-11-21,6.61,Agricultural,13,1,0,0,0,502.48,1,3A issued,193,37.5,17.3,0,0,0,Medium,0.525,0
SYN-LA-01742,Karnataka,Rural,National Highway,2021-08-19,2023-05-19,1.32,Residential,4,0,0,0,0,77.97,1,3G award,638,100,100,77.9,73.3,0,Low,0.122,0
SYN-LA-01743,Madhya Pradesh,Rural,Urban Infrastructure,2021-10-27,2023-10-08,5.76,Forest,4,1,0,0,0,111.05,1,3G award,711,100,95.0,66.4,44.5,1,Medium,0.468,86
SYN-LA-01744,Chhattisgarh,Semi-urban,Urban Infrastructure,2018-02-27,2018-09-12,14.49,Agricultural,5,1,0,0,1,1005.83,1,3A issued,197,16.0,16.0,0,0,1,High,0.775,347
SYN-LA-01745,Odisha,Rural,Industrial Corridor,2023-05-15,2024-01-29,1.6,Residential,24,1,1,0,0,60.3,1,3A issued,259,26.1,10.8,0,0,1,Medium,0.616,338
SYN-LA-01746,Odisha,Urban,National Highway,2021-04-03,2022-12-20,2.82,Agricultural,18,0,1,1,0,98.83,1,3G award,626,98.3,84.0,81.5,61.4,1,High,0.76,221
SYN-LA-01747,Madhya Pradesh,Semi-urban,Industrial Corridor,2018-04-23,2018-10-06,4.32,Residential,4,0,0,0,0,322.54,1,3A issued,166,55.3,37.8,34.1,13.1,0,Low,0.199,0
SYN-LA-01748,Madhya Pradesh,Urban,National Highway,2020-06-03,2021-11-05,6.12,Agricultural,10,1,0,0,0,543.38,1,3G award,520,100,95.3,92.2,86.9,1,Low,0.297,194
SYN-LA-01749,Odisha,Urban,State Highway,2023-06-08,2023-11-03,0.91,Agricultural,16,0,0,0,1,45.96,1,Pre-notification,148,7.1,0,0,0,0,Medium,0.389,0
SYN-LA-01750,Uttar Pradesh,Rural,State Highway,2022-12-18,2023-05-15,28.33,Agricultural,9,1,0,1,0,757.68,1,Pre-notification,148,0,0,0,0,1,High,0.934,253
SYN-LA-01751,Maharashtra,Urban,National Highway,2021-07-20,2022-04-05,2.36,Agricultural,8,0,0,0,0,138.04,1,3A issued,259,51.8,42.3,11.6,5.1,0,Low,0.265,0
SYN-LA-01752,Rajasthan,Rural,Industrial Corridor,2023-01-14,2023-10-09,5.14,Forest,7,0,1,0,1,186.24,1,Pre-notification,268,3.0,0,0,0,1,High,0.722,275
SYN-LA-01753,Madhya Pradesh,Semi-urban,Railway,2023-07-24,2025-07-01,1.36,Agricultural,1,0,0,0,0,113.74,1,3G award,708,100,100,75.4,75.0,0,Low,0.123,0
SYN-LA-01754,Haryana,Rural,Urban Infrastructure,2018-07-03,2018-09-22,0.92,Agricultural,34,1,0,0,0,47.06,1,Pre-notification,81,14.6,11.0,0,0,0,Medium,0.392,0
SYN-LA-01755,Punjab,Urban,National Highway,2023-07-23,2025-01-26,3.13,Residential,9,0,0,0,0,309.97,1,3G award,553,100,86.6,61.8,50.8,1,Low,0.243,116
SYN-LA-01756,Chhattisgarh,Urban,State Highway,2021-12-14,2022-06-30,2.54,Agricultural,5,1,0,0,0,171.91,1,3A issued,198,42.9,31.7,12.6,0,1,Low,0.32,128
SYN-LA-01757,Madhya Pradesh,Rural,State Highway,2020-11-23,2021-12-25,3.13,Agricultural,15,0,0,0,0,109.62,1,3G award,397,95.4,78.5,47.7,30.1,0,Low,0.257,0
SYN-LA-01758,Madhya Pradesh,Semi-urban,State Highway,2020-04-13,2021-04-11,4.92,Agricultural,15,0,0,0,0,403.79,1,3G award,363,81.6,79.1,75.9,74.2,0,Low,0.185,0
SYN-LA-01759,Haryana,Rural,State Highway,2024-05-24,2025-12-21,6.16,Residential,8,1,0,0,0,344.21,1,3G award,576,100,100,88.2,65.6,0,Low,0.312,0
SYN-LA-01760,Chhattisgarh,Urban,State Highway,2021-09-27,2022-10-27,7.94,Agricultural,34,1,0,0,1,218.92,0,3A issued,395,30.1,18.7,0,0,1,High,0.924,269
SYN-LA-01761,Uttar Pradesh,Rural,National Highway,2023-01-21,2023-07-24,3.12,Agricultural,29,1,0,0,1,276.97,1,Pre-notification,184,3.2,3.2,0,0,1,Medium,0.62,159
SYN-LA-01762,Chhattisgarh,Rural,State Highway,2020-10-29,2021-09-03,2.22,Agricultural,4,1,0,0,0,124.7,1,3D issued,309,61.2,53.0,38.6,35.6,0,Low,0.197,0
SYN-LA-01763,Karnataka,Semi-urban,State Highway,2022-05-27,2022-10-24,3.74,Agricultural,4,0,0,0,0,169.89,1,3A issued,150,27.5,21.1,0,0,0,Low,0.207,0
SYN-LA-01764,Punjab,Rural,Railway,2019-09-14,2020-07-04,1.06,Agricultural,25,1,1,0,1,31.17,1,3A issued,294,36.0,27.5,27.4,23.3,1,High,0.652,250
SYN-LA-01765,Karnataka,Rural,National Highway,2019-11-19,2020-11-11,1.75,Agricultural,12,0,0,0,0,178.91,1,3D issued,358,78.4,47.0,23.3,0,0,Low,0.263,0
SYN-LA-01766,Haryana,Rural,Railway,2021-11-14,2022-09-15,6.23,Agricultural,8,1,0,0,0,414.65,1,3A issued,305,50.3,43.1,16.6,9.3,0,Medium,0.401,0
SYN-LA-01767,Uttar Pradesh,Urban,Industrial Corridor,2021-06-22,2022-03-18,1.53,Residential,8,0,1,1,0,116.12,1,Pre-notification,269,0.8,0,0,0,0,High,0.727,0
SYN-LA-01768,West Bengal,Semi-urban,Urban Infrastructure,2018-07-02,2018-12-13,10.46,Commercial,9,1,0,0,0,838.23,0,3A issued,164,26.6,7.9,0,0,1,High,0.697,252
SYN-LA-01769,Madhya Pradesh,Semi-urban,National Highway,2020-01-22,2020-10-03,2.05,Residential,16,0,0,0,0,177.83,1,3D issued,255,67.3,44.9,32.0,23.9,0,Low,0.213,0
SYN-LA-01770,Rajasthan,Semi-urban,Railway,2020-12-19,2022-02-10,9.5,Agricultural,21,1,0,0,0,900.66,1,3A issued,418,51.3,51.3,44.3,20.6,1,Medium,0.637,266
SYN-LA-01771,Maharashtra,Rural,Industrial Corridor,2020-02-24,2021-12-09,0.58,Agricultural,6,1,0,0,0,27.96,0,3G award,654,100,89.0,57.5,44.6,1,Medium,0.356,97
SYN-LA-01772,Punjab,Semi-urban,Industrial Corridor,2023-03-13,2024-09-23,6.41,Agricultural,13,1,0,0,0,181.84,1,3G award,560,100,93.0,68.6,42.6,0,Medium,0.42,0
SYN-LA-01773,Uttar Pradesh,Urban,Industrial Corridor,2018-11-09,2020-04-16,3.46,Agricultural,10,0,0,0,0,289.6,1,3G award,524,95.9,82.1,53.2,40.9,0,Low,0.301,0
SYN-LA-01774,Odisha,Semi-urban,Urban Infrastructure,2024-03-06,2025-09-08,7.6,Agricultural,9,1,0,0,0,122.16,1,3G award,551,100,90.3,75.3,59.7,0,Medium,0.387,0
SYN-LA-01775,Punjab,Urban,Industrial Corridor,2021-04-03,2023-02-12,5.51,Agricultural,12,0,0,0,0,224.08,1,3G award,680,100,100,80.8,66.6,0,Low,0.325,0
SYN-LA-01776,Madhya Pradesh,Rural,Urban Infrastructure,2018-07-31,2020-05-13,2.64,Agricultural,3,0,0,0,1,132.8,0,3G award,652,100,87.4,49.9,32.6,0,Medium,0.494,0
SYN-LA-01777,Karnataka,Rural,National Highway,2022-02-16,2023-09-21,6.46,Agricultural,14,1,0,0,0,453.84,1,3G award,582,100,92.2,64.1,46.1,0,Medium,0.431,0
SYN-LA-01778,Rajasthan,Rural,Urban Infrastructure,2020-01-08,2020-02-26,1.32,Agricultural,5,0,0,0,0,76.28,0,Pre-notification,49,1.8,0,0,0,0,Low,0.247,0
SYN-LA-01779,Chhattisgarh,Semi-urban,Railway,2022-01-24,2022-03-09,2.95,Residential,4,0,1,0,0,169.35,1,Pre-notification,44,8.1,2.5,0,0,0,Low,0.336,0
SYN-LA-01780,West Bengal,Urban,Industrial Corridor,2018-08-13,2019-04-02,4.72,Forest,4,0,0,0,0,362.19,1,3A issued,232,37.9,36.7,9.9,0,0,Medium,0.401,0
SYN-LA-01781,West Bengal,Rural,State Highway,2020-07-14,2021-03-10,0.49,Residential,6,0,0,0,0,17.81,1,3A issued,239,35.6,23.0,6.2,0,0,Low,0.182,0
SYN-LA-01782,Uttar Pradesh,Urban,National Highway,2018-07-05,2019-07-08,1.45,Agricultural,5,0,1,0,0,146.49,1,3A issued,368,23.7,4.9,0,0,0,Medium,0.473,0
SYN-LA-01783,Chhattisgarh,Urban,National Highway,2023-05-18,2023-10-29,4.3,Agricultural,9,0,0,0,0,379.56,1,Pre-notification,164,3.9,3.9,0,0,0,Low,0.321,0
SYN-LA-01784,Madhya Pradesh,Rural,National Highway,2018-08-26,2020-07-17,13.6,Residential,34,1,0,0,1,461.13,0,3D issued,691,93.0,69.5,37.4,32.1,1,High,0.952,262
SYN-LA-01785,Karnataka,Semi-urban,Urban Infrastructure,2022-01-01,2023-04-08,5.2,Agricultural,2,0,0,0,0,544.49,1,3G award,462,100,85.6,81.1,59.2,1,Low,0.173,102
SYN-LA-01786,Maharashtra,Rural,Industrial Corridor,2023-05-09,2024-11-18,10.69,Agricultural,10,1,0,0,0,243.08,1,3G award,559,100,82.3,55.2,43.1,1,Medium,0.555,190
SYN-LA-01787,West Bengal,Rural,Industrial Corridor,2020-11-11,2022-02-03,3.49,Commercial,5,0,0,0,1,225.92,1,3D issued,449,98.4,73.3,44.3,33.3,0,Low,0.33,0
SYN-LA-01788,West Bengal,Urban,Industrial Corridor,2020-01-23,2020-12-25,3.14,Agricultural,11,0,0,0,0,110.71,1,3D issued,337,86.2,63.9,31.7,27.0,0,Low,0.279,0
SYN-LA-01789,Punjab,Urban,Industrial Corridor,2023-07-29,2024-03-03,4.29,Forest,5,1,0,0,0,170.48,1,3A issued,218,29.3,17.7,0.2,0,0,Medium,0.443,0
SYN-LA-01790,Uttar Pradesh,Urban,State Highway,2018-11-04,2019-11-08,0.81,Agricultural,3,0,0,0,0,73.15,0,3D issued,369,62.2,44.3,0,0,0,Medium,0.378,0
SYN-LA-01791,Haryana,Semi-urban,State Highway,2022-08-08,2023-04-12,2.47,Residential,4,0,0,0,0,209.04,1,3A issued,247,56.8,41.0,28.9,14.0,0,Low,0.175,0
SYN-LA-01792,Odisha,Urban,Railway,2021-01-31,2022-05-06,1.41,Commercial,11,0,0,0,0,117.1,1,3D issued,460,100,72.3,61.9,52.1,0,Low,0.201,0
SYN-LA-01793,Rajasthan,Urban,State Highway,2022-08-08,2024-05-27,2.96,Commercial,7,0,0,0,0,151.51,1,3G award,658,100,97.5,91.5,80.4,1,Low,0.196,153
SYN-LA-01794,Rajasthan,Urban,Industrial Corridor,2024-07-20,2024-09-30,37.24,Forest,6,1,0,0,0,1803.97,1,3A issued,72,21.5,14.5,0,0,1,High,0.866,221
SYN-LA-01795,Chhattisgarh,Urban,National Highway,2024-10-19,2026-09-09,4.34,Agricultural,7,0,0,0,0,70.23,1,3G award,690,100,100,74.8,65.9,1,Low,0.28,91
SYN-LA-01796,Chhattisgarh,Semi-urban,Industrial Corridor,2018-11-27,2019-07-01,14.92,Forest,5,1,0,0,0,1084.86,1,3A issued,216,38.9,38.9,29.9,26.7,0,High,0.678,0
SYN-LA-01797,Madhya Pradesh,Urban,National Highway,2019-11-15,2021-03-24,3.41,Forest,14,0,0,0,0,159.98,1,3G award,495,100,93.2,64.3,39.3,0,Medium,0.389,0
SYN-LA-01798,Karnataka,Rural,Railway,2020-10-15,2022-07-28,0.84,Agricultural,16,0,0,0,1,43.55,1,3G award,651,100,100,93.5,88.1,0,Low,0.223,0
SYN-LA-01799,Maharashtra,Rural,State Highway,2021-04-29,2023-01-24,1.65,Agricultural,8,0,0,0,0,67.9,1,3G award,635,100,94.1,68.8,68.0,0,Low,0.157,0
SYN-LA-01800,Uttar Pradesh,Rural,Industrial Corridor,2022-07-29,2022-10-24,3.53,Agricultural,23,1,0,0,0,139.6,1,Pre-notification,87,10.1,0,0,0,0,Medium,0.408,0
SYN-LA-01801,Odisha,Urban,Industrial Corridor,2018-10-27,2019-12-24,0.94,Agricultural,2,0,0,0,1,46.76,0,3A issued,423,35.0,9.6,0,0,1,Medium,0.524,190
SYN-LA-01802,Maharashtra,Semi-urban,Railway,2020-09-15,2021-09-25,1.86,Agricultural,13,0,0,0,1,79.46,1,3A issued,375,54.5,34.4,11.1,0,1,Medium,0.413,234
SYN-LA-01803,Chhattisgarh,Rural,Industrial Corridor,2018-02-19,2018-12-14,8.79,Agricultural,22,1,0,0,0,886.21,1,3D issued,298,76.1,60.7,41.8,21.4,1,Medium,0.581,163
SYN-LA-01804,Madhya Pradesh,Rural,Railway,2020-04-05,2020-06-12,4.06,Agricultural,8,0,0,0,0,323.46,1,Pre-notification,68,2.6,0,0,0,1,Low,0.223,76
SYN-LA-01805,West Bengal,Urban,Industrial Corridor,2022-12-06,2024-09-05,5.37,Agricultural,6,0,0,0,1,537.52,1,3G award,639,100,100,84.6,78.2,0,Medium,0.374,0
SYN-LA-01806,Uttar Pradesh,Semi-urban,State Highway,2018-05-10,2018-08-28,6.1,Agricultural,42,1,0,1,1,307.27,0,Pre-notification,110,0,0,0,0,1,High,0.952,298
SYN-LA-01807,Uttar Pradesh,Rural,Industrial Corridor,2022-07-27,2023-05-28,0.85,Residential,7,1,0,1,0,66.74,0,Pre-notification,305,0,0,0,0,1,High,0.682,207
SYN-LA-01808,Uttar Pradesh,Urban,National Highway,2018-07-20,2019-07-08,15.64,Commercial,14,1,0,0,0,1512.13,1,3A issued,353,55.4,45.7,26.8,10.5,0,High,0.818,0
SYN-LA-01809,Odisha,Semi-urban,Urban Infrastructure,2019-04-03,2021-01-16,4.95,Agricultural,3,0,0,0,0,134.74,1,3G award,654,100,92.9,85.3,84.7,0,Low,0.173,0
SYN-LA-01810,West Bengal,Urban,Industrial Corridor,2024-07-19,2024-11-28,2.56,Forest,8,0,0,0,0,185.73,1,3A issued,132,27.1,0,0,0,0,Low,0.329,0
SYN-LA-01811,Rajasthan,Urban,Industrial Corridor,2021-10-27,2022-11-28,2.87,Agricultural,2,1,0,0,0,212.48,1,3G award,397,94.1,79.4,78.4,64.1,0,Low,0.193,0
SYN-LA-01812,Haryana,Urban,Industrial Corridor,2023-12-24,2024-02-22,1.79,Commercial,16,0,0,0,0,97.42,1,Pre-notification,60,1.9,0,0,0,1,Low,0.256,117
SYN-LA-01813,West Bengal,Rural,National Highway,2019-12-29,2021-05-02,2.62,Residential,3,0,0,0,0,46.35,1,3D issued,490,81.0,67.4,53.6,51.4,0,Low,0.161,0
SYN-LA-01814,Punjab,Semi-urban,Urban Infrastructure,2024-08-24,2025-04-28,2.26,Agricultural,10,0,0,0,0,204.38,1,3D issued,247,73.3,64.5,60.4,41.2,1,Low,0.143,92
SYN-LA-01815,Maharashtra,Semi-urban,Railway,2024-06-15,2024-11-26,7.11,Commercial,15,1,0,0,0,930.02,1,3A issued,164,18.4,14.7,3.1,0,0,Medium,0.477,0
SYN-LA-01816,Punjab,Semi-urban,Industrial Corridor,2023-03-05,2023-09-06,14.03,Agricultural,29,1,0,0,1,820.59,1,3A issued,185,38.6,21.7,0,0,1,High,0.87,318
SYN-LA-01817,Uttar Pradesh,Rural,Urban Infrastructure,2023-10-18,2025-07-29,4.5,Agricultural,8,0,0,0,0,77.23,1,3G award,650,100,95.6,86.4,81.6,0,Low,0.2,0
SYN-LA-01818,Punjab,Rural,State Highway,2024-07-13,2025-01-08,3.96,Agricultural,23,1,0,0,0,95.88,1,3A issued,179,37.1,15.9,12.0,0,0,Medium,0.427,0
SYN-LA-01819,West Bengal,Semi-urban,National Highway,2020-08-30,2022-04-30,1.07,Residential,10,0,1,0,0,39.95,1,3G award,608,100,90.7,81.0,63.8,1,Low,0.316,132
SYN-LA-01820,Karnataka,Semi-urban,National Highway,2023-03-21,2023-09-05,1.94,Residential,6,0,1,0,1,104.58,1,Pre-notification,168,0,0,0,0,0,Medium,0.478,0
SYN-LA-01821,Haryana,Semi-urban,National Highway,2024-02-27,2024-04-09,0.46,Agricultural,5,0,0,0,0,21.79,1,Pre-notification,42,0,0,0,0,1,Low,0.129,72
SYN-LA-01822,Uttar Pradesh,Rural,National Highway,2023-01-10,2024-03-09,0.8,Residential,6,0,0,0,0,47.24,1,3D issued,424,94.7,69.1,46.0,30.3,0,Low,0.169,0
SYN-LA-01823,Punjab,Urban,Industrial Corridor,2018-05-18,2020-01-27,1.91,Residential,11,0,0,0,1,72.72,1,3G award,619,100,100,74.7,73.7,0,Low,0.289,0
SYN-LA-01824,Chhattisgarh,Urban,Urban Infrastructure,2022-05-08,2022-09-12,3.54,Agricultural,12,0,0,0,0,185.95,1,3A issued,127,33.1,17.6,0,0,0,Low,0.309,0
SYN-LA-01825,Punjab,Semi-urban,Railway,2024-11-08,2025-11-17,4.61,Commercial,4,0,0,0,0,360.39,1,3A issued,374,45.2,45.2,44.9,40.5,0,Low,0.187,0
SYN-LA-01826,Uttar Pradesh,Rural,Railway,2022-01-14,2023-02-20,2.25,Commercial,9,0,0,0,0,347.22,1,3D issued,402,92.3,72.8,48.4,41.9,1,Low,0.185,181
SYN-LA-01827,Odisha,Urban,State Highway,2023-01-16,2023-11-30,1.86,Residential,23,1,0,0,0,89.19,1,3A issued,318,37.4,29.9,1.9,0,1,Medium,0.488,177
SYN-LA-01828,Chhattisgarh,Rural,National Highway,2020-11-13,2021-09-15,2.5,Agricultural,17,0,0,0,1,54.18,1,3A issued,306,38.4,29.2,3.7,0,1,Medium,0.454,163
SYN-LA-01829,Haryana,Rural,Railway,2018-05-26,2019-02-02,1.13,Forest,13,0,1,0,1,73.06,1,Pre-notification,252,7.5,0,0,0,1,Medium,0.632,234
SYN-LA-01830,Haryana,Urban,State Highway,2023-06-03,2024-03-16,5.55,Commercial,17,0,0,0,0,385.63,0,3A issued,287,24.6,24.6,0,0,1,Medium,0.611,104
SYN-LA-01831,Uttar Pradesh,Rural,Railway,2023-09-28,2024-11-16,1.5,Agricultural,5,1,0,0,0,120.5,1,3D issued,415,79.6,61.1,28.6,22.1,0,Low,0.249,0
SYN-LA-01832,Rajasthan,Semi-urban,Railway,2024-06-11,2024-09-25,2.04,Commercial,16,1,0,0,0,329.83,1,Pre-notification,106,0,0,0,0,0,Low,0.303,0
SYN-LA-01833,Punjab,Semi-urban,Urban Infrastructure,2021-11-14,2022-10-16,4.33,Agricultural,4,1,0,0,0,112.98,1,3A issued,336,35.9,25.6,12.3,0,0,Low,0.339,0
SYN-LA-01834,Chhattisgarh,Semi-urban,Railway,2024-12-10,2025-02-25,28.03,Residential,3,1,0,0,0,1383.51,1,Pre-notification,77,0,0,0,0,1,High,0.769,196
SYN-LA-01835,Chhattisgarh,Urban,Industrial Corridor,2023-02-04,2023-08-28,2.17,Commercial,16,0,0,0,0,139.65,1,3A issued,205,41.3,36.4,23.4,0,0,Low,0.323,0
SYN-LA-01836,Punjab,Urban,Railway,2022-10-11,2023-04-20,7.87,Agricultural,3,1,0,0,0,474.86,1,3A issued,191,31.1,17.0,6.1,0,0,Medium,0.453,0
SYN-LA-01837,Haryana,Semi-urban,Railway,2018-02-05,2018-11-03,0.4,Agricultural,9,1,0,1,0,7.85,1,Pre-notification,271,4.1,1.7,0,0,1,Medium,0.504,133
SYN-LA-01838,Karnataka,Semi-urban,Railway,2018-10-16,2020-04-15,1.95,Agricultural,8,1,0,0,0,118.28,1,3G award,547,100,95.2,87.5,83.4,0,Low,0.155,0
SYN-LA-01839,West Bengal,Urban,Industrial Corridor,2019-06-08,2019-12-28,4.63,Residential,18,1,0,0,1,315.38,1,3A issued,203,21.7,2.6,0,0,1,Medium,0.639,292
SYN-LA-01840,Haryana,Semi-urban,National Highway,2019-09-17,2020-12-16,1.45,Agricultural,4,0,0,0,0,26.28,1,3D issued,456,68.0,58.0,52.7,31.6,0,Low,0.164,0
SYN-LA-01841,Maharashtra,Urban,Railway,2021-11-01,2022-09-15,0.79,Commercial,7,0,0,0,0,87.06,1,3D issued,318,98.7,66.1,41.4,27.5,1,Low,0.182,112
SYN-LA-01842,Maharashtra,Semi-urban,Railway,2024-09-24,2024-12-25,1.03,Agricultural,8,0,0,0,0,64.45,1,3A issued,92,31.7,7.9,0,0,0,Low,0.164,0
SYN-LA-01843,West Bengal,Urban,Railway,2022-11-21,2023-02-12,1.34,Commercial,14,0,0,0,0,37.35,1,Pre-notification,83,0,0,0,0,0,Low,0.25,0
SYN-LA-01844,Odisha,Urban,Urban Infrastructure,2022-04-14,2022-12-12,1.31,Residential,18,0,0,0,1,45.69,1,3A issued,242,47.4,35.5,20.2,0,0,Medium,0.454,0
SYN-LA-01845,Maharashtra,Semi-urban,Industrial Corridor,2021-09-29,2022-07-11,0.33,Agricultural,17,0,0,0,0,26.17,1,3A issued,285,48.8,21.7,2.8,0.9,0,Low,0.243,0
SYN-LA-01846,Punjab,Urban,Urban Infrastructure,2018-11-10,2019-07-04,4.54,Forest,16,0,0,0,0,101.38,1,3D issued,236,68.6,44.9,14.9,10.7,0,Medium,0.435,0
SYN-LA-01847,Chhattisgarh,Semi-urban,Railway,2020-10-25,2021-08-06,3.31,Agricultural,7,0,0,0,1,115.5,1,Pre-notification,285,4.3,4.3,0,0,1,Medium,0.388,152
SYN-LA-01848,Odisha,Semi-urban,State Highway,2020-07-11,2021-08-11,3.02,Agricultural,6,0,0,0,0,119.98,1,3G award,396,100,78.3,49.2,27.9,0,Low,0.21,0
SYN-LA-01849,Madhya Pradesh,Urban,Urban Infrastructure,2021-03-06,2022-03-24,5.35,Residential,27,1,1,1,0,449.47,1,3A issued,383,46.1,43.5,31.4,11.8,1,High,0.92,256
SYN-LA-01850,Haryana,Rural,State Highway,2024-02-03,2025-12-06,15.59,Residential,2,1,0,0,0,458.1,1,3G award,672,100,100,80.2,70.1,1,Medium,0.598,137
SYN-LA-01851,Haryana,Rural,Industrial Corridor,2019-07-17,2020-07-16,4.51,Agricultural,8,1,0,0,0,370.59,1,3D issued,365,69.3,42.7,38.2,25.8,0,Low,0.314,0
SYN-LA-01852,Madhya Pradesh,Semi-urban,National Highway,2018-12-14,2020-05-24,3.47,Agricultural,64,1,0,0,1,112.99,1,3D issued,527,100,63.9,47.3,35.8,1,High,0.771,223
SYN-LA-01853,Maharashtra,Semi-urban,Railway,2020-03-04,2020-08-06,0.82,Residential,6,0,0,0,0,78.37,1,3A issued,155,54.5,30.1,22.4,16.4,0,Low,0.134,0
SYN-LA-01854,Odisha,Urban,Industrial Corridor,2023-09-18,2025-09-02,14.29,Agricultural,14,1,0,0,0,546.47,1,3G award,715,100,100,85.4,75.2,1,High,0.715,232
SYN-LA-01855,Uttar Pradesh,Semi-urban,State Highway,2023-11-23,2025-04-05,0.53,Agricultural,6,0,0,0,0,15.23,1,3G award,499,100,79.2,50.0,42.2,0,Low,0.156,0
SYN-LA-01856,Odisha,Semi-urban,Industrial Corridor,2019-12-22,2021-07-11,0.62,Residential,52,1,0,0,0,60.32,1,3D issued,567,100,72.1,49.7,44.5,0,Medium,0.558,0
SYN-LA-01857,Rajasthan,Semi-urban,National Highway,2024-02-27,2025-08-16,9.07,Residential,4,1,0,1,0,792.52,1,3D issued,536,91.6,74.2,48.0,21.7,1,High,0.767,243
SYN-LA-01858,Punjab,Urban,Urban Infrastructure,2020-05-18,2021-01-31,4.57,Commercial,22,1,0,0,1,445.75,1,3A issued,258,47.2,40.4,25.1,8.0,1,Medium,0.638,218
SYN-LA-01859,Karnataka,Rural,Urban Infrastructure,2018-04-24,2019-08-09,1.73,Agricultural,5,0,0,0,0,43.29,1,3G award,472,100,100,69.7,59.0,0,Low,0.127,0
SYN-LA-01860,Uttar Pradesh,Semi-urban,State Highway,2021-10-23,2023-07-06,0.68,Agricultural,17,0,0,0,0,21.82,1,3G award,621,100,100,78.5,55.5,0,Low,0.217,0
SYN-LA-01861,Madhya Pradesh,Semi-urban,State Highway,2020-02-22,2020-08-07,2.13,Agricultural,3,0,0,0,0,116.6,1,3A issued,167,20.2,14.5,3.8,0,0,Low,0.176,0
SYN-LA-01862,Chhattisgarh,Semi-urban,State Highway,2023-11-25,2024-12-04,1.2,Residential,5,0,0,0,0,125.43,1,3A issued,375,46.1,34.1,6.8,2.8,0,Low,0.217,0
SYN-LA-01863,Karnataka,Urban,Industrial Corridor,2018-10-02,2020-04-02,1.88,Agricultural,12,0,1,0,0,181.79,1,3D issued,548,91.6,68.3,42.8,29.4,0,Medium,0.488,0
SYN-LA-01864,Punjab,Rural,Railway,2020-06-26,2021-08-23,2.83,Commercial,13,0,0,0,0,278.79,1,3D issued,423,100,72.3,56.2,41.2,0,Low,0.207,0
SYN-LA-01865,Odisha,Semi-urban,National Highway,2022-12-26,2023-07-25,4.25,Commercial,9,0,0,0,0,640.55,1,3A issued,211,44.5,30.8,9.7,0,0,Low,0.282,0
SYN-LA-01866,Chhattisgarh,Rural,Urban Infrastructure,2022-07-13,2023-03-26,1.77,Agricultural,5,0,0,1,0,34.27,1,3A issued,256,32.1,32.1,22.0,3.0,0,Medium,0.434,0
SYN-LA-01867,Chhattisgarh,Semi-urban,Industrial Corridor,2022-08-25,2024-04-06,2.16,Residential,3,1,0,0,0,97.2,0,3G award,590,100,100,59.2,34.2,0,Medium,0.405,0
SYN-LA-01868,Uttar Pradesh,Rural,Railway,2024-05-05,2025-04-07,8.36,Agricultural,1,1,0,0,0,551.5,1,3G award,337,90.3,84.9,57.0,55.7,1,Low,0.295,63
SYN-LA-01869,Uttar Pradesh,Semi-urban,State Highway,2021-07-21,2022-12-28,8.5,Commercial,26,1,0,0,0,553.02,1,3G award,525,100,94.9,69.4,66.1,1,Medium,0.54,210
SYN-LA-01870,Maharashtra,Semi-urban,Railway,2022-02-24,2022-07-01,5.68,Agricultural,4,0,0,0,0,551.57,1,Pre-notification,127,6.7,6.7,0,0,1,Low,0.256,128
SYN-LA-01871,West Bengal,Urban,Urban Infrastructure,2018-01-04,2019-11-14,5.75,Residential,17,0,0,0,1,325.45,1,3G award,679,100,100,86.2,82.2,1,Medium,0.482,194
SYN-LA-01872,Maharashtra,Semi-urban,Railway,2019-09-18,2020-03-07,1.41,Forest,6,0,0,0,0,78.14,0,3A issued,171,24.7,7.2,0,0,0,Medium,0.364,0
SYN-LA-01873,Maharashtra,Rural,Urban Infrastructure,2020-06-02,2021-01-21,1.27,Residential,14,0,1,1,0,102.23,1,Pre-notification,233,5.4,0,0,0,1,High,0.689,217
SYN-LA-01874,Chhattisgarh,Urban,State Highway,2021-08-02,2021-10-10,0.46,Agricultural,20,1,0,0,0,23.4,1,Pre-notification,69,12.0,0,0,0,0,Low,0.329,0
SYN-LA-01875,Uttar Pradesh,Rural,State Highway,2023-08-01,2024-08-13,4.32,Agricultural,23,1,0,0,0,243.35,1,3D issued,378,78.2,59.2,41.9,40.9,1,Medium,0.402,170
SYN-LA-01876,Punjab,Rural,Urban Infrastructure,2018-05-06,2018-10-02,1.86,Agricultural,10,0,0,0,0,73.03,1,3A issued,149,41.6,26.5,26.0,18.4,0,Low,0.158,0
SYN-LA-01877,Haryana,Semi-urban,State Highway,2023-05-29,2025-03-19,5.7,Agricultural,17,0,0,0,0,229.24,1,3G award,660,100,100,94.4,88.6,1,Low,0.256,156
SYN-LA-01878,West Bengal,Rural,Railway,2023-09-08,2023-12-09,1.71,Residential,23,1,0,0,0,145.59,1,3A issued,92,54.7,26.0,18.0,0,1,Low,0.348,101
SYN-LA-01879,Uttar Pradesh,Urban,State Highway,2021-04-26,2022-12-31,1.39,Forest,14,1,0,0,0,111.59,1,3G award,614,100,100,70.1,68.4,1,Medium,0.363,148
SYN-LA-01880,Punjab,Rural,Industrial Corridor,2023-01-30,2024-05-06,1.63,Agricultural,11,0,0,0,0,69.27,1,3G award,462,100,90.3,75.0,67.9,0,Low,0.131,0
SYN-LA-01881,Haryana,Semi-urban,Railway,2018-09-12,2019-05-15,4.2,Commercial,11,0,1,1,0,271.39,0,Pre-notification,245,7.4,4.1,0,0,1,High,0.848,253
SYN-LA-01882,Maharashtra,Semi-urban,Industrial Corridor,2018-01-30,2019-09-11,30.24,Agricultural,10,1,0,0,1,1806.59,1,3G award,589,100,100,86.1,78.9,1,High,0.836,314
SYN-LA-01883,Uttar Pradesh,Urban,Railway,2019-08-04,2020-07-29,2.55,Agricultural,15,0,0,0,0,64.53,1,3D issued,360,69.4,65.6,62.8,62.6,1,Low,0.207,133
SYN-LA-01884,Chhattisgarh,Rural,State Highway,2019-02-15,2020-07-03,1.29,Agricultural,15,1,0,1,0,93.65,1,3A issued,504,52.9,40.0,33.0,3.6,1,High,0.671,327
SYN-LA-01885,Rajasthan,Rural,National Highway,2020-11-30,2021-04-30,1.04,Agricultural,16,0,0,0,0,66.37,1,3A issued,151,38.5,35.7,12.8,9.2,0,Low,0.203,0
SYN-LA-01886,Haryana,Rural,Industrial Corridor,2024-02-04,2024-04-09,0.54,Agricultural,5,0,0,0,0,19.35,0,Pre-notification,65,1.9,1.9,0,0,0,Low,0.224,0
SYN-LA-01887,Punjab,Urban,State Highway,2023-01-15,2023-11-18,2.85,Agricultural,9,0,0,0,0,190.16,1,3A issued,307,37.9,22.3,9.6,0,1,Low,0.302,103
SYN-LA-01888,Chhattisgarh,Semi-urban,State Highway,2021-10-20,2023-04-07,3.47,Commercial,9,0,0,0,0,194.53,1,3G award,534,98.1,77.4,73.6,72.4,0,Low,0.173,0
SYN-LA-01889,Maharashtra,Urban,National Highway,2018-07-27,2020-05-27,9.42,Agricultural,27,1,0,0,0,960.96,1,3G award,670,100,100,98.0,79.8,1,Medium,0.63,295
SYN-LA-01890,Haryana,Semi-urban,Railway,2023-02-02,2023-06-19,5.42,Forest,59,1,0,1,1,305.26,1,Pre-notification,137,0,0,0,0,1,High,0.946,315
SYN-LA-01891,Uttar Pradesh,Rural,Urban Infrastructure,2024-11-07,2025-10-02,1.13,Agricultural,10,0,0,0,0,106.36,1,3A issued,329,48.1,30.1,15.7,14.3,0,Low,0.209,0
SYN-LA-01892,Uttar Pradesh,Rural,State Highway,2023-09-18,2025-02-02,2.64,Forest,2,0,0,0,0,85.57,1,3G award,503,100,88.4,73.8,71.5,1,Low,0.17,124
SYN-LA-01893,Karnataka,Semi-urban,Urban Infrastructure,2023-09-11,2025-07-18,2.9,Agricultural,9,1,0,0,0,225.92,1,3G award,676,100,99.9,80.1,72.2,1,Low,0.236,162
SYN-LA-01894,Maharashtra,Rural,State Highway,2020-09-05,2021-07-02,2.6,Forest,31,1,0,0,0,193.49,1,3A issued,300,51.3,28.3,18.9,0,1,Medium,0.596,198
SYN-LA-01895,Haryana,Urban,Railway,2020-08-25,2022-02-07,5.36,Agricultural,17,0,0,0,0,297.79,1,3D issued,531,71.2,58.0,52.7,33.5,0,Medium,0.426,0
SYN-LA-01896,Karnataka,Semi-urban,Urban Infrastructure,2024-01-10,2025-01-19,3.41,Residential,15,1,0,0,0,210.62,1,3G award,375,100,88.7,77.6,75.1,0,Low,0.2,0
SYN-LA-01897,Madhya Pradesh,Semi-urban,Railway,2024-03-08,2024-07-10,5.95,Residential,5,0,0,0,0,142.35,1,3A issued,124,24.1,4.7,0,0,0,Low,0.268,0
SYN-LA-01898,Haryana,Rural,National Highway,2018-02-23,2019-06-28,5.19,Forest,4,0,0,1,0,465.76,1,3A issued,490,58.6,47.3,28.6,0.0,1,High,0.703,161
SYN-LA-01899,Uttar Pradesh,Semi-urban,State Highway,2022-09-29,2024-07-14,3.58,Agricultural,14,0,0,0,1,329.46,1,3G award,654,100,90.1,82.4,62.6,0,Medium,0.384,0
SYN-LA-01900,Haryana,Rural,Railway,2021-08-28,2023-04-20,4.09,Agricultural,5,0,0,0,0,363.79,1,3G award,600,100,93.2,86.0,65.8,0,Low,0.185,0
SYN-LA-01901,Odisha,Urban,National Highway,2023-02-19,2023-10-18,0.74,Agricultural,8,1,0,0,0,23.47,1,3D issued,241,68.5,32.4,12.5,5.3,0,Low,0.285,0
SYN-LA-01902,Uttar Pradesh,Rural,State Highway,2024-09-12,2025-01-30,0.61,Agricultural,4,0,0,0,0,31.88,1,Pre-notification,140,12.2,7.9,0,0,0,Low,0.155,0
SYN-LA-01903,Rajasthan,Rural,State Highway,2022-05-16,2024-04-04,0.85,Commercial,5,0,0,0,0,70.51,1,3G award,689,100,97.5,88.9,72.1,0,Low,0.136,0
SYN-LA-01904,Uttar Pradesh,Urban,State Highway,2020-04-03,2021-06-25,1.46,Residential,4,0,0,0,1,138.47,1,3D issued,448,100,71.3,42.9,39.5,0,Low,0.296,0
SYN-LA-01905,Uttar Pradesh,Rural,Railway,2024-06-22,2025-07-24,2.52,Forest,3,0,0,0,0,52.76,1,3D issued,397,100,73.6,58.7,47.1,0,Low,0.2,0
SYN-LA-01906,Odisha,Semi-urban,Railway,2023-11-26,2024-10-20,5.24,Commercial,9,0,0,0,0,505.66,1,3D issued,329,65.4,64.1,49.0,47.1,0,Low,0.218,0
SYN-LA-01907,Madhya Pradesh,Urban,Urban Infrastructure,2018-05-19,2019-06-29,2.37,Agricultural,16,0,0,0,0,163.58,1,3D issued,406,90.1,73.4,45.8,38.3,0,Low,0.27,0
SYN-LA-01908,Rajasthan,Rural,Urban Infrastructure,2018-02-03,2019-03-20,10.12,Forest,10,1,0,0,1,903.77,0,3D issued,410,60.0,48.9,9.8,6.9,1,High,0.878,338
SYN-LA-01909,Punjab,Semi-urban,National Highway,2024-04-25,2025-02-28,1.62,Agricultural,19,0,0,0,0,141.0,1,3A issued,309,49.3,46.3,30.2,22.3,1,Low,0.23,237
SYN-LA-01910,Chhattisgarh,Urban,Urban Infrastructure,2022-12-18,2023-03-02,9.4,Residential,4,1,0,0,0,814.78,1,3A issued,74,20.8,5.6,0,0,0,Medium,0.497,0
SYN-LA-01911,Odisha,Rural,Urban Infrastructure,2020-01-21,2021-12-06,8.59,Agricultural,3,1,0,0,0,268.03,1,3G award,685,100,100,97.7,78.5,0,Medium,0.356,0
SYN-LA-01912,Maharashtra,Semi-urban,State Highway,2023-01-30,2024-03-02,6.4,Residential,17,1,1,1,0,607.65,0,Pre-notification,397,9.5,3.8,0,0,1,High,0.944,251
SYN-LA-01913,Odisha,Rural,Railway,2024-09-03,2025-12-29,4.2,Forest,22,1,0,0,0,407.06,1,3D issued,482,86.9,55.8,32.0,30.4,0,Medium,0.544,0
SYN-LA-01914,Punjab,Urban,Industrial Corridor,2018-01-25,2018-05-25,5.43,Forest,8,0,0,0,1,104.48,1,3A issued,120,30.5,15.6,0,0,1,Medium,0.53,157
SYN-LA-01915,Madhya Pradesh,Rural,National Highway,2022-01-24,2023-01-26,5.94,Agricultural,2,0,0,0,1,437.65,1,3A issued,367,51.5,36.4,21.0,9.2,1,Medium,0.421,127
SYN-LA-01916,Uttar Pradesh,Urban,Industrial Corridor,2022-02-23,2023-11-16,8.87,Forest,4,1,1,1,0,384.96,1,3D issued,631,63.1,57.3,32.4,8.4,0,High,0.951,0
SYN-LA-01917,Karnataka,Rural,Urban Infrastructure,2023-09-06,2025-01-26,1.06,Forest,9,0,0,0,0,39.7,1,3D issued,508,86.5,74.1,72.0,49.7,0,Low,0.206,0
SYN-LA-01918,Karnataka,Semi-urban,National Highway,2020-09-16,2022-06-23,2.42,Residential,5,1,0,0,0,220.53,1,3G award,645,100,100,78.9,77.7,0,Low,0.181,0
SYN-LA-01919,Haryana,Rural,Industrial Corridor,2019-02-07,2019-07-08,4.85,Agricultural,3,0,0,0,0,309.97,1,3A issued,151,17.8,9.8,0,0,0,Low,0.232,0
SYN-LA-01920,Odisha,Urban,Industrial Corridor,2021-02-12,2022-03-06,4.85,Agricultural,4,0,1,0,0,503.05,1,3A issued,387,41.4,33.9,2.1,0,1,Medium,0.582,205
SYN-LA-01921,Chhattisgarh,Rural,National Highway,2021-11-19,2023-08-28,10.55,Agricultural,12,1,0,0,0,410.24,1,3G award,647,100,97.6,92.8,92.3,0,Medium,0.439,0
SYN-LA-01922,West Bengal,Rural,Industrial Corridor,2019-04-23,2020-12-22,1.88,Agricultural,8,0,0,0,0,36.2,1,3G award,609,100,83.1,80.7,77.8,0,Low,0.145,0
SYN-LA-01923,West Bengal,Semi-urban,National Highway,2022-12-01,2023-11-18,4.75,Agricultural,15,0,0,0,0,332.12,1,3A issued,352,48.4,37.6,27.7,24.2,0,Low,0.318,0
SYN-LA-01924,Uttar Pradesh,Urban,State Highway,2018-05-14,2019-11-24,10.24,Agricultural,11,1,0,0,0,590.3,1,3G award,559,100,96.0,68.6,46.6,0,Medium,0.609,0
SYN-LA-01925,Uttar Pradesh,Urban,Urban Infrastructure,2018-09-04,2019-08-16,3.07,Commercial,7,0,0,0,0,170.42,1,3D issued,346,81.2,61.3,31.4,12.8,0,Low,0.294,0
SYN-LA-01926,Punjab,Semi-urban,Railway,2024-03-15,2024-11-23,3.4,Agricultural,15,1,0,0,0,174.54,1,3A issued,253,19.9,19.9,15.8,8.7,0,Low,0.34,0
SYN-LA-01927,Odisha,Semi-urban,Urban Infrastructure,2021-05-30,2022-10-03,1.89,Agricultural,16,0,1,0,0,64.67,0,3D issued,491,65.3,43.9,11.3,0,1,High,0.705,169
SYN-LA-01928,Punjab,Semi-urban,State Highway,2020-12-12,2021-08-21,3.55,Agricultural,6,0,0,0,0,142.52,1,3D issued,252,86.3,71.8,63.4,53.6,0,Low,0.128,0
SYN-LA-01929,Uttar Pradesh,Rural,National Highway,2023-04-14,2024-05-02,1.03,Residential,8,0,0,0,1,84.32,1,3D issued,384,75.3,58.3,47.2,35.9,0,Low,0.255,0
SYN-LA-01930,Punjab,Rural,Urban Infrastructure,2020-02-20,2021-04-26,2.45,Agricultural,8,1,0,0,1,252.65,1,3D issued,431,77.5,57.5,52.0,43.0,0,Low,0.333,0
SYN-LA-01931,Madhya Pradesh,Urban,Railway,2022-11-02,2023-06-09,4.62,Agricultural,7,1,0,0,1,293.61,1,3A issued,219,46.4,22.9,7.6,0,0,Medium,0.538,0
SYN-LA-01932,Madhya Pradesh,Urban,Urban Infrastructure,2021-11-09,2022-01-07,15.4,Forest,12,1,0,1,0,812.99,1,Pre-notification,59,8.2,2.3,0,0,1,High,0.924,300
SYN-LA-01933,Haryana,Rural,National Highway,2023-09-30,2023-12-24,1.36,Agricultural,6,0,0,0,0,24.34,1,3A issued,85,43.4,34.3,5.3,0,0,Low,0.157,0
SYN-LA-01934,West Bengal,Semi-urban,National Highway,2023-05-27,2024-07-13,1.09,Agricultural,7,0,0,0,0,35.52,1,3G award,413,100,88.2,70.1,66.5,0,Low,0.114,0
SYN-LA-01935,Chhattisgarh,Semi-urban,State Highway,2023-06-22,2024-10-28,9.36,Agricultural,1,1,0,0,0,577.04,1,3G award,494,100,90.9,84.7,73.1,1,Low,0.319,152
SYN-LA-01936,Rajasthan,Urban,State Highway,2020-02-05,2020-03-17,0.9,Residential,15,0,0,0,0,55.31,1,Pre-notification,41,0,0,0,0,0,Low,0.228,0
SYN-LA-01937,Odisha,Urban,State Highway,2024-01-25,2025-08-27,4.52,Agricultural,2,0,0,1,0,315.3,1,3A issued,580,56.6,47.3,39.8,17.0,0,Medium,0.631,0
SYN-LA-01938,Rajasthan,Semi-urban,Industrial Corridor,2019-04-05,2020-04-04,5.53,Forest,3,1,0,1,1,541.49,1,3A issued,365,28.1,4.3,0,0,1,High,0.834,222
SYN-LA-01939,Chhattisgarh,Rural,State Highway,2023-04-16,2024-05-22,17.72,Residential,8,1,0,0,0,472.72,1,3A issued,402,51.9,44.4,30.7,25.5,1,High,0.766,204
SYN-LA-01940,West Bengal,Semi-urban,Urban Infrastructure,2019-09-25,2020-07-23,1.0,Commercial,15,0,1,0,0,144.99,1,3A issued,302,50.8,31.6,27.5,14.6,1,Medium,0.407,146
SYN-LA-01941,Maharashtra,Semi-urban,State Highway,2024-11-09,2025-09-06,3.48,Agricultural,16,1,0,0,0,72.3,1,3D issued,301,75.3,61.1,37.8,20.5,0,Low,0.343,0
SYN-LA-01942,Karnataka,Rural,Urban Infrastructure,2019-08-07,2020-02-25,1.93,Agricultural,16,1,0,0,0,63.15,1,3D issued,202,67.9,60.3,56.9,49.7,0,Low,0.188,0
SYN-LA-01943,Punjab,Urban,National Highway,2019-06-30,2019-10-31,6.6,Forest,4,1,0,0,1,634.74,1,Pre-notification,123,0,0,0,0,1,Medium,0.617,223
SYN-LA-01944,Madhya Pradesh,Rural,Railway,2022-01-10,2023-06-09,6.03,Commercial,8,1,0,0,1,802.19,1,3D issued,515,69.2,69.2,66.2,56.0,0,Medium,0.451,0
SYN-LA-01945,Chhattisgarh,Urban,Railway,2020-05-14,2021-11-01,2.0,Agricultural,35,1,0,0,0,40.96,1,3G award,536,97.6,87.5,56.6,39.9,1,Medium,0.542,252
SYN-LA-01946,Karnataka,Semi-urban,State Highway,2021-02-23,2022-02-05,4.42,Agricultural,3,1,0,0,0,239.11,1,3D issued,347,62.5,46.0,36.5,34.0,1,Low,0.244,110
SYN-LA-01947,West Bengal,Rural,Railway,2024-04-09,2024-11-21,1.41,Agricultural,18,0,0,0,1,42.84,0,3A issued,226,30.3,22.0,3.0,0,0,Medium,0.551,0
SYN-LA-01948,Rajasthan,Semi-urban,Railway,2019-07-05,2020-03-14,4.54,Agricultural,8,1,0,0,0,163.47,1,3A issued,253,25.2,25.2,8.1,0,0,Medium,0.367,0
SYN-LA-01949,Odisha,Urban,Railway,2019-12-03,2020-09-14,4.77,Commercial,6,0,1,0,0,513.98,1,Pre-notification,286,7.6,7.6,0,0,0,Medium,0.559,0
SYN-LA-01950,Rajasthan,Urban,National Highway,2020-04-15,2020-09-04,0.8,Agricultural,8,0,0,0,0,30.05,1,3A issued,142,42.6,14.6,0,0,0,Low,0.21,0
SYN-LA-01951,Rajasthan,Semi-urban,Urban Infrastructure,2018-08-27,2020-06-21,10.88,Forest,6,1,0,0,1,358.68,1,3D issued,664,89.2,69.6,55.0,47.3,0,High,0.757,0
SYN-LA-01952,Uttar Pradesh,Urban,State Highway,2022-06-15,2023-04-02,1.6,Commercial,25,1,0,0,0,81.0,1,3A issued,291,41.1,41.1,32.4,9.4,0,Medium,0.461,0
SYN-LA-01953,Chhattisgarh,Rural,State Highway,2023-01-02,2024-04-10,2.18,Agricultural,28,1,0,0,0,58.35,0,3A issued,464,42.0,25.5,7.2,0,1,High,0.686,272
SYN-LA-01954,Punjab,Urban,National Highway,2022-12-07,2023-12-15,2.47,Agricultural,3,0,0,0,0,181.8,1,3D issued,373,67.4,51.6,36.8,29.5,0,Low,0.196,0
SYN-LA-01955,Odisha,Urban,National Highway,2020-06-13,2020-12-26,5.02,Forest,24,1,1,0,0,446.4,1,3A issued,196,17.7,17.7,1.8,0,1,High,0.81,261
SYN-LA-01956,West Bengal,Rural,Industrial Corridor,2020-03-27,2021-04-09,2.55,Agricultural,5,0,0,0,0,252.69,1,3A issued,378,47.7,47.7,36.7,23.6,0,Low,0.202,0
SYN-LA-01957,Karnataka,Rural,Industrial Corridor,2021-02-02,2022-10-22,1.76,Agricultural,5,0,0,0,0,71.06,1,3G award,627,100,90.1,61.4,59.3,0,Low,0.155,0
SYN-LA-01958,Odisha,Rural,State Highway,2020-06-21,2021-04-11,4.52,Commercial,9,0,0,1,0,732.52,1,3A issued,294,34.8,30.1,13.4,0,0,Medium,0.586,0
SYN-LA-01959,Haryana,Rural,Railway,2018-04-15,2019-05-09,1.37,Agricultural,16,1,0,0,0,62.62,1,3D issued,389,74.7,74.5,68.1,49.5,0,Low,0.225,0
SYN-LA-01960,Chhattisgarh,Semi-urban,National Highway,2018-07-28,2019-06-15,7.21,Agricultural,7,1,1,1,0,455.37,1,Pre-notification,322,0,0,0,0,1,High,0.868,227
SYN-LA-01961,Uttar Pradesh,Urban,State Highway,2019-08-22,2019-12-24,12.54,Agricultural,7,1,0,0,1,1041.74,1,3A issued,124,19.2,18.6,2.7,0,1,High,0.766,223
SYN-LA-01962,Punjab,Semi-urban,Urban Infrastructure,2020-01-04,2021-03-01,1.9,Residential,6,0,1,1,1,111.26,1,3A issued,422,28.6,15.3,0,0,1,High,0.8,277
SYN-LA-01963,Odisha,Urban,State Highway,2021-05-13,2022-03-21,3.92,Agricultural,9,1,0,0,0,406.33,1,3A issued,312,44.3,25.3,0,0,0,Medium,0.436,0
SYN-LA-01964,West Bengal,Semi-urban,National Highway,2023-11-20,2025-01-19,9.58,Agricultural,6,1,0,0,0,572.65,1,3D issued,426,74.3,65.3,45.9,38.5,1,Medium,0.46,135
SYN-LA-01965,Chhattisgarh,Semi-urban,National Highway,2023-06-07,2024-02-01,13.19,Residential,6,1,0,0,1,1171.98,1,3A issued,239,24.8,0,0,0,1,High,0.76,240
SYN-LA-01966,Madhya Pradesh,Urban,State Highway,2020-04-02,2021-03-03,1.32,Agricultural,12,0,0,0,0,89.3,0,3A issued,335,25.9,16.8,0,0,0,Medium,0.442,0
SYN-LA-01967,West Bengal,Semi-urban,Railway,2021-08-25,2023-06-23,3.73,Agricultural,8,0,0,0,0,60.87,1,3G award,667,100,92.9,80.5,72.5,1,Low,0.205,100
SYN-LA-01968,Madhya Pradesh,Urban,Urban Infrastructure,2018-09-11,2019-07-14,11.04,Forest,16,1,0,1,0,802.28,1,3A issued,306,43.7,34.9,5.1,0,1,High,0.917,316
SYN-LA-01969,Odisha,Urban,National Highway,2024-11-16,2026-11-06,0.75,Agricultural,17,0,0,0,0,52.19,1,3G award,720,100,92.8,61.7,42.2,1,Low,0.325,144
SYN-LA-01970,Odisha,Urban,National Highway,2021-09-04,2023-02-26,4.16,Agricultural,5,1,0,0,0,122.75,1,3D issued,540,83.0,62.2,34.1,25.1,0,Medium,0.408,0
SYN-LA-01971,Madhya Pradesh,Urban,National Highway,2020-10-09,2022-07-30,4.19,Agricultural,6,1,0,0,0,265.62,1,3G award,659,100,94.5,67.4,66.0,1,Low,0.317,164
SYN-LA-01972,Karnataka,Rural,Industrial Corridor,2019-03-03,2019-09-18,11.83,Agricultural,7,1,0,1,0,959.83,0,Pre-notification,199,0,0,0,0,1,High,0.885,291
SYN-LA-01973,Haryana,Urban,National Highway,2020-09-26,2021-05-18,1.48,Agricultural,13,1,0,0,1,40.47,1,3A issued,234,25.7,13.8,0,0,0,Medium,0.483,0
SYN-LA-01974,Rajasthan,Rural,National Highway,2022-06-02,2024-03-27,2.94,Residential,3,0,0,0,0,190.69,0,3G award,664,100,100,74.8,70.8,0,Low,0.263,0
SYN-LA-01975,Odisha,Rural,Urban Infrastructure,2023-04-28,2023-08-28,1.46,Residential,4,0,0,0,0,89.72,1,3A issued,122,23.4,15.8,0,0,0,Low,0.163,0
SYN-LA-01976,West Bengal,Semi-urban,Railway,2020-05-06,2021-09-21,0.39,Agricultural,3,1,0,0,1,11.46,1,3D issued,503,60.2,49.7,33.6,20.0,0,Medium,0.351,0
SYN-LA-01977,Punjab,Semi-urban,Railway,2023-03-03,2023-07-10,3.52,Residential,6,0,0,0,0,223.15,1,3A issued,129,20.8,8.6,0.7,0,1,Low,0.205,72
SYN-LA-01978,West Bengal,Semi-urban,Urban Infrastructure,2021-10-08,2022-03-27,3.06,Agricultural,12,0,0,0,0,238.81,1,Pre-notification,170,12.7,0,0,0,0,Low,0.262,0
SYN-LA-01979,Uttar Pradesh,Semi-urban,State Highway,2021-06-08,2022-02-20,1.44,Residential,16,0,0,0,0,128.31,1,3A issued,257,46.5,33.6,28.0,3.8,0,Low,0.262,0
SYN-LA-01980,Madhya Pradesh,Urban,State Highway,2020-10-31,2022-08-07,6.53,Forest,4,1,0,0,0,230.31,1,3G award,645,100,100,71.7,50.0,0,Medium,0.51,0
SYN-LA-01981,Karnataka,Urban,Urban Infrastructure,2018-07-01,2020-04-14,1.72,Agricultural,3,0,0,0,0,35.15,0,3D issued,653,85.0,66.5,43.6,27.5,0,Medium,0.394,0
SYN-LA-01982,Karnataka,Urban,Urban Infrastructure,2022-05-20,2022-11-14,4.81,Agricultural,3,0,0,0,0,367.31,1,3A issued,178,50.9,21.8,20.9,2.2,1,Low,0.274,60
SYN-LA-01983,West Bengal,Semi-urban,State Highway,2020-06-24,2021-01-13,5.4,Agricultural,14,0,0,0,0,354.86,1,3A issued,203,39.9,19.4,0,0,0,Medium,0.357,0
SYN-LA-01984,Punjab,Rural,Industrial Corridor,2018-12-14,2019-07-25,9.68,Agricultural,6,1,0,0,0,225.04,0,3A issued,223,29.9,11.5,0,0,1,Medium,0.646,222
SYN-LA-01985,Madhya Pradesh,Semi-urban,Urban Infrastructure,2022-07-14,2023-09-05,8.14,Agricultural,12,1,0,0,0,195.3,1,3A issued,418,58.9,40.8,28.6,11.9,0,Medium,0.537,0
SYN-LA-01986,Uttar Pradesh,Urban,National Highway,2023-03-31,2024-09-01,2.07,Agricultural,14,0,0,0,0,132.86,1,3G award,520,100,100,83.9,67.5,0,Low,0.218,0
SYN-LA-01987,Haryana,Semi-urban,Urban Infrastructure,2024-07-30,2025-01-17,2.46,Agricultural,20,0,0,0,0,111.94,0,3A issued,171,44.6,40.9,6.9,0,0,Medium,0.428,0
SYN-LA-01988,Odisha,Urban,Railway,2018-03-30,2019-01-08,1.76,Residential,7,0,1,1,0,28.21,1,3A issued,284,17.0,0,0,0,1,High,0.725,264
SYN-LA-01989,Rajasthan,Urban,Urban Infrastructure,2021-02-08,2021-04-19,1.65,Agricultural,22,1,1,0,1,35.39,1,Pre-notification,70,9.1,3.0,2.8,0,1,High,0.714,250
SYN-LA-01990,Rajasthan,Semi-urban,Railway,2023-11-08,2024-08-04,2.95,Residential,18,0,0,0,1,75.9,1,3A issued,270,53.9,51.5,37.9,19.3,1,Medium,0.394,87
SYN-LA-01991,Odisha,Urban,National Highway,2020-11-14,2021-09-15,2.05,Residential,9,1,0,0,0,172.87,1,3D issued,305,71.2,51.0,34.9,12.0,0,Low,0.332,0
SYN-LA-01992,West Bengal,Semi-urban,Industrial Corridor,2020-07-12,2021-09-02,14.79,Agricultural,29,1,0,0,1,276.88,1,3D issued,417,84.4,52.4,34.5,22.6,1,High,0.895,201
SYN-LA-01993,Punjab,Rural,Urban Infrastructure,2019-04-09,2020-05-03,5.66,Agricultural,2,0,0,0,0,402.78,1,3D issued,390,64.5,44.5,33.1,28.3,0,Low,0.232,0
SYN-LA-01994,Punjab,Semi-urban,Industrial Corridor,2019-05-11,2019-07-14,1.7,Forest,3,1,0,1,0,116.54,1,Pre-notification,64,5.8,2.3,0,0,0,Medium,0.497,0
SYN-LA-01995,Rajasthan,Urban,Industrial Corridor,2022-04-21,2023-11-22,2.07,Commercial,92,1,0,1,1,91.7,1,3D issued,580,75.8,74.8,48.1,22.8,1,High,0.935,310
SYN-LA-01996,Odisha,Urban,National Highway,2022-10-14,2023-11-15,6.62,Forest,8,1,0,0,0,510.14,1,3G award,397,100,85.4,68.3,49.0,0,Medium,0.469,0
SYN-LA-01997,Karnataka,Semi-urban,State Highway,2022-03-13,2022-10-27,4.1,Agricultural,7,0,0,0,0,322.18,1,3D issued,228,72.8,50.4,38.3,36.9,1,Low,0.17,67
SYN-LA-01998,Madhya Pradesh,Rural,National Highway,2023-10-08,2024-04-30,1.5,Agricultural,7,0,0,0,0,65.51,1,Pre-notification,205,9.4,7.5,2.5,0,1,Low,0.192,114
SYN-LA-01999,Chhattisgarh,Rural,Railway,2018-04-19,2018-11-05,5.79,Agricultural,12,0,0,0,0,274.79,1,3A issued,200,56.4,40.3,35.9,32.2,1,Low,0.255,129
SYN-LA-02000,Madhya Pradesh,Rural,Urban Infrastructure,2021-03-14,2022-02-01,6.4,Agricultural,9,1,0,0,0,546.81,1,3A issued,324,42.6,33.7,19.8,8.5,1,Medium,0.428,160
SYN-LA-02001,Maharashtra,Urban,Railway,2023-07-26,2024-08-24,1.77,Agricultural,13,1,0,0,0,78.98,1,3D issued,395,82.5,51.1,42.5,24.0,1,Low,0.341,182
SYN-LA-02002,Madhya Pradesh,Urban,State Highway,2021-03-23,2022-02-04,10.42,Agricultural,9,1,0,0,0,1016.25,0,3D issued,318,75.7,40.3,9.7,6.4,1,High,0.76,312
SYN-LA-02003,Madhya Pradesh,Rural,State Highway,2021-04-21,2021-07-03,3.84,Agricultural,10,0,0,0,0,169.11,0,Pre-notification,73,6.2,2.6,0,0,1,Medium,0.358,169
SYN-LA-02004,Haryana,Semi-urban,Urban Infrastructure,2024-08-06,2026-01-28,1.38,Agricultural,14,0,0,0,1,136.39,1,3D issued,540,83.9,64.0,50.1,46.5,0,Low,0.308,0
SYN-LA-02005,Chhattisgarh,Semi-urban,Railway,2020-06-26,2021-09-15,17.4,Agricultural,10,1,0,0,1,488.48,1,3A issued,446,45.8,42.0,16.4,0,1,High,0.9,322
SYN-LA-02006,Karnataka,Rural,Railway,2023-04-12,2024-01-11,1.27,Agricultural,8,0,0,0,0,61.51,1,3A issued,274,42.0,42.0,29.1,11.8,0,Low,0.179,0
SYN-LA-02007,Haryana,Rural,Railway,2018-10-07,2020-09-21,4.44,Residential,6,0,1,0,1,231.18,1,3G award,715,95.2,86.1,54.5,43.4,1,Medium,0.622,297
SYN-LA-02008,Haryana,Semi-urban,Railway,2020-03-07,2021-04-10,0.82,Commercial,23,1,0,0,0,81.58,0,3D issued,399,76.7,64.3,36.6,28.8,1,Medium,0.464,148
SYN-LA-02009,Odisha,Rural,State Highway,2021-03-06,2021-05-08,0.41,Agricultural,2,0,0,0,0,14.97,1,Pre-notification,63,0,0,0,0,0,Low,0.126,0
SYN-LA-02010,Madhya Pradesh,Semi-urban,Urban Infrastructure,2020-08-18,2022-06-17,4.2,Agricultural,10,1,1,0,0,392.75,1,3D issued,668,100,73.6,69.8,61.1,1,Medium,0.516,229
SYN-LA-02011,Chhattisgarh,Rural,Urban Infrastructure,2020-12-04,2021-08-09,0.73,Agricultural,4,0,0,0,1,31.29,1,3D issued,248,64.7,46.3,33.5,14.0,1,Low,0.237,169
SYN-LA-02012,Odisha,Rural,State Highway,2019-04-12,2020-03-18,3.48,Agricultural,21,1,0,0,0,273.05,1,3D issued,341,89.4,63.0,52.6,44.3,0,Low,0.328,0
SYN-LA-02013,Maharashtra,Semi-urban,National Highway,2020-07-28,2022-06-01,2.6,Forest,15,0,0,0,0,235.7,1,3G award,673,100,100,90.2,87.2,0,Low,0.238,0
SYN-LA-02014,Uttar Pradesh,Rural,Railway,2019-10-15,2020-10-28,1.33,Agricultural,25,1,0,0,1,127.16,1,3D issued,379,81.6,71.7,58.8,43.8,0,Medium,0.444,0
SYN-LA-02015,West Bengal,Semi-urban,State Highway,2022-11-28,2024-03-08,10.21,Agricultural,1,1,0,0,0,883.01,1,3G award,466,100,91.3,88.8,86.1,0,Low,0.299,0
SYN-LA-02016,Karnataka,Urban,Railway,2022-07-06,2024-01-12,2.5,Agricultural,12,1,1,0,0,51.6,1,3D issued,555,67.5,45.3,26.8,25.1,1,Medium,0.609,239
SYN-LA-02017,Karnataka,Rural,National Highway,2020-07-29,2022-01-02,3.01,Commercial,2,0,0,0,0,293.77,1,3D issued,522,85.0,73.1,45.8,39.0,0,Low,0.182,0
SYN-LA-02018,Chhattisgarh,Urban,Railway,2023-03-10,2023-08-22,12.78,Forest,8,1,0,0,0,961.68,1,Pre-notification,165,4.4,0,0,0,1,High,0.748,277
SYN-LA-02019,Haryana,Urban,Industrial Corridor,2019-11-01,2021-03-21,3.76,Agricultural,13,0,0,0,0,130.18,1,3G award,506,100,99.7,91.8,88.6,0,Low,0.187,0
SYN-LA-02020,Madhya Pradesh,Urban,Industrial Corridor,2020-01-01,2020-06-15,6.29,Forest,4,1,0,0,1,120.13,1,Pre-notification,166,6.3,0,0,0,1,Medium,0.634,319
SYN-LA-02021,Karnataka,Rural,National Highway,2019-11-08,2020-04-14,7.3,Agricultural,2,1,0,0,0,485.92,1,3A issued,158,41.0,20.0,0,0,0,Medium,0.361,0
SYN-LA-02022,Madhya Pradesh,Semi-urban,Industrial Corridor,2023-08-26,2023-10-08,9.36,Agricultural,22,1,1,0,1,407.38,1,Pre-notification,43,0,0,0,0,0,High,0.844,0
SYN-LA-02023,Chhattisgarh,Rural,Urban Infrastructure,2024-04-23,2026-04-07,1.06,Forest,11,0,0,0,0,54.66,1,3G award,714,100,95.3,79.6,63.9,0,Low,0.252,0
SYN-LA-02024,West Bengal,Semi-urban,National Highway,2018-05-02,2019-05-23,4.54,Commercial,9,0,0,0,0,742.9,0,3D issued,386,85.1,56.8,15.3,0,0,Medium,0.502,0
SYN-LA-02025,Odisha,Urban,Industrial Corridor,2022-06-06,2023-02-09,2.58,Agricultural,5,0,0,0,0,225.48,1,3A issued,248,34.6,22.7,16.6,11.9,1,Low,0.235,152
SYN-LA-02026,Haryana,Urban,Industrial Corridor,2021-08-05,2023-07-15,5.84,Agricultural,24,1,1,1,0,166.04,1,3G award,709,100,99.9,79.7,52.1,1,High,0.911,238
SYN-LA-02027,Haryana,Urban,Urban Infrastructure,2024-03-11,2025-06-12,2.19,Agricultural,4,0,0,0,0,100.88,1,3G award,458,100,92.7,84.7,71.5,1,Low,0.137,105
SYN-LA-02028,Maharashtra,Semi-urban,Railway,2022-03-22,2023-05-29,3.82,Agricultural,30,1,0,0,0,350.04,1,3D issued,433,73.4,54.3,31.7,21.8,1,Medium,0.517,253
SYN-LA-02029,Rajasthan,Rural,Urban Infrastructure,2024-12-10,2026-02-03,6.81,Residential,4,1,0,0,0,418.22,1,3D issued,420,65.3,50.4,22.1,0,0,Medium,0.471,0
SYN-LA-02030,West Bengal,Semi-urban,State Highway,2020-07-09,2021-05-08,2.71,Residential,10,0,0,0,0,156.25,1,3D issued,303,91.0,57.7,36.1,15.3,0,Low,0.237,0
SYN-LA-02031,Maharashtra,Urban,Industrial Corridor,2023-12-16,2024-10-21,1.68,Agricultural,3,0,0,0,0,86.49,1,3D issued,310,75.7,56.4,25.0,6.0,0,Low,0.226,0
SYN-LA-02032,West Bengal,Urban,Industrial Corridor,2024-01-30,2025-10-18,3.69,Agricultural,6,0,0,0,0,259.81,1,3G award,627,100,100,82.2,67.6,1,Low,0.235,119
SYN-LA-02033,West Bengal,Rural,Urban Infrastructure,2019-03-30,2020-06-03,4.59,Residential,9,0,0,0,0,138.71,1,3D issued,431,73.5,43.3,14.2,7.9,1,Low,0.344,142
SYN-LA-02034,Punjab,Urban,Railway,2019-01-27,2020-05-24,2.11,Agricultural,6,0,0,0,0,69.19,0,3D issued,483,65.3,65.3,43.6,32.7,0,Medium,0.35,0
SYN-LA-02035,Rajasthan,Urban,State Highway,2020-12-02,2021-12-29,6.72,Residential,8,1,0,0,1,447.56,0,3A issued,392,44.0,41.6,0,0,0,High,0.8,0
SYN-LA-02036,Maharashtra,Urban,Urban Infrastructure,2024-03-20,2025-01-29,2.2,Agricultural,11,1,0,0,0,97.1,1,3D issued,315,61.5,50.9,36.3,32.0,0,Low,0.289,0
SYN-LA-02037,Odisha,Semi-urban,National Highway,2021-02-04,2022-11-26,5.34,Agricultural,6,0,0,0,0,497.37,1,3G award,660,100,100,92.9,83.7,0,Low,0.2,0
SYN-LA-02038,West Bengal,Semi-urban,Industrial Corridor,2019-10-10,2021-05-18,4.59,Residential,12,1,0,0,0,295.2,1,3G award,586,100,89.6,77.3,75.4,1,Low,0.284,162
SYN-LA-02039,Punjab,Urban,Industrial Corridor,2022-01-30,2023-08-02,3.29,Agricultural,22,1,1,1,0,294.04,1,3A issued,549,45.1,27.4,5.8,0,1,High,0.912,294
SYN-LA-02040,Chhattisgarh,Rural,Industrial Corridor,2023-12-12,2024-02-20,0.95,Commercial,3,0,0,0,0,159.67,1,3A issued,70,27.0,5.7,0,0,0,Low,0.141,0
SYN-LA-02041,West Bengal,Urban,State Highway,2024-10-23,2026-02-20,2.68,Residential,12,1,0,0,0,189.46,1,3D issued,485,87.8,62.0,44.6,41.3,0,Low,0.349,0
SYN-LA-02042,Punjab,Semi-urban,State Highway,2023-12-22,2024-09-05,7.93,Agricultural,12,1,0,0,0,301.35,1,3D issued,258,68.2,57.8,35.2,32.6,0,Medium,0.387,0
SYN-LA-02043,Haryana,Rural,Industrial Corridor,2020-01-21,2021-08-20,7.19,Agricultural,8,1,0,1,0,204.56,1,3D issued,577,82.9,64.2,51.2,33.7,1,High,0.715,296
SYN-LA-02044,Karnataka,Semi-urban,National Highway,2021-10-08,2022-07-09,3.49,Agricultural,8,0,0,0,0,193.21,1,3A issued,274,38.1,18.4,4.9,0,0,Low,0.259,0
SYN-LA-02045,Chhattisgarh,Rural,State Highway,2022-06-11,2023-12-30,2.18,Agricultural,3,0,0,0,0,196.0,1,3G award,567,100,100,68.0,56.0,0,Low,0.158,0
SYN-LA-02046,Uttar Pradesh,Rural,Railway,2021-07-07,2021-09-11,3.19,Agricultural,10,0,0,0,1,104.21,1,3A issued,66,31.0,17.9,9.4,0,1,Low,0.338,201
SYN-LA-02047,Punjab,Rural,Urban Infrastructure,2019-03-20,2019-05-12,10.18,Agricultural,7,1,0,0,0,460.56,1,Pre-notification,53,0,0,0,0,0,Medium,0.458,0
SYN-LA-02048,West Bengal,Semi-urban,Railway,2020-12-21,2022-11-16,56.08,Agricultural,9,1,0,0,0,1475.26,1,3G award,695,100,100,85.8,65.8,0,High,0.806,0
SYN-LA-02049,West Bengal,Rural,National Highway,2022-10-18,2024-05-08,12.83,Commercial,68,1,0,0,0,1732.63,1,3G award,568,100,100,90.4,70.3,1,High,0.833,250
SYN-LA-02050,Odisha,Semi-urban,Railway,2023-04-29,2024-10-10,12.66,Agricultural,4,1,0,0,1,589.01,1,3G award,530,100,84.4,82.7,61.3,1,Medium,0.641,251
SYN-LA-02051,Punjab,Rural,Urban Infrastructure,2024-08-06,2025-05-19,2.22,Residential,12,0,0,0,0,142.58,1,3A issued,286,48.9,26.8,0,0,0,Low,0.252,0
SYN-LA-02052,Haryana,Rural,National Highway,2023-04-14,2023-12-15,0.4,Forest,4,1,0,0,0,19.34,1,3A issued,245,34.6,17.2,0,0,0,Low,0.276,0
SYN-LA-02053,Madhya Pradesh,Rural,National Highway,2023-10-14,2025-07-27,1.72,Residential,21,1,0,0,1,164.0,1,3G award,652,100,100,72.2,58.4,1,Medium,0.457,207
SYN-LA-02054,Punjab,Rural,Industrial Corridor,2018-01-04,2018-07-17,3.71,Commercial,29,1,0,0,0,132.09,1,3D issued,194,70.5,40.6,27.6,13.0,0,Medium,0.431,0
SYN-LA-02055,Punjab,Semi-urban,State Highway,2022-05-08,2024-02-06,2.06,Agricultural,9,0,0,0,0,49.16,1,3G award,639,100,100,72.5,49.2,0,Low,0.202,0
SYN-LA-02056,Uttar Pradesh,Semi-urban,State Highway,2021-01-12,2022-05-08,6.0,Commercial,29,1,0,0,0,401.35,1,3D issued,481,72.6,64.0,51.2,45.8,1,Medium,0.534,273
SYN-LA-02057,Rajasthan,Semi-urban,Industrial Corridor,2021-12-05,2023-05-31,6.03,Agricultural,13,1,0,0,0,522.6,1,3G award,542,100,100,88.2,74.6,0,Low,0.316,0
SYN-LA-02058,Rajasthan,Rural,Urban Infrastructure,2023-06-09,2023-10-12,5.21,Agricultural,16,0,1,0,0,483.56,1,Pre-notification,125,0,0,0,0,0,Medium,0.539,0
SYN-LA-02059,Uttar Pradesh,Semi-urban,Railway,2021-07-04,2022-11-20,0.79,Forest,7,0,1,0,0,50.68,0,3D issued,504,72.4,71.7,49.9,43.7,0,Medium,0.547,0
SYN-LA-02060,Madhya Pradesh,Semi-urban,National Highway,2018-02-24,2018-11-21,2.4,Agricultural,11,0,1,0,1,55.21,1,Pre-notification,270,9.7,9.7,0,0,0,Medium,0.583,0
SYN-LA-02061,Odisha,Rural,Railway,2022-10-14,2024-06-20,2.1,Agricultural,13,0,0,0,0,165.03,0,3G award,615,100,95.5,55.2,49.5,0,Medium,0.363,0
SYN-LA-02062,Karnataka,Urban,Industrial Corridor,2023-02-19,2024-01-10,2.02,Agricultural,54,1,0,0,1,118.79,1,3D issued,325,77.3,68.0,38.6,27.5,0,High,0.738,0
SYN-LA-02063,Madhya Pradesh,Semi-urban,State Highway,2019-10-18,2020-02-29,1.59,Agricultural,4,0,0,0,0,100.92,1,3A issued,134,18.5,0.4,0,0,0,Low,0.163,0
SYN-LA-02064,Haryana,Semi-urban,Industrial Corridor,2021-11-04,2022-02-05,1.16,Agricultural,5,0,0,0,1,56.02,0,Pre-notification,93,7.1,0,0,0,1,Medium,0.365,193
SYN-LA-02065,Maharashtra,Rural,Railway,2019-01-01,2019-10-27,2.27,Agricultural,9,0,0,0,0,231.86,0,3A issued,299,53.2,40.4,12.8,9.6,0,Low,0.349,0
SYN-LA-02066,West Bengal,Urban,Urban Infrastructure,2020-05-18,2020-07-22,1.12,Commercial,10,0,0,0,0,105.48,1,3A issued,65,30.0,23.9,17.4,0.3,0,Low,0.214,0
SYN-LA-02067,Maharashtra,Semi-urban,Industrial Corridor,2020-05-05,2020-11-15,2.37,Agricultural,6,0,0,0,0,229.89,1,3A issued,194,18.6,16.7,13.1,6.8,0,Low,0.19,0
SYN-LA-02068,West Bengal,Urban,Railway,2024-11-25,2025-12-08,11.29,Forest,2,1,0,0,0,441.49,1,3G award,378,100,83.5,80.2,78.5,0,Medium,0.475,0
SYN-LA-02069,Maharashtra,Urban,Railway,2018-09-26,2020-01-21,1.94,Agricultural,34,1,0,0,0,62.61,0,3D issued,482,85.4,74.0,36.1,26.0,1,High,0.694,258
SYN-LA-02070,Odisha,Urban,State Highway,2021-04-27,2022-11-21,1.67,Agricultural,14,0,0,0,0,119.0,1,3G award,573,100,91.0,68.1,48.2,0,Low,0.267,0
SYN-LA-02071,Haryana,Urban,State Highway,2020-08-05,2021-04-23,1.23,Residential,14,1,0,0,0,115.19,1,3D issued,261,87.1,67.6,50.4,47.4,0,Low,0.223,0
SYN-LA-02072,Maharashtra,Semi-urban,Urban Infrastructure,2019-09-25,2021-05-13,7.45,Agricultural,12,1,0,0,0,282.91,1,3G award,596,100,94.3,71.7,54.3,0,Medium,0.435,0
SYN-LA-02073,Uttar Pradesh,Semi-urban,National Highway,2019-05-16,2019-11-28,1.97,Residential,23,1,0,0,0,171.49,1,3A issued,196,53.5,33.6,31.2,28.5,0,Low,0.305,0
SYN-LA-02074,Rajasthan,Urban,Urban Infrastructure,2022-05-27,2023-04-30,3.51,Commercial,3,0,0,0,0,270.29,1,3D issued,338,77.2,63.4,48.2,23.4,1,Low,0.24,110
SYN-LA-02075,West Bengal,Semi-urban,Urban Infrastructure,2023-05-01,2025-01-17,5.47,Commercial,3,0,0,1,0,587.48,1,3G award,627,88.9,78.9,55.4,29.6,0,Medium,0.593,0
SYN-LA-02076,Haryana,Urban,State Highway,2019-09-28,2021-03-23,2.38,Residential,17,0,0,0,1,225.09,1,3D issued,542,68.9,68.9,51.5,37.6,1,Medium,0.451,225
SYN-LA-02077,Karnataka,Semi-urban,Railway,2024-04-07,2026-02-18,2.31,Commercial,15,0,0,0,1,190.15,1,3G award,682,100,81.1,50.1,49.9,0,Medium,0.378,0
SYN-LA-02078,Odisha,Urban,Industrial Corridor,2019-04-07,2020-02-17,4.21,Agricultural,6,0,0,0,0,68.14,1,3D issued,316,97.3,69.3,64.3,39.2,1,Low,0.232,143
SYN-LA-02079,West Bengal,Semi-urban,Railway,2019-07-05,2020-12-09,5.54,Agricultural,24,1,0,0,0,393.78,1,3G award,523,100,100,96.8,93.5,0,Low,0.328,0
SYN-LA-02080,Punjab,Urban,Industrial Corridor,2023-11-01,2024-05-13,0.81,Agricultural,5,0,0,0,0,18.87,1,Pre-notification,194,6.0,1.8,0,0,0,Low,0.193,0
SYN-LA-02081,Haryana,Rural,State Highway,2019-02-07,2020-11-30,0.58,Agricultural,11,1,1,0,0,17.48,1,3D issued,662,91.4,73.8,66.4,50.4,1,Medium,0.431,249
SYN-LA-02082,Karnataka,Semi-urban,National Highway,2019-05-24,2020-07-05,3.76,Agricultural,7,0,0,0,1,388.03,1,3A issued,408,29.9,29.9,10.4,0,0,Medium,0.429,0
SYN-LA-02083,Haryana,Rural,Railway,2024-03-24,2025-03-30,3.26,Agricultural,17,0,0,0,1,323.55,1,3A issued,371,42.5,29.4,21.6,21.0,1,Medium,0.417,113
SYN-LA-02084,Karnataka,Urban,Railway,2021-10-20,2023-01-15,2.28,Agricultural,6,0,1,0,0,141.97,1,3D issued,452,100,74.9,53.3,27.8,0,Medium,0.42,0
SYN-LA-02085,Uttar Pradesh,Rural,National Highway,2020-05-23,2020-08-29,0.65,Agricultural,5,1,0,0,0,59.46,1,3A issued,98,42.4,29.5,14.3,5.4,0,Low,0.188,0
SYN-LA-02086,Odisha,Urban,Railway,2023-10-07,2025-01-25,2.56,Agricultural,11,0,0,0,0,220.16,1,3D issued,476,100,61.4,32.6,23.1,0,Low,0.313,0
SYN-LA-02087,Haryana,Semi-urban,Industrial Corridor,2020-03-13,2022-02-23,6.65,Agricultural,12,1,0,0,1,628.22,1,3G award,712,100,93.7,90.2,66.3,0,Medium,0.543,0
SYN-LA-02088,Chhattisgarh,Rural,Railway,2024-02-02,2024-05-29,2.94,Agricultural,2,1,0,0,0,103.03,1,3A issued,117,47.3,34.1,29.8,11.6,0,Low,0.21,0
SYN-LA-02089,Haryana,Semi-urban,State Highway,2022-07-22,2023-01-30,1.53,Agricultural,12,0,0,0,0,139.97,1,3A issued,192,49.6,40.8,40.1,37.1,1,Low,0.141,72
SYN-LA-02090,Rajasthan,Rural,State Highway,2022-03-27,2023-12-19,6.17,Forest,11,1,0,0,1,206.27,1,3G award,632,100,100,90.5,85.0,0,Medium,0.519,0
SYN-LA-02091,Madhya Pradesh,Semi-urban,Railway,2023-11-08,2024-10-26,2.22,Residential,17,0,0,0,1,181.15,1,3D issued,353,79.1,49.1,16.7,4.8,1,Medium,0.432,133
SYN-LA-02092,Madhya Pradesh,Semi-urban,Urban Infrastructure,2024-11-15,2026-10-12,2.27,Agricultural,12,0,1,0,1,197.23,1,3G award,696,100,84.2,75.2,64.7,0,Medium,0.521,0
SYN-LA-02093,Uttar Pradesh,Urban,National Highway,2024-07-12,2025-10-28,4.76,Agricultural,2,1,0,0,0,199.45,1,3G award,473,100,81.9,61.7,49.0,1,Low,0.31,134
SYN-LA-02094,Karnataka,Semi-urban,National Highway,2023-12-29,2025-09-18,4.55,Agricultural,6,0,0,0,0,190.85,1,3G award,629,100,88.6,61.0,59.8,0,Low,0.218,0
SYN-LA-02095,Chhattisgarh,Semi-urban,State Highway,2018-02-14,2019-09-09,3.52,Agricultural,2,0,0,0,0,291.05,1,3G award,572,100,95.7,87.9,73.5,0,Low,0.147,0
SYN-LA-02096,Odisha,Semi-urban,Railway,2022-01-23,2023-04-05,5.42,Agricultural,9,0,1,0,0,548.06,1,3D issued,437,92.2,74.2,46.4,27.1,0,Medium,0.51,0
SYN-LA-02097,Odisha,Rural,Railway,2024-06-20,2025-09-19,2.24,Agricultural,4,0,0,0,0,59.77,1,3D issued,456,65.5,51.8,20.6,19.1,0,Low,0.216,0
SYN-LA-02098,Maharashtra,Urban,Railway,2024-10-01,2025-09-12,1.88,Agricultural,21,1,0,0,1,166.93,1,3D issued,346,61.4,49.5,17.3,10.0,0,Medium,0.579,0
SYN-LA-02099,Madhya Pradesh,Urban,National Highway,2023-09-24,2024-12-14,2.65,Commercial,23,1,0,1,0,340.24,1,3D issued,447,80.8,59.9,27.3,0,1,High,0.792,255
SYN-LA-02100,West Bengal,Urban,Urban Infrastructure,2020-05-30,2021-05-20,10.14,Agricultural,16,1,0,0,1,162.28,1,3A issued,355,39.0,24.6,4.4,0,1,High,0.818,334
SYN-LA-02101,Maharashtra,Semi-urban,National Highway,2023-08-08,2024-09-10,3.26,Forest,9,1,0,0,0,142.11,1,3D issued,399,65.1,56.7,29.3,4.2,0,Medium,0.45,0
SYN-LA-02102,Karnataka,Semi-urban,State Highway,2020-07-27,2020-10-13,2.23,Agricultural,11,0,0,0,0,55.11,1,Pre-notification,78,3.0,3.0,0,0,0,Low,0.195,0
SYN-LA-02103,Karnataka,Urban,State Highway,2018-10-29,2019-12-28,4.55,Agricultural,20,0,0,0,0,202.43,1,3G award,425,96.4,86.3,71.4,68.5,0,Low,0.274,0
SYN-LA-02104,Madhya Pradesh,Semi-urban,State Highway,2024-10-20,2026-09-09,6.99,Agricultural,8,1,0,0,0,196.74,0,3G award,689,100,77.4,57.7,45.5,0,Medium,0.6,0
SYN-LA-02105,West Bengal,Urban,Railway,2020-10-30,2021-11-17,5.21,Residential,11,0,0,0,1,260.42,1,3D issued,383,82.7,50.1,22.9,4.1,0,Medium,0.572,0
SYN-LA-02106,Odisha,Urban,Urban Infrastructure,2024-12-10,2026-08-21,3.56,Agricultural,4,0,0,0,1,286.22,1,3G award,619,100,95.6,89.6,70.4,0,Low,0.315,0
SYN-LA-02107,Rajasthan,Rural,State Highway,2024-10-02,2025-07-15,2.61,Agricultural,22,1,0,0,0,234.51,1,3A issued,286,34.3,20.4,0,0,1,Medium,0.432,223
SYN-LA-02108,West Bengal,Semi-urban,Railway,2019-12-17,2021-08-09,2.75,Agricultural,11,0,0,0,0,78.12,1,3G award,601,100,100,98.4,75.5,0,Low,0.179,0
SYN-LA-02109,Uttar Pradesh,Semi-urban,National Highway,2019-11-13,2020-03-16,1.45,Agricultural,10,1,0,0,1,86.9,1,Pre-notification,124,0,0,0,0,0,Medium,0.377,0
SYN-LA-02110,Uttar Pradesh,Semi-urban,Railway,2018-07-15,2018-11-06,13.87,Agricultural,13,1,0,0,0,1325.24,1,3A issued,114,34.9,28.4,12.9,7.3,1,High,0.661,196
SYN-LA-02111,Maharashtra,Rural,Industrial Corridor,2021-01-24,2021-12-14,11.91,Forest,4,1,0,0,0,581.5,1,3A issued,324,49.5,47.6,28.8,18.0,1,Medium,0.63,242
SYN-LA-02112,Punjab,Rural,State Highway,2019-06-01,2021-04-09,3.83,Agricultural,11,0,0,0,0,238.93,1,3G award,678,100,100,82.2,59.6,0,Low,0.241,0
SYN-LA-02113,Chhattisgarh,Urban,National Highway,2018-08-04,2020-02-13,2.08,Commercial,2,0,0,0,0,350.18,1,3G award,558,100,100,80.5,59.8,0,Low,0.175,0
SYN-LA-02114,Karnataka,Rural,Railway,2020-08-05,2022-03-26,1.01,Residential,59,1,0,0,0,53.87,1,3G award,598,100,85.4,68.9,63.8,1,Medium,0.499,228
SYN-LA-02115,Chhattisgarh,Rural,Industrial Corridor,2018-03-14,2019-09-27,5.14,Commercial,6,0,0,0,0,709.69,1,3D issued,562,93.6,70.7,68.3,50.5,0,Low,0.253,0
SYN-LA-02116,Punjab,Semi-urban,National Highway,2019-05-04,2020-07-04,0.96,Agricultural,27,1,1,1,0,73.9,1,3A issued,427,36.7,27.2,24.8,2.5,1,High,0.85,295
SYN-LA-02117,Madhya Pradesh,Urban,Railway,2021-02-13,2021-12-24,6.7,Agricultural,25,1,0,0,1,561.48,1,3A issued,314,54.1,50.8,20.2,12.1,0,High,0.74,0
SYN-LA-02118,Rajasthan,Rural,Urban Infrastructure,2019-08-10,2021-02-02,1.28,Forest,14,0,0,0,0,86.22,1,3G award,542,100,80.3,57.2,40.0,1,Low,0.29,134
SYN-LA-02119,Karnataka,Urban,National Highway,2021-12-14,2022-12-16,2.59,Agricultural,16,0,0,0,0,208.07,1,3D issued,367,77.6,45.0,32.6,13.0,0,Low,0.332,0
SYN-LA-02120,Madhya Pradesh,Semi-urban,State Highway,2018-07-22,2019-06-14,1.95,Forest,17,0,0,0,0,174.95,1,3A issued,327,53.2,29.3,10.8,3.5,1,Medium,0.368,166
SYN-LA-02121,Karnataka,Semi-urban,Urban Infrastructure,2024-03-01,2025-09-10,7.3,Residential,5,1,0,0,0,636.86,1,3G award,558,100,100,73.5,49.6,1,Medium,0.363,152
SYN-LA-02122,Chhattisgarh,Rural,Urban Infrastructure,2018-08-16,2020-02-02,3.99,Agricultural,25,1,0,0,0,311.39,0,3D issued,535,62.3,55.6,37.9,28.4,0,High,0.654,0
SYN-LA-02123,Chhattisgarh,Urban,National Highway,2018-07-09,2019-05-20,0.82,Agricultural,5,0,0,0,0,25.61,1,3D issued,315,60.5,48.0,37.5,21.5,1,Low,0.19,85
SYN-LA-02124,Haryana,Rural,State Highway,2022-08-28,2024-06-20,1.97,Agricultural,10,0,0,0,1,72.85,1,3G award,662,100,91.4,61.5,54.4,0,Low,0.312,0
SYN-LA-02125,Punjab,Semi-urban,State Highway,2023-10-21,2024-09-03,3.38,Agricultural,10,0,0,0,1,274.52,1,3A issued,318,38.1,36.0,15.0,11.1,1,Medium,0.367,146
SYN-LA-02126,West Bengal,Semi-urban,Railway,2019-11-01,2021-01-03,2.67,Commercial,4,0,0,0,0,420.1,0,3G award,429,84.9,82.8,50.9,26.4,1,Low,0.325,179
SYN-LA-02127,Uttar Pradesh,Urban,State Highway,2023-05-10,2024-07-30,6.14,Residential,36,1,0,0,0,490.31,1,3D issued,447,83.5,65.2,33.2,28.9,1,High,0.695,212
SYN-LA-02128,Maharashtra,Rural,Railway,2021-11-03,2022-08-23,14.16,Agricultural,13,1,1,1,0,445.81,1,Pre-notification,293,0,0,0,0,1,High,0.952,311
SYN-LA-02129,Madhya Pradesh,Rural,Urban Infrastructure,2020-11-23,2021-06-22,3.17,Agricultural,14,0,0,0,0,99.68,0,3A issued,211,26.7,21.1,0,0,1,Medium,0.418,149
SYN-LA-02130,Karnataka,Urban,Urban Infrastructure,2018-07-23,2019-07-19,1.32,Residential,3,0,0,0,0,43.05,1,3D issued,361,100,68.6,38.1,36.6,0,Low,0.158,0
SYN-LA-02131,Karnataka,Rural,State Highway,2021-04-01,2022-01-26,0.68,Agricultural,15,0,1,0,0,55.67,1,3A issued,300,25.6,16.4,0,0,1,Medium,0.423,231
SYN-LA-02132,Odisha,Urban,Industrial Corridor,2024-03-13,2024-08-08,7.24,Agricultural,4,1,0,0,0,379.48,1,3A issued,148,15.6,0,0,0,1,Medium,0.447,154
SYN-LA-02133,Karnataka,Rural,National Highway,2022-07-18,2023-09-24,4.01,Agricultural,22,1,0,0,0,142.67,1,3D issued,433,74.9,52.1,20.2,6.2,1,Medium,0.499,164
SYN-LA-02134,Punjab,Rural,State Highway,2023-05-02,2023-10-05,2.25,Agricultural,17,0,0,0,0,97.96,1,Pre-notification,156,9.1,9.1,0,0,0,Low,0.249,0
SYN-LA-02135,Punjab,Rural,State Highway,2019-01-19,2020-08-14,1.69,Agricultural,13,0,0,0,1,95.82,1,3G award,573,100,96.1,69.1,52.6,0,Low,0.294,0
SYN-LA-02136,West Bengal,Rural,Railway,2018-07-19,2019-01-13,1.36,Residential,2,1,1,0,0,138.22,1,Pre-notification,178,0,0,0,0,0,Medium,0.394,0
SYN-LA-02137,Chhattisgarh,Urban,National Highway,2020-06-03,2020-09-15,6.34,Agricultural,12,1,0,0,0,197.0,0,Pre-notification,104,14.9,14.1,0,0,1,Medium,0.623,230
SYN-LA-02138,Odisha,Rural,Urban Infrastructure,2024-11-14,2025-03-28,1.84,Commercial,4,0,0,0,0,280.76,0,Pre-notification,134,0.6,0,0,0,1,Low,0.281,190
SYN-LA-02139,Uttar Pradesh,Urban,Industrial Corridor,2022-10-16,2023-06-27,5.69,Agricultural,1,0,0,0,0,303.18,0,3A issued,254,35.7,17.5,0,0,0,Medium,0.486,0
SYN-LA-02140,Uttar Pradesh,Urban,Railway,2021-12-30,2023-12-19,1.63,Residential,12,1,0,0,0,115.66,1,3G award,719,100,92.9,75.5,55.9,1,Medium,0.351,160
SYN-LA-02141,Rajasthan,Urban,State Highway,2020-04-10,2020-10-07,3.13,Agricultural,5,0,0,0,1,203.81,1,Pre-notification,180,0,0,0,0,0,Medium,0.381,0
SYN-LA-02142,Haryana,Rural,Industrial Corridor,2022-10-27,2023-07-08,0.36,Residential,9,0,0,0,1,35.25,0,3A issued,254,17.8,14.4,0,0,1,Medium,0.43,175
SYN-LA-02143,Madhya Pradesh,Semi-urban,National Highway,2023-06-11,2023-10-07,4.94,Commercial,10,1,1,0,0,692.44,1,Pre-notification,118,6.4,0,0,0,1,Medium,0.549,216
SYN-LA-02144,Madhya Pradesh,Semi-urban,Urban Infrastructure,2018-06-24,2020-06-04,1.48,Agricultural,7,0,0,0,0,132.31,1,3G award,711,100,100,96.6,75.4,0,Low,0.15,0
SYN-LA-02145,Odisha,Semi-urban,Urban Infrastructure,2023-07-05,2024-01-04,24.22,Agricultural,13,1,0,0,0,558.29,1,Pre-notification,183,0,0,0,0,0,High,0.845,0
SYN-LA-02146,Haryana,Urban,National Highway,2020-02-22,2021-10-29,1.3,Agricultural,5,0,0,0,0,90.22,0,3G award,615,97.2,81.7,54.5,33.6,1,Medium,0.368,186
SYN-LA-02147,Haryana,Semi-urban,Urban Infrastructure,2024-12-10,2025-02-13,3.17,Forest,12,0,1,0,0,317.15,1,Pre-notification,65,2.5,0,0,0,0,Medium,0.488,0
SYN-LA-02148,Rajasthan,Semi-urban,Industrial Corridor,2018-04-21,2019-10-19,2.55,Agricultural,8,0,0,0,0,129.8,1,3G award,546,81.2,78.1,50.3,43.2,0,Low,0.211,0
SYN-LA-02149,Madhya Pradesh,Urban,Urban Infrastructure,2018-05-02,2018-07-21,8.83,Residential,6,1,0,0,0,605.64,1,3A issued,80,19.2,19.2,8.2,0,0,Medium,0.484,0
SYN-LA-02150,Odisha,Semi-urban,State Highway,2019-01-16,2020-01-09,0.79,Commercial,5,0,0,0,0,97.63,1,3G award,358,90.7,77.2,55.9,55.5,0,Low,0.108,0
SYN-LA-02151,Rajasthan,Rural,Urban Infrastructure,2019-08-01,2021-03-15,0.99,Agricultural,2,1,0,0,0,80.6,1,3G award,592,100,100,83.8,72.9,0,Low,0.146,0
SYN-LA-02152,Chhattisgarh,Semi-urban,Urban Infrastructure,2021-04-25,2022-03-30,3.9,Agricultural,8,0,0,0,1,235.69,1,3A issued,339,58.7,32.5,14.9,4.6,1,Medium,0.421,220
SYN-LA-02153,Odisha,Semi-urban,National Highway,2019-08-06,2021-03-13,1.19,Agricultural,17,0,0,0,0,124.79,1,3G award,585,100,100,91.6,77.1,0,Low,0.168,0
SYN-LA-02154,Punjab,Urban,State Highway,2020-07-02,2021-02-22,0.98,Residential,6,0,0,0,0,90.51,1,3A issued,235,21.2,14.7,10.3,2.1,0,Low,0.208,0
SYN-LA-02155,Punjab,Urban,National Highway,2021-08-05,2022-04-22,3.75,Agricultural,4,0,0,0,0,184.56,1,3A issued,260,33.8,14.6,0,0,1,Low,0.278,191
SYN-LA-02156,Karnataka,Rural,National Highway,2022-08-13,2024-05-01,2.56,Agricultural,13,0,0,0,0,188.87,1,3G award,627,100,100,73.1,68.8,0,Low,0.192,0
SYN-LA-02157,West Bengal,Rural,National Highway,2022-05-09,2023-12-30,7.86,Agricultural,8,1,0,0,0,448.03,1,3G award,600,100,100,78.7,78.0,0,Low,0.349,0
SYN-LA-02158,Uttar Pradesh,Semi-urban,Industrial Corridor,2024-04-04,2025-07-24,1.96,Forest,13,0,0,0,0,48.84,1,3G award,476,100,89.4,60.0,57.9,0,Low,0.241,0
SYN-LA-02159,Madhya Pradesh,Rural,Railway,2022-06-16,2023-07-20,0.95,Agricultural,6,0,0,0,0,79.52,1,3D issued,399,81.3,60.9,55.6,54.7,0,Low,0.117,0
SYN-LA-02160,Punjab,Semi-urban,Railway,2019-07-28,2021-03-27,4.9,Agricultural,7,0,0,0,0,98.44,1,3G award,608,100,94.8,67.2,64.5,1,Low,0.212,128
SYN-LA-02161,Chhattisgarh,Urban,National Highway,2022-03-03,2023-02-15,3.25,Agricultural,3,0,0,0,0,241.16,1,3A issued,349,59.9,53.2,52.3,43.4,0,Low,0.192,0
SYN-LA-02162,Uttar Pradesh,Semi-urban,Urban Infrastructure,2023-05-12,2023-10-07,2.06,Agricultural,4,0,0,0,0,109.6,1,Pre-notification,148,0,0,0,0,0,Low,0.185,0
SYN-LA-02163,Punjab,Rural,Railway,2023-09-14,2024-03-18,6.27,Commercial,1,1,0,0,0,592.3,1,Pre-notification,186,13.8,6.7,0.3,0,0,Low,0.326,0
SYN-LA-02164,Chhattisgarh,Rural,Urban Infrastructure,2024-04-10,2025-09-01,2.12,Agricultural,23,1,0,0,0,207.33,1,3D issued,509,98.9,71.0,49.2,27.8,0,Medium,0.415,0
SYN-LA-02165,West Bengal,Urban,National Highway,2021-03-18,2021-12-25,14.01,Agricultural,4,1,0,0,0,652.89,0,3A issued,282,48.3,35.7,4.6,0,0,High,0.828,0
SYN-LA-02166,Punjab,Rural,Railway,2019-10-26,2021-04-22,0.67,Residential,12,0,1,0,0,65.64,1,3D issued,544,73.0,73.0,46.2,23.9,0,Medium,0.4,0
SYN-LA-02167,Punjab,Rural,State Highway,2021-05-12,2022-12-01,1.18,Agricultural,7,0,0,0,0,53.31,1,3G award,568,100,85.4,65.4,65.3,0,Low,0.13,0
SYN-LA-02168,Uttar Pradesh,Rural,National Highway,2019-05-15,2020-02-10,2.15,Agricultural,4,0,0,0,0,151.8,1,3D issued,271,64.2,48.9,19.3,3.1,0,Low,0.21,0
SYN-LA-02169,Punjab,Urban,Urban Infrastructure,2019-06-01,2019-10-12,2.37,Agricultural,7,0,0,0,0,194.66,1,3A issued,133,21.8,10.5,0,0,0,Low,0.226,0
SYN-LA-02170,Maharashtra,Urban,National Highway,2021-02-14,2022-07-22,6.29,Agricultural,13,1,0,1,1,522.14,1,3A issued,523,49.5,26.1,9.4,0,1,High,0.898,322
SYN-LA-02171,Karnataka,Rural,Urban Infrastructure,2019-03-14,2021-02-21,1.67,Agricultural,56,1,0,0,0,66.92,1,3G award,710,100,100,80.8,75.8,1,Medium,0.522,227
SYN-LA-02172,Karnataka,Urban,Industrial Corridor,2023-02-24,2024-12-12,2.0,Agricultural,7,0,0,0,0,114.53,1,3G award,657,100,97.1,68.6,43.4,0,Low,0.252,0
SYN-LA-02173,West Bengal,Rural,Railway,2021-10-13,2022-04-26,0.91,Residential,11,0,0,0,0,36.72,0,Pre-notification,195,4.4,4.4,0,0,1,Low,0.328,148
SYN-LA-02174,Haryana,Semi-urban,National Highway,2018-03-27,2019-10-06,12.95,Residential,9,1,0,1,0,294.84,1,3D issued,558,89.5,71.9,41.9,20.2,1,High,0.872,328
SYN-LA-02175,West Bengal,Urban,Railway,2021-01-06,2022-11-05,8.85,Agricultural,2,1,0,0,0,668.36,1,3G award,668,100,100,84.1,75.7,0,Medium,0.421,0
SYN-LA-02176,Chhattisgarh,Semi-urban,National Highway,2023-07-15,2025-07-03,2.19,Agricultural,10,0,0,0,0,221.88,1,3G award,719,100,100,95.5,81.8,0,Low,0.174,0
SYN-LA-02177,Uttar Pradesh,Rural,State Highway,2022-10-25,2023-11-13,4.63,Agricultural,2,0,0,0,0,365.26,1,3A issued,384,49.1,44.5,24.5,24.5,0,Low,0.235,0
SYN-LA-02178,Rajasthan,Urban,Railway,2023-11-27,2025-02-23,3.3,Forest,22,1,1,0,0,284.17,1,3D issued,454,72.3,43.6,16.9,0,0,High,0.82,0
SYN-LA-02179,Rajasthan,Urban,Industrial Corridor,2020-02-10,2021-07-11,1.65,Agricultural,19,0,0,0,0,68.25,1,3G award,517,100,91.0,86.4,71.3,0,Low,0.222,0
SYN-LA-02180,West Bengal,Semi-urban,State Highway,2018-05-19,2019-10-05,2.06,Agricultural,15,0,0,0,1,187.37,0,3D issued,504,85.5,71.1,34.8,20.3,1,Medium,0.581,247
SYN-LA-02181,West Bengal,Rural,State Highway,2024-11-19,2026-01-21,2.52,Agricultural,11,0,1,0,0,155.73,1,3A issued,428,40.1,27.7,1.1,0,0,Medium,0.522,0
SYN-LA-02182,West Bengal,Urban,Industrial Corridor,2021-05-17,2023-01-16,4.27,Agricultural,5,0,0,0,0,174.28,1,3G award,609,100,100,68.7,48.9,1,Low,0.289,132
SYN-LA-02183,Uttar Pradesh,Semi-urban,Railway,2022-03-01,2023-09-05,2.02,Forest,11,0,0,1,1,108.15,0,3D issued,553,70.7,62.1,43.5,21.6,0,High,0.847,0
SYN-LA-02184,Karnataka,Rural,Industrial Corridor,2019-02-26,2020-09-02,4.04,Agricultural,7,0,0,0,0,123.37,1,3G award,554,100,100,71.3,47.5,1,Low,0.222,134
SYN-LA-02185,Punjab,Semi-urban,Railway,2020-02-29,2021-11-15,8.85,Agricultural,4,1,0,0,0,400.27,1,3G award,625,100,100,78.4,61.2,0,Medium,0.387,0
SYN-LA-02186,Haryana,Rural,Railway,2018-01-24,2018-08-03,1.32,Agricultural,5,1,0,0,0,53.04,1,3A issued,191,47.2,28.5,22.4,0.5,1,Low,0.224,67
SYN-LA-02187,Karnataka,Rural,Urban Infrastructure,2019-03-04,2019-04-28,6.48,Agricultural,18,1,0,0,1,620.78,0,Pre-notification,55,2.8,2.2,0,0,1,High,0.711,275
SYN-LA-02188,West Bengal,Semi-urban,Industrial Corridor,2024-11-02,2026-03-11,2.0,Residential,2,0,0,0,0,201.12,1,3D issued,494,78.4,57.3,31.8,19.1,1,Low,0.211,125
SYN-LA-02189,Madhya Pradesh,Urban,Railway,2018-04-29,2019-04-04,5.26,Agricultural,32,1,0,0,1,237.93,1,3A issued,340,33.6,33.6,27.9,16.0,1,High,0.745,287
SYN-LA-02190,Maharashtra,Urban,National Highway,2022-08-04,2023-10-06,20.22,Agricultural,6,1,0,0,0,1690.38,1,3D issued,428,84.6,72.8,49.8,30.1,1,High,0.833,272
SYN-LA-02191,Madhya Pradesh,Urban,National Highway,2020-01-09,2020-03-25,3.15,Residential,2,0,1,0,0,325.73,1,Pre-notification,76,9.9,0.2,0,0,0,Medium,0.381,0
SYN-LA-02192,Haryana,Semi-urban,National Highway,2018-05-04,2018-09-30,4.05,Residential,6,1,0,0,0,407.76,1,3A issued,149,31.5,25.1,2.2,0,0,Low,0.293,0
SYN-LA-02193,Rajasthan,Rural,State Highway,2018-09-09,2020-07-13,1.5,Agricultural,4,0,0,0,0,34.2,1,3G award,673,100,91.7,68.3,50.4,0,Low,0.18,0
SYN-LA-02194,West Bengal,Semi-urban,Railway,2024-09-16,2025-03-03,7.25,Agricultural,7,1,0,0,0,334.82,1,3A issued,168,16.4,7.6,0,0,0,Medium,0.426,0
SYN-LA-02195,Uttar Pradesh,Semi-urban,National Highway,2023-12-18,2024-11-29,4.79,Agricultural,18,1,0,0,0,430.74,1,3D issued,347,78.7,67.1,64.4,63.1,0,Low,0.297,0
SYN-LA-02196,Punjab,Urban,National Highway,2024-09-01,2025-10-05,3.17,Agricultural,19,0,1,0,1,251.87,1,3A issued,399,23.4,19.4,0,0,1,High,0.752,242
SYN-LA-02197,Maharashtra,Rural,Railway,2023-05-06,2024-12-14,7.79,Commercial,5,1,1,0,0,1318.77,1,3G award,588,100,100,71.9,71.0,0,Medium,0.536,0
SYN-LA-02198,West Bengal,Urban,State Highway,2021-06-18,2022-07-12,15.14,Agricultural,19,1,0,0,0,550.05,1,3D issued,389,91.2,73.8,44.4,27.4,1,High,0.804,283
SYN-LA-02199,West Bengal,Urban,Urban Infrastructure,2023-10-07,2025-05-27,11.11,Agricultural,7,1,0,0,0,182.1,1,3G award,598,100,92.3,78.0,64.1,1,Medium,0.557,214
SYN-LA-02200,Maharashtra,Urban,Railway,2022-10-30,2024-01-24,8.48,Forest,30,1,0,0,0,326.84,1,3D issued,451,80.6,53.3,31.0,12.2,1,High,0.813,322
SYN-LA-02201,Rajasthan,Urban,National Highway,2021-11-09,2022-06-12,3.2,Forest,12,0,0,0,0,220.64,0,Pre-notification,215,0,0,0,0,1,Medium,0.557,223
SYN-LA-02202,West Bengal,Urban,National Highway,2023-06-23,2024-08-07,3.19,Residential,5,0,0,0,0,202.61,1,3D issued,411,77.8,48.8,30.6,27.0,0,Low,0.261,0
SYN-LA-02203,Punjab,Urban,State Highway,2021-04-05,2021-11-01,5.23,Agricultural,17,1,0,0,0,283.73,1,3D issued,210,66.2,54.2,37.3,36.5,0,Medium,0.366,0
SYN-LA-02204,Punjab,Urban,Industrial Corridor,2018-01-27,2019-07-06,1.95,Forest,2,0,0,0,0,165.96,1,3D issued,525,78.8,73.8,64.4,62.0,0,Low,0.198,0
SYN-LA-02205,Karnataka,Rural,Industrial Corridor,2018-03-01,2019-05-13,2.04,Residential,31,1,1,0,1,114.67,0,Pre-notification,438,11.1,0,0,0,1,High,0.896,271
SYN-LA-02206,Karnataka,Rural,State Highway,2023-07-12,2025-05-13,3.06,Agricultural,6,1,0,0,0,122.84,1,3G award,671,100,100,77.6,66.8,0,Low,0.233,0
SYN-LA-02207,Uttar Pradesh,Urban,Urban Infrastructure,2021-06-21,2023-04-19,1.27,Agricultural,2,0,0,0,0,110.39,1,3G award,667,100,100,81.3,69.0,0,Low,0.167,0
SYN-LA-02208,Maharashtra,Semi-urban,Railway,2021-04-03,2022-06-21,2.49,Agricultural,19,1,0,0,0,246.8,1,3D issued,444,100,74.7,45.0,37.6,0,Low,0.33,0
SYN-LA-02209,Madhya Pradesh,Urban,State Highway,2023-09-09,2024-02-17,0.83,Agricultural,9,0,0,0,0,28.61,0,Pre-notification,161,13.0,9.7,0,0,0,Low,0.339,0
SYN-LA-02210,Chhattisgarh,Semi-urban,National Highway,2021-08-30,2023-06-22,6.91,Agricultural,32,1,0,0,0,607.35,1,3G award,661,100,93.6,84.3,67.1,0,Medium,0.579,0
SYN-LA-02211,Maharashtra,Urban,State Highway,2018-06-05,2018-08-27,3.92,Agricultural,6,0,0,0,0,76.43,1,Pre-notification,83,0,0,0,0,0,Low,0.256,0
SYN-LA-02212,Uttar Pradesh,Rural,Industrial Corridor,2023-08-28,2024-06-26,4.65,Agricultural,21,1,0,0,0,228.06,1,3G award,303,80.7,77.0,70.7,48.9,1,Low,0.344,207
SYN-LA-02213,Madhya Pradesh,Rural,Industrial Corridor,2020-07-12,2020-10-16,1.56,Agricultural,12,0,1,1,1,136.41,1,Pre-notification,96,0.8,0,0,0,1,High,0.753,328
SYN-LA-02214,Haryana,Rural,State Highway,2020-09-16,2022-03-09,3.22,Agricultural,7,0,0,0,0,244.77,1,3G award,539,96.5,81.5,73.2,69.9,0,Low,0.157,0
SYN-LA-02215,Odisha,Urban,Industrial Corridor,2018-12-12,2020-07-24,0.52,Residential,4,0,0,0,0,33.67,1,3G award,590,100,100,88.8,87.8,0,Low,0.114,0
SYN-LA-02216,Maharashtra,Rural,Railway,2019-12-07,2021-07-11,0.91,Agricultural,10,0,0,0,0,49.33,1,3D issued,582,85.4,66.4,37.2,31.7,0,Low,0.217,0
SYN-LA-02217,Haryana,Rural,Railway,2020-02-01,2020-05-20,3.79,Agricultural,2,0,0,0,0,117.19,0,Pre-notification,109,11.0,8.7,0,0,1,Low,0.305,79
SYN-LA-02218,Chhattisgarh,Rural,National Highway,2020-06-05,2022-01-18,1.61,Residential,5,0,0,0,0,64.54,1,3G award,592,100,98.0,82.3,81.8,0,Low,0.118,0
SYN-LA-02219,Haryana,Rural,National Highway,2022-08-29,2023-06-29,5.53,Agricultural,13,0,1,1,0,192.56,1,Pre-notification,304,1.1,0,0,0,0,High,0.809,0
SYN-LA-02220,Odisha,Urban,State Highway,2019-02-23,2020-05-03,5.57,Residential,39,1,0,1,1,158.2,0,3A issued,435,25.1,24.3,0,0,1,High,0.971,320
SYN-LA-02221,Chhattisgarh,Urban,Urban Infrastructure,2018-05-27,2018-08-31,1.61,Agricultural,21,1,0,0,0,66.96,1,3A issued,96,27.6,6.1,1.0,0,1,Medium,0.383,188
SYN-LA-02222,Madhya Pradesh,Urban,Railway,2022-04-02,2024-01-16,5.62,Agricultural,9,1,1,0,1,404.29,1,3G award,654,100,92.5,71.7,63.0,1,High,0.727,257
SYN-LA-02223,Karnataka,Urban,State Highway,2019-12-24,2020-02-23,1.47,Agricultural,10,0,1,0,1,147.5,1,Pre-notification,61,8.0,0,0,0,1,Medium,0.517,190
SYN-LA-02224,Rajasthan,Semi-urban,Urban Infrastructure,2020-05-29,2020-07-31,7.43,Residential,6,1,1,0,0,217.56,0,Pre-notification,63,0,0,0,0,1,High,0.726,254
SYN-LA-02225,Maharashtra,Rural,State Highway,2023-11-23,2025-07-19,4.29,Forest,8,0,0,0,1,434.71,1,3G award,604,100,92.9,70.8,47.1,1,Medium,0.462,177
SYN-LA-02226,Odisha,Semi-urban,State Highway,2020-09-25,2022-04-06,6.88,Agricultural,2,1,0,0,0,524.19,1,3G award,558,100,100,95.1,81.0,1,Low,0.251,194
SYN-LA-02227,Uttar Pradesh,Rural,State Highway,2021-03-05,2023-01-08,9.54,Residential,4,1,1,1,0,481.58,1,3D issued,674,100,73.2,49.1,35.3,1,High,0.897,218
SYN-LA-02228,Chhattisgarh,Semi-urban,Industrial Corridor,2020-08-11,2021-10-31,2.1,Agricultural,14,0,0,0,0,41.83,1,3G award,446,100,83.1,76.9,60.5,0,Low,0.176,0
SYN-LA-02229,Chhattisgarh,Semi-urban,Urban Infrastructure,2020-08-23,2022-04-10,7.36,Agricultural,6,1,0,0,1,502.8,1,3G award,595,100,78.5,61.6,36.9,0,Medium,0.588,0
SYN-LA-02230,Chhattisgarh,Urban,State Highway,2020-06-11,2021-03-03,3.75,Agricultural,15,0,0,0,0,72.26,1,3D issued,265,65.9,45.5,39.9,23.4,1,Low,0.312,102
SYN-LA-02231,Haryana,Semi-urban,State Highway,2018-04-21,2019-12-25,0.65,Agricultural,20,0,0,0,0,27.22,1,3G award,613,92.0,89.6,70.9,61.4,0,Low,0.204,0
SYN-LA-02232,West Bengal,Semi-urban,Urban Infrastructure,2018-01-15,2019-09-05,0.81,Commercial,9,0,0,0,1,97.04,0,3D issued,598,96.5,67.8,28.3,14.2,1,Medium,0.542,234
SYN-LA-02233,Chhattisgarh,Urban,Industrial Corridor,2023-02-26,2023-11-09,10.02,Residential,16,1,0,0,0,923.77,1,3D issued,256,62.2,41.2,30.7,12.7,1,Medium,0.643,205
SYN-LA-02234,Haryana,Semi-urban,Railway,2021-06-14,2022-09-11,1.38,Agricultural,7,0,0,0,0,38.24,1,3G award,454,100,88.4,83.3,82.9,0,Low,0.095,0
SYN-LA-02235,West Bengal,Rural,Industrial Corridor,2018-10-31,2019-02-12,3.02,Agricultural,14,1,0,0,0,73.78,1,3A issued,104,38.3,32.6,30.6,10.6,0,Low,0.291,0
SYN-LA-02236,Punjab,Urban,National Highway,2022-10-01,2024-09-15,2.75,Commercial,3,0,0,0,0,399.02,1,3G award,715,100,100,72.7,49.1,1,Low,0.243,88
SYN-LA-02237,West Bengal,Rural,Industrial Corridor,2023-02-11,2024-02-17,2.03,Forest,24,1,0,0,1,111.67,1,3G award,371,95.4,80.4,53.7,36.1,1,Medium,0.568,181
SYN-LA-02238,Punjab,Rural,Industrial Corridor,2021-12-17,2022-12-30,5.86,Agricultural,21,1,0,0,0,209.88,1,3G award,378,100,90.6,60.5,49.6,0,Medium,0.379,0
SYN-LA-02239,Punjab,Semi-urban,State Highway,2018-08-01,2019-01-05,6.98,Agricultural,9,1,0,1,1,215.94,1,Pre-notification,157,0,0,0,0,1,High,0.784,318
SYN-LA-02240,West Bengal,Rural,State Highway,2024-10-15,2026-09-04,1.52,Agricultural,4,0,0,0,0,142.59,1,3G award,689,100,100,79.1,74.1,1,Low,0.143,123
SYN-LA-02241,Uttar Pradesh,Urban,State Highway,2024-09-11,2025-12-06,0.21,Forest,8,0,0,0,0,10.69,1,3G award,451,86.6,77.0,71.8,53.4,1,Low,0.214,86
SYN-LA-02242,Maharashtra,Semi-urban,State Highway,2022-07-18,2023-09-28,1.12,Forest,10,0,0,0,0,18.12,1,3G award,437,100,99.5,95.6,79.5,0,Low,0.143,0
SYN-LA-02243,West Bengal,Urban,Industrial Corridor,2023-02-18,2023-07-29,1.97,Agricultural,11,1,0,1,1,38.19,1,Pre-notification,161,3.1,3.1,0,0,1,High,0.733,275
SYN-LA-02244,Madhya Pradesh,Rural,Industrial Corridor,2021-06-23,2023-01-05,1.32,Residential,9,0,0,0,0,78.52,1,3G award,561,100,91.0,65.9,43.9,0,Low,0.186,0
SYN-LA-02245,Uttar Pradesh,Semi-urban,Industrial Corridor,2018-02-04,2018-07-03,6.05,Forest,17,1,0,0,0,413.69,0,3A issued,149,30.3,13.1,0,0,1,High,0.698,299
SYN-LA-02246,Karnataka,Rural,State Highway,2020-05-03,2022-04-03,7.33,Agricultural,12,1,0,0,0,472.73,1,3G award,700,100,91.1,76.3,64.9,0,Medium,0.423,0
SYN-LA-02247,Karnataka,Semi-urban,Urban Infrastructure,2021-06-25,2022-02-15,3.12,Agricultural,8,0,0,0,0,76.45,1,3A issued,235,50.0,40.3,21.1,2.6,1,Low,0.232,81
SYN-LA-02248,Odisha,Urban,Urban Infrastructure,2021-01-26,2021-08-01,10.82,Residential,6,1,0,0,0,1085.84,1,3A issued,187,50.3,40.7,33.7,13.7,1,Medium,0.556,240
SYN-LA-02249,West Bengal,Semi-urban,Industrial Corridor,2023-01-19,2023-10-07,5.91,Agricultural,3,0,0,0,0,445.67,1,3D issued,261,84.0,67.5,59.9,37.7,0,Low,0.207,0
SYN-LA-02250,Karnataka,Rural,Urban Infrastructure,2022-01-13,2023-06-06,3.61,Agricultural,15,0,0,0,0,102.28,1,3D issued,509,73.2,65.1,55.4,40.3,1,Low,0.269,247
SYN-LA-02251,Odisha,Semi-urban,Industrial Corridor,2019-10-28,2021-04-07,1.34,Agricultural,3,0,0,0,0,77.76,1,3G award,527,100,100,72.5,48.1,0,Low,0.148,0
SYN-LA-02252,Haryana,Urban,National Highway,2020-06-04,2021-07-02,8.56,Commercial,16,1,0,0,1,1024.34,1,3A issued,393,38.1,31.6,0,0,1,High,0.78,182
SYN-LA-02253,Rajasthan,Rural,State Highway,2021-12-07,2023-05-15,1.49,Agricultural,5,0,0,0,0,116.5,1,3G award,524,100,95.1,91.5,68.8,1,Low,0.123,174
SYN-LA-02254,West Bengal,Urban,National Highway,2021-05-13,2022-04-10,2.16,Residential,15,0,0,0,1,162.8,1,3D issued,332,66.1,34.0,24.6,18.3,0,Medium,0.433,0
SYN-LA-02255,Madhya Pradesh,Semi-urban,Urban Infrastructure,2018-05-12,2019-01-19,9.05,Residential,41,1,1,1,1,748.29,1,Pre-notification,252,0,0,0,0,1,High,0.977,289
SYN-LA-02256,Maharashtra,Urban,Railway,2018-05-06,2019-08-16,2.03,Forest,14,0,0,0,0,93.87,1,3G award,467,100,96.9,90.9,69.0,0,Low,0.251,0
SYN-LA-02257,Karnataka,Rural,Urban Infrastructure,2020-05-13,2020-08-14,4.43,Residential,3,0,0,0,0,75.61,1,3A issued,93,40.9,25.2,3.4,0,0,Low,0.203,0
SYN-LA-02258,Odisha,Rural,National Highway,2024-01-22,2025-05-09,4.95,Agricultural,11,0,0,0,0,395.76,1,3D issued,473,86.6,59.5,39.2,24.3,0,Low,0.329,0
SYN-LA-02259,Uttar Pradesh,Urban,State Highway,2022-01-09,2022-09-28,0.6,Residential,7,0,0,0,0,18.03,0,3D issued,262,62.7,35.0,12.3,0,0,Medium,0.366,0
SYN-LA-02260,Maharashtra,Semi-urban,State Highway,2021-08-18,2023-06-13,1.16,Agricultural,25,1,0,0,0,72.09,1,3G award,664,100,82.1,63.9,54.4,1,Medium,0.357,174
SYN-LA-02261,Haryana,Rural,State Highway,2023-10-11,2024-03-17,11.66,Agricultural,15,1,0,0,0,251.42,1,3A issued,158,41.7,37.6,32.9,27.7,1,Medium,0.532,140
SYN-LA-02262,Maharashtra,Semi-urban,Railway,2023-08-27,2024-04-04,6.72,Forest,8,1,0,1,0,700.59,1,3A issued,221,27.8,4.3,0,0,1,High,0.762,254
SYN-LA-02263,Punjab,Rural,National Highway,2020-04-10,2020-08-08,1.23,Agricultural,19,0,0,0,1,125.71,1,3A issued,120,33.1,10.4,10.2,0,0,Low,0.338,0
SYN-LA-02264,Uttar Pradesh,Rural,State Highway,2021-12-24,2022-06-10,2.37,Forest,11,0,0,0,1,152.19,1,Pre-notification,168,3.2,3.2,0,0,0,Medium,0.438,0
SYN-LA-02265,Punjab,Urban,Railway,2021-09-05,2021-12-28,7.15,Agricultural,11,1,0,0,0,728.93,1,Pre-notification,114,0,0,0,0,0,Medium,0.469,0
SYN-LA-02266,Chhattisgarh,Rural,Urban Infrastructure,2022-11-12,2024-02-07,4.83,Agricultural,10,0,0,0,0,163.27,1,3D issued,452,90.0,63.8,62.8,41.9,1,Low,0.263,56
SYN-LA-02267,Odisha,Urban,Industrial Corridor,2023-10-19,2024-01-09,1.6,Agricultural,17,1,0,0,0,88.64,1,3A issued,82,28.2,12.3,0,0,0,Low,0.343,0
SYN-LA-02268,Maharashtra,Rural,Railway,2020-11-26,2022-02-13,2.11,Residential,7,0,0,0,0,211.12,1,3G award,444,100,84.2,65.5,64.3,0,Low,0.132,0
SYN-LA-02269,Uttar Pradesh,Semi-urban,National Highway,2022-12-09,2023-01-24,2.52,Agricultural,20,1,0,0,0,221.79,1,Pre-notification,46,1.4,0.9,0,0,1,Low,0.337,114
SYN-LA-02270,Chhattisgarh,Rural,Railway,2024-03-16,2025-01-26,3.32,Agricultural,15,1,0,0,0,85.9,1,3D issued,316,84.2,71.8,70.2,46.2,1,Low,0.268,129
SYN-LA-02271,Maharashtra,Semi-urban,Urban Infrastructure,2020-04-05,2022-01-08,2.92,Residential,15,0,0,0,0,101.79,0,3G award,643,100,77.3,54.1,49.7,0,Medium,0.409,0
SYN-LA-02272,Madhya Pradesh,Urban,Urban Infrastructure,2020-12-15,2022-02-21,8.96,Residential,4,1,1,1,0,272.46,1,3A issued,433,38.1,28.6,2.5,0,1,High,0.916,343
SYN-LA-02273,Karnataka,Urban,State Highway,2020-03-10,2020-12-27,3.98,Forest,11,0,0,1,0,188.71,1,3A issued,292,30.7,22.7,0,0,0,High,0.703,0
SYN-LA-02274,Uttar Pradesh,Semi-urban,Railway,2019-08-27,2021-05-25,2.8,Agricultural,10,0,1,0,0,151.76,1,3G award,637,100,100,90.2,76.4,0,Low,0.343,0
SYN-LA-02275,Chhattisgarh,Rural,Railway,2022-04-23,2024-02-21,9.54,Residential,10,1,0,0,0,853.59,1,3G award,669,100,100,80.7,56.7,0,Medium,0.519,0
SYN-LA-02276,Karnataka,Rural,National Highway,2018-03-30,2018-07-29,4.96,Agricultural,3,0,1,0,0,425.34,1,Pre-notification,121,0,0,0,0,0,Medium,0.402,0
SYN-LA-02277,Uttar Pradesh,Semi-urban,Urban Infrastructure,2024-08-07,2026-01-18,11.41,Agricultural,11,1,0,0,0,408.48,1,3G award,529,100,92.5,87.1,67.4,0,Medium,0.508,0
SYN-LA-02278,Madhya Pradesh,Urban,National Highway,2023-08-19,2024-08-31,1.59,Agricultural,6,0,0,0,0,72.27,1,3G award,378,78.3,78.1,70.1,56.7,0,Low,0.148,0
SYN-LA-02279,Maharashtra,Semi-urban,Railway,2022-07-24,2023-10-14,3.88,Forest,11,1,0,0,1,132.51,1,3A issued,447,56.9,42.0,24.5,22.0,0,Medium,0.584,0
SYN-LA-02280,Punjab,Semi-urban,Urban Infrastructure,2023-02-13,2024-06-14,6.76,Agricultural,11,1,0,0,0,431.93,1,3D issued,487,68.5,62.3,45.1,24.4,0,Medium,0.45,0
SYN-LA-02281,Odisha,Semi-urban,National Highway,2020-01-24,2021-09-12,2.41,Agricultural,6,0,0,0,0,245.55,1,3G award,597,100,100,72.5,46.6,0,Low,0.203,0
SYN-LA-02282,Chhattisgarh,Semi-urban,National Highway,2019-09-17,2020-10-23,1.34,Agricultural,5,1,0,0,0,72.7,1,3D issued,402,79.4,73.5,55.2,44.6,0,Low,0.186,0
SYN-LA-02283,Karnataka,Urban,Industrial Corridor,2020-11-25,2022-07-27,1.35,Forest,3,0,0,0,0,74.98,1,3G award,609,100,89.3,74.7,63.3,0,Low,0.211,0
SYN-LA-02284,West Bengal,Urban,Industrial Corridor,2020-04-06,2021-04-06,2.15,Residential,7,0,0,0,0,140.94,1,3D issued,365,100,69.6,57.7,40.8,0,Low,0.201,0
SYN-LA-02285,Haryana,Urban,State Highway,2020-12-07,2022-10-22,2.4,Commercial,5,0,0,1,0,92.01,1,3G award,684,100,97.1,95.1,69.7,1,Medium,0.428,209
SYN-LA-02286,Chhattisgarh,Semi-urban,Industrial Corridor,2022-10-15,2024-06-05,2.46,Agricultural,2,0,0,0,0,252.46,1,3G award,599,100,93.8,72.2,55.0,1,Low,0.167,96
SYN-LA-02287,West Bengal,Urban,State Highway,2023-12-31,2025-03-11,1.59,Residential,5,0,0,0,0,125.46,1,3G award,436,96.7,91.2,81.0,63.5,1,Low,0.15,181
SYN-LA-02288,Karnataka,Semi-urban,Railway,2018-12-27,2019-11-23,7.15,Residential,9,1,0,0,0,547.71,0,3A issued,331,57.0,44.5,3.5,0,1,Medium,0.63,122
SYN-LA-02289,Chhattisgarh,Semi-urban,Industrial Corridor,2021-07-29,2021-09-17,2.87,Residential,18,1,0,0,0,251.31,1,Pre-notification,50,0,0,0,0,1,Low,0.329,172
SYN-LA-02290,Rajasthan,Urban,Railway,2020-01-05,2021-11-12,3.91,Agricultural,8,0,0,0,0,112.15,0,3D issued,677,100,74.9,51.0,28.8,0,Medium,0.532,0
SYN-LA-02291,Chhattisgarh,Rural,Industrial Corridor,2023-06-29,2024-07-02,2.78,Residential,2,0,0,0,0,102.36,1,3D issued,369,96.1,70.5,61.6,51.4,0,Low,0.135,0
SYN-LA-02292,Haryana,Semi-urban,National Highway,2021-12-17,2023-10-26,3.5,Agricultural,8,1,0,0,0,352.9,1,3G award,678,100,83.4,61.7,37.9,0,Low,0.349,0
SYN-LA-02293,Karnataka,Urban,National Highway,2023-09-11,2024-04-09,3.4,Agricultural,18,1,1,0,0,107.49,1,3A issued,211,35.1,21.7,0,0,1,Medium,0.649,213
SYN-LA-02294,West Bengal,Urban,State Highway,2020-11-12,2021-09-12,2.17,Commercial,4,0,0,0,0,162.05,1,3D issued,304,71.3,49.9,45.5,28.3,0,Low,0.198,0
SYN-LA-02295,Uttar Pradesh,Urban,Railway,2021-09-29,2022-05-31,2.23,Agricultural,14,1,0,0,1,211.43,1,3A issued,244,32.2,24.8,6.7,0,0,Medium,0.542,0
SYN-LA-02296,Karnataka,Urban,State Highway,2019-05-02,2020-05-01,3.97,Agricultural,16,0,0,0,1,213.33,1,3D issued,365,86.6,71.4,41.4,16.3,0,Medium,0.501,0
SYN-LA-02297,Punjab,Semi-urban,Railway,2021-09-24,2023-08-27,3.83,Agricultural,2,0,0,0,0,309.67,1,3G award,702,100,100,72.7,54.5,1,Low,0.205,43
SYN-LA-02298,West Bengal,Urban,National Highway,2021-06-23,2023-06-02,15.17,Commercial,22,1,0,0,1,2243.97,1,3G award,709,100,95.0,63.0,44.5,1,High,0.911,233
SYN-LA-02299,Haryana,Semi-urban,State Highway,2018-03-26,2019-06-13,7.26,Residential,3,1,0,0,1,721.17,1,3D issued,444,60.9,59.1,46.5,34.2,0,Medium,0.497,0
SYN-LA-02300,Punjab,Rural,State Highway,2020-06-02,2021-06-01,2.15,Residential,20,0,0,0,0,195.71,1,3G award,364,100,87.2,59.0,53.3,1,Low,0.19,171
SYN-LA-02301,Haryana,Semi-urban,Industrial Corridor,2023-12-08,2025-04-05,1.57,Agricultural,5,0,0,0,0,70.75,1,3D issued,484,100,61.7,54.0,37.5,1,Low,0.166,133
SYN-LA-02302,Uttar Pradesh,Rural,National Highway,2024-11-23,2025-01-22,3.79,Agricultural,45,1,0,0,0,235.06,1,3A issued,60,23.6,21.2,2.1,0,1,Medium,0.598,227
SYN-LA-02303,Odisha,Semi-urban,Industrial Corridor,2018-03-29,2018-06-22,2.14,Agricultural,4,1,0,0,0,98.86,1,3A issued,85,38.2,34.1,21.4,0,0,Low,0.22,0
SYN-LA-02304,Punjab,Semi-urban,State Highway,2022-01-09,2023-10-03,1.76,Agricultural,15,0,0,0,0,30.86,1,3G award,632,100,100,73.5,54.4,0,Low,0.215,0
SYN-LA-02305,Rajasthan,Rural,Industrial Corridor,2018-11-10,2019-01-24,4.41,Agricultural,4,1,0,0,0,372.26,1,Pre-notification,75,0,0,0,0,1,Low,0.275,191
SYN-LA-02306,Madhya Pradesh,Semi-urban,State Highway,2024-01-17,2025-02-23,10.7,Forest,12,1,0,0,0,237.47,1,3G award,403,93.8,77.5,70.1,59.6,0,Medium,0.542,0
SYN-LA-02307,Madhya Pradesh,Rural,Industrial Corridor,2020-01-22,2022-01-02,2.1,Forest,15,0,0,0,0,176.7,1,3G award,711,100,100,70.3,44.4,0,Medium,0.358,0
SYN-LA-02308,Madhya Pradesh,Rural,Railway,2021-03-20,2022-09-02,8.32,Agricultural,2,1,0,0,0,173.65,1,3G award,531,100,100,69.5,51.4,1,Medium,0.364,132
SYN-LA-02309,Punjab,Rural,Urban Infrastructure,2018-06-19,2018-08-24,2.9,Agricultural,3,0,0,0,1,54.77,1,Pre-notification,66,11.1,10.3,0,0,0,Low,0.254,0
SYN-LA-02310,Haryana,Urban,Urban Infrastructure,2024-05-12,2024-08-10,2.19,Agricultural,4,0,0,0,0,125.21,1,Pre-notification,90,0,0,0,0,1,Low,0.2,84
SYN-LA-02311,Karnataka,Rural,Urban Infrastructure,2024-06-16,2025-04-15,6.97,Agricultural,25,1,1,0,1,302.93,1,Pre-notification,303,7.5,7.3,0,0,1,High,0.86,351
SYN-LA-02312,West Bengal,Rural,State Highway,2023-08-21,2023-10-16,3.86,Agricultural,7,0,0,0,0,385.07,1,Pre-notification,56,5.0,5.0,4.5,0,0,Low,0.219,0
SYN-LA-02313,Odisha,Urban,State Highway,2018-09-13,2019-02-13,7.37,Residential,9,1,0,0,0,358.54,1,3A issued,153,34.3,23.7,7.7,1.4,1,Medium,0.492,204
SYN-LA-02314,Maharashtra,Rural,State Highway,2021-11-12,2022-03-16,1.99,Agricultural,10,0,0,0,0,117.68,1,3A issued,124,33.3,25.4,3.3,0,0,Low,0.202,0
SYN-LA-02315,Punjab,Rural,National Highway,2022-04-18,2022-11-23,2.78,Agricultural,11,0,0,0,0,146.78,1,3D issued,219,67.4,55.4,50.2,30.6,0,Low,0.171,0
SYN-LA-02316,Punjab,Rural,Railway,2022-10-16,2024-08-02,0.98,Commercial,13,0,0,0,0,127.34,1,3G award,656,100,89.5,73.5,61.1,0,Low,0.178,0
SYN-LA-02317,Uttar Pradesh,Urban,Urban Infrastructure,2023-12-09,2024-04-30,2.48,Agricultural,6,0,0,0,0,141.06,1,3A issued,143,35.3,23.9,0,0,0,Low,0.246,0
SYN-LA-02318,Chhattisgarh,Rural,State Highway,2022-05-01,2022-10-31,12.27,Forest,4,1,0,0,0,628.99,1,3A issued,183,22.0,22.0,13.3,8.6,1,Medium,0.632,249
SYN-LA-02319,Haryana,Urban,National Highway,2024-06-05,2025-11-29,6.09,Forest,29,1,1,0,1,377.68,1,3D issued,542,85.6,58.0,43.8,18.8,1,High,0.927,281
SYN-LA-02320,Haryana,Semi-urban,Railway,2024-10-09,2026-07-20,1.33,Residential,15,1,0,0,0,84.27,0,3G award,649,100,95.8,77.6,62.3,0,Medium,0.39,0
SYN-LA-02321,Maharashtra,Semi-urban,Urban Infrastructure,2018-02-13,2019-08-22,4.85,Agricultural,14,1,0,0,0,496.97,1,3G award,555,100,89.1,87.3,84.7,0,Low,0.26,0
SYN-LA-02322,Haryana,Urban,National Highway,2019-04-18,2020-03-02,1.7,Residential,5,0,0,0,0,85.76,1,3D issued,319,70.3,70.3,58.3,50.6,0,Low,0.143,0
SYN-LA-02323,Rajasthan,Rural,National Highway,2020-02-10,2020-08-25,0.82,Residential,3,0,0,0,0,64.5,1,3A issued,197,33.1,29.1,26.6,18.4,1,Low,0.129,77
SYN-LA-02324,Madhya Pradesh,Urban,Railway,2018-11-09,2020-03-17,2.31,Agricultural,3,0,0,0,0,52.49,1,3G award,494,100,78.0,57.0,40.7,1,Low,0.204,121
SYN-LA-02325,Odisha,Semi-urban,State Highway,2018-09-08,2019-08-23,16.15,Forest,8,1,0,0,0,1376.47,1,3A issued,349,51.1,49.0,38.1,32.3,1,High,0.756,292
SYN-LA-02326,Uttar Pradesh,Urban,Urban Infrastructure,2021-02-19,2022-04-21,2.35,Agricultural,4,0,0,0,0,196.46,1,3G award,426,100,92.4,77.5,52.2,0,Low,0.181,0
SYN-LA-02327,Maharashtra,Urban,Urban Infrastructure,2020-10-23,2022-06-01,4.32,Commercial,3,0,0,0,0,266.0,1,3G award,586,100,82.7,72.8,51.2,0,Low,0.254,0
SYN-LA-02328,Odisha,Urban,Urban Infrastructure,2019-11-23,2020-04-11,0.21,Residential,6,1,0,0,0,8.82,1,3A issued,140,50.0,38.4,16.8,16.4,0,Low,0.203,0
SYN-LA-02329,Uttar Pradesh,Urban,State Highway,2023-11-22,2024-03-20,4.62,Residential,7,0,0,0,0,258.5,1,Pre-notification,119,0,0,0,0,1,Low,0.306,233
SYN-LA-02330,Karnataka,Semi-urban,State Highway,2020-12-16,2022-04-07,3.47,Residential,28,1,0,0,1,240.56,1,3D issued,477,68.3,51.5,37.7,23.4,1,Medium,0.626,278
SYN-LA-02331,West Bengal,Urban,State Highway,2022-11-19,2024-04-07,2.13,Agricultural,10,0,0,0,1,69.2,1,3G award,505,100,78.2,46.9,39.0,1,Medium,0.382,226
SYN-LA-02332,Maharashtra,Urban,National Highway,2023-10-08,2025-02-09,1.49,Agricultural,8,0,0,0,0,38.06,1,3G award,490,100,92.1,91.2,68.1,0,Low,0.157,0
SYN-LA-02333,Maharashtra,Rural,National Highway,2018-06-24,2019-06-12,1.18,Agricultural,4,1,1,0,0,89.19,1,3D issued,353,64.8,46.9,24.7,20.2,1,Medium,0.387,175
SYN-LA-02334,Haryana,Urban,Railway,2021-10-16,2022-04-01,8.9,Agricultural,18,1,0,0,0,313.06,1,3A issued,167,35.0,35.0,21.2,0.8,0,Medium,0.617,0
SYN-LA-02335,Punjab,Semi-urban,National Highway,2023-04-23,2024-06-19,3.34,Forest,6,0,1,0,0,85.18,1,3D issued,423,74.2,74.2,52.0,35.7,1,Medium,0.441,145
SYN-LA-02336,Maharashtra,Urban,State Highway,2022-01-20,2022-03-25,8.61,Commercial,16,1,1,0,0,726.43,1,Pre-notification,64,0,0,0,0,1,High,0.749,216
SYN-LA-02337,Chhattisgarh,Rural,National Highway,2022-09-22,2023-09-06,1.47,Agricultural,17,0,0,0,0,106.45,1,3A issued,349,36.5,24.4,10.5,2.7,0,Low,0.297,0
SYN-LA-02338,Chhattisgarh,Rural,Urban Infrastructure,2023-11-09,2024-08-05,1.05,Residential,15,1,0,0,0,98.03,0,3A issued,270,32.6,32.1,0,0,0,Medium,0.469,0
SYN-LA-02339,Uttar Pradesh,Urban,National Highway,2018-11-14,2019-06-09,20.93,Agricultural,16,1,0,0,0,1158.73,1,3A issued,207,34.4,34.4,12.5,4.3,1,High,0.886,360
SYN-LA-02340,West Bengal,Rural,Urban Infrastructure,2024-11-28,2025-01-17,1.73,Residential,17,0,0,0,1,37.95,1,Pre-notification,50,6.6,5.4,0,0,1,Low,0.339,195
SYN-LA-02341,Karnataka,Rural,Urban Infrastructure,2018-11-20,2019-04-19,8.68,Agricultural,18,1,1,0,0,733.39,1,Pre-notification,150,0,0,0,0,0,High,0.735,0
SYN-LA-02342,Karnataka,Urban,Railway,2018-06-18,2018-09-06,10.6,Agricultural,6,1,0,0,0,505.14,1,3A issued,80,18.4,13.9,0,0,0,Medium,0.538,0
SYN-LA-02343,Madhya Pradesh,Rural,Industrial Corridor,2022-03-12,2023-04-16,2.46,Forest,3,0,0,0,0,45.79,1,3A issued,400,51.4,51.1,50.4,34.1,0,Low,0.218,0
SYN-LA-02344,Uttar Pradesh,Rural,National Highway,2024-07-28,2025-10-13,5.09,Agricultural,8,0,0,0,0,236.6,1,3D issued,442,100,72.9,44.4,20.8,0,Low,0.317,0
SYN-LA-02345,Rajasthan,Semi-urban,Industrial Corridor,2019-07-20,2021-07-07,1.57,Forest,2,1,0,0,1,99.57,1,3G award,718,100,100,84.6,61.9,0,Medium,0.394,0
SYN-LA-02346,Uttar Pradesh,Urban,Industrial Corridor,2023-01-08,2024-02-18,3.64,Agricultural,8,1,0,0,0,200.04,1,3G award,406,100,76.6,61.1,44.9,0,Low,0.312,0
SYN-LA-02347,Odisha,Urban,Urban Infrastructure,2022-02-03,2023-09-18,3.54,Agricultural,3,0,0,0,0,206.07,1,3G award,592,100,94.6,89.0,65.1,0,Low,0.207,0
SYN-LA-02348,Odisha,Rural,National Highway,2019-12-31,2021-11-22,5.51,Agricultural,6,0,1,0,0,472.69,0,3G award,692,100,82.7,61.4,57.0,0,Medium,0.63,0
SYN-LA-02349,Odisha,Semi-urban,Urban Infrastructure,2023-02-25,2024-03-15,0.84,Forest,10,0,0,0,0,19.53,1,3D issued,384,80.1,46.9,24.2,8.2,0,Low,0.293,0
SYN-LA-02350,Punjab,Rural,Urban Infrastructure,2021-07-27,2022-06-21,1.53,Forest,8,0,0,0,0,154.54,1,3D issued,329,81.2,52.1,36.8,17.1,0,Low,0.24,0
SYN-LA-02351,Chhattisgarh,Rural,National Highway,2022-07-01,2023-11-13,1.82,Agricultural,7,0,0,0,0,76.54,1,3G award,500,100,89.9,82.7,71.0,0,Low,0.131,0
SYN-LA-02352,Madhya Pradesh,Rural,State Highway,2019-08-23,2021-04-21,2.52,Agricultural,35,1,0,0,0,162.12,1,3G award,607,100,100,70.3,61.4,0,Medium,0.44,0
SYN-LA-02353,Karnataka,Rural,Urban Infrastructure,2023-02-10,2024-02-15,7.35,Forest,15,1,0,0,0,176.75,1,3G award,370,100,80.8,80.1,62.8,0,Medium,0.421,0
SYN-LA-02354,Rajasthan,Semi-urban,Industrial Corridor,2024-07-17,2025-05-12,1.26,Forest,3,0,0,0,0,81.5,1,3A issued,299,54.9,49.9,37.6,31.1,0,Low,0.179,0
SYN-LA-02355,Uttar Pradesh,Urban,Urban Infrastructure,2023-06-10,2025-02-27,3.51,Agricultural,6,1,0,0,0,239.47,1,3G award,628,100,100,97.9,72.1,0,Low,0.284,0
SYN-LA-02356,Rajasthan,Urban,Industrial Corridor,2019-07-21,2019-10-20,10.82,Forest,10,1,1,0,0,865.53,0,Pre-notification,91,0,0,0,0,1,High,0.902,217
SYN-LA-02357,Chhattisgarh,Rural,National Highway,2023-01-28,2024-09-06,1.96,Forest,9,0,0,0,0,66.59,1,3G award,587,100,96.9,82.1,77.8,1,Low,0.195,88
SYN-LA-02358,Madhya Pradesh,Semi-urban,Urban Infrastructure,2024-02-27,2024-03-30,4.72,Residential,12,0,0,0,1,413.17,1,Pre-notification,32,0,0,0,0,1,Medium,0.375,137
SYN-LA-02359,Punjab,Urban,Industrial Corridor,2019-06-14,2021-04-05,7.18,Agricultural,18,1,0,0,0,469.5,0,3G award,661,100,91.4,73.9,50.4,0,High,0.703,0
SYN-LA-02360,Uttar Pradesh,Rural,Railway,2019-12-08,2021-11-17,1.24,Commercial,21,1,1,0,0,52.04,1,3G award,710,100,75.1,72.9,64.5,0,Medium,0.53,0
SYN-LA-02361,West Bengal,Urban,Industrial Corridor,2024-06-04,2025-10-12,3.85,Agricultural,25,1,1,0,0,331.57,1,3A issued,495,54.4,48.1,27.8,3.7,1,High,0.8,242
SYN-LA-02362,Haryana,Urban,Urban Infrastructure,2024-11-27,2026-09-06,2.18,Agricultural,2,0,0,0,0,39.66,1,3G award,648,100,99.6,76.6,71.4,0,Low,0.165,0
SYN-LA-02363,Uttar Pradesh,Urban,State Highway,2023-11-04,2023-12-28,4.56,Agricultural,3,0,0,0,0,259.67,1,Pre-notification,54,13.5,13.5,0,0,1,Low,0.256,152
SYN-LA-02364,Chhattisgarh,Rural,National Highway,2022-10-29,2024-02-29,5.6,Agricultural,11,0,0,0,1,155.89,1,3G award,488,91.7,83.8,55.0,35.7,1,Medium,0.453,58
SYN-LA-02365,Punjab,Rural,State Highway,2020-03-22,2021-12-23,1.44,Agricultural,19,0,0,0,1,95.51,1,3G award,641,100,100,93.7,86.9,0,Low,0.254,0
SYN-LA-02366,Karnataka,Rural,Railway,2020-06-16,2020-10-08,1.03,Agricultural,11,0,0,1,0,32.14,1,Pre-notification,114,11.6,0,0,0,1,Medium,0.399,162
SYN-LA-02367,Uttar Pradesh,Rural,Urban Infrastructure,2018-07-27,2020-04-26,2.93,Forest,13,0,0,0,0,47.28,1,3G award,639,100,100,69.3,54.0,0,Low,0.329,0
SYN-LA-02368,Uttar Pradesh,Semi-urban,National Highway,2020-08-14,2021-07-19,0.58,Agricultural,3,0,0,0,0,54.8,0,3D issued,339,72.1,59.1,31.3,7.6,1,Low,0.285,147
SYN-LA-02369,West Bengal,Urban,Industrial Corridor,2020-01-09,2021-02-09,1.89,Residential,8,0,0,0,0,70.33,1,3A issued,397,57.3,57.3,49.9,47.0,0,Low,0.195,0
SYN-LA-02370,Madhya Pradesh,Urban,Urban Infrastructure,2020-06-17,2021-09-28,6.14,Agricultural,7,1,0,0,1,301.99,1,3D issued,468,92.4,72.5,62.2,54.5,0,Medium,0.493,0
SYN-LA-02371,Maharashtra,Urban,National Highway,2020-11-15,2021-04-08,8.27,Agricultural,3,1,0,0,0,630.0,1,3A issued,144,30.9,15.0,0,0,1,Medium,0.465,156
SYN-LA-02372,Punjab,Rural,Railway,2018-04-29,2018-10-06,0.91,Agricultural,3,0,0,0,0,20.2,1,3A issued,160,47.6,39.1,10.5,0,0,Low,0.145,0
SYN-LA-02373,Chhattisgarh,Urban,Industrial Corridor,2023-04-22,2024-01-23,1.76,Agricultural,14,0,0,0,0,75.45,1,3A issued,276,39.0,39.0,28.9,19.5,0,Low,0.263,0
SYN-LA-02374,Karnataka,Rural,Railway,2021-02-10,2021-06-20,1.04,Forest,11,0,0,0,1,39.22,1,3A issued,130,19.2,19.2,0,0,0,Medium,0.356,0
SYN-LA-02375,Odisha,Semi-urban,National Highway,2021-03-04,2022-03-20,7.07,Residential,10,1,0,0,1,270.5,1,3A issued,381,33.8,33.8,32.1,30.6,0,Medium,0.553,0
SYN-LA-02376,Punjab,Urban,Urban Infrastructure,2020-08-25,2020-11-14,17.69,Agricultural,2,1,0,0,0,1195.48,1,3A issued,81,19.2,17.9,0,0,0,High,0.729,0
SYN-LA-02377,Uttar Pradesh,Urban,State Highway,2021-01-06,2022-09-21,1.21,Residential,27,1,1,0,1,81.9,1,3D issued,623,66.9,49.6,27.4,8.4,1,High,0.856,239
SYN-LA-02378,Odisha,Semi-urban,Railway,2021-11-27,2023-09-10,3.95,Agricultural,14,0,0,0,0,217.38,1,3G award,652,100,89.3,65.3,42.9,0,Low,0.323,0
SYN-LA-02379,Madhya Pradesh,Semi-urban,Industrial Corridor,2021-10-07,2023-03-27,8.35,Forest,8,1,0,0,0,257.23,1,3G award,536,85.8,82.8,59.6,52.9,1,Medium,0.498,131
SYN-LA-02380,Uttar Pradesh,Rural,State Highway,2023-01-29,2024-02-13,4.49,Residential,18,0,0,0,0,402.64,1,3A issued,380,38.1,29.4,5.2,0,0,Medium,0.425,0
SYN-LA-02381,Madhya Pradesh,Semi-urban,Urban Infrastructure,2023-09-18,2025-04-19,4.15,Agricultural,4,1,0,0,0,378.91,1,3G award,579,100,92.0,66.4,56.5,0,Low,0.255,0
SYN-LA-02382,Haryana,Urban,Urban Infrastructure,2021-11-08,2023-07-18,1.56,Residential,12,0,0,0,0,149.82,1,3G award,617,100,100,78.2,53.2,1,Low,0.24,160
SYN-LA-02383,Haryana,Semi-urban,Railway,2023-03-25,2023-10-14,1.37,Agricultural,9,0,0,0,0,132.57,1,Pre-notification,203,5.4,5.4,0.9,0,1,Low,0.198,204
SYN-LA-02384,West Bengal,Semi-urban,National Highway,2024-06-28,2025-02-23,3.29,Forest,33,1,0,0,0,320.3,1,3A issued,240,20.2,20.2,0,0,0,Medium,0.626,0
SYN-LA-02385,Madhya Pradesh,Semi-urban,State Highway,2024-02-01,2024-04-04,1.76,Agricultural,7,0,0,0,0,57.34,1,Pre-notification,63,12.3,0.1,0,0,0,Low,0.166,0
SYN-LA-02386,Haryana,Semi-urban,Urban Infrastructure,2023-02-26,2023-11-23,3.61,Residential,31,1,0,0,0,312.74,1,3A issued,270,53.4,40.9,20.0,0,0,Medium,0.529,0
SYN-LA-02387,Rajasthan,Rural,Industrial Corridor,2023-10-03,2025-09-16,5.66,Agricultural,16,0,0,0,0,205.89,1,3G award,714,100,100,91.8,87.5,0,Low,0.275,0
SYN-LA-02388,Rajasthan,Semi-urban,National Highway,2019-08-01,2019-12-07,9.78,Residential,8,1,0,0,1,702.72,1,Pre-notification,128,6.3,0,0,0,0,Medium,0.637,0
SYN-LA-02389,Rajasthan,Urban,National Highway,2024-07-15,2026-03-13,4.54,Agricultural,7,0,0,0,0,439.96,1,3G award,606,100,97.3,76.1,75.1,0,Low,0.233,0
SYN-LA-02390,West Bengal,Rural,Urban Infrastructure,2018-12-17,2020-06-14,6.11,Agricultural,9,1,0,0,0,491.72,1,3G award,545,91.2,81.0,75.5,52.6,0,Medium,0.364,0
SYN-LA-02391,Uttar Pradesh,Urban,Urban Infrastructure,2019-05-19,2020-10-02,0.72,Residential,38,1,0,0,1,17.85,1,3G award,502,100,93.9,71.1,53.5,0,Medium,0.607,0
SYN-LA-02392,West Bengal,Urban,Industrial Corridor,2022-04-18,2022-09-08,6.94,Residential,3,1,0,0,0,579.14,1,3A issued,143,21.3,12.9,0,0,0,Medium,0.431,0
SYN-LA-02393,Chhattisgarh,Semi-urban,National Highway,2020-03-30,2021-06-13,5.19,Residential,17,0,0,0,0,395.22,1,3D issued,440,87.6,66.1,58.7,34.2,0,Low,0.344,0
SYN-LA-02394,Uttar Pradesh,Semi-urban,Urban Infrastructure,2023-04-23,2023-08-14,2.72,Agricultural,14,0,0,0,0,97.69,1,3A issued,113,19.9,9.1,3.9,0,0,Low,0.252,0
SYN-LA-02395,Punjab,Urban,Urban Infrastructure,2021-09-18,2023-01-10,2.27,Agricultural,6,0,1,0,0,136.36,1,3A issued,479,45.4,41.5,14.3,0,1,Medium,0.522,226
SYN-LA-02396,Karnataka,Urban,Industrial Corridor,2022-07-10,2024-03-06,3.04,Residential,4,0,0,0,1,244.06,0,3D issued,605,73.3,70.3,21.4,3.0,0,High,0.65,0
SYN-LA-02397,Chhattisgarh,Rural,Industrial Corridor,2018-05-11,2018-10-16,0.5,Forest,30,1,0,0,1,41.94,1,Pre-notification,158,0,0,0,0,0,Medium,0.61,0
SYN-LA-02398,Madhya Pradesh,Semi-urban,Railway,2021-08-23,2022-06-29,3.85,Agricultural,7,0,0,0,1,178.99,0,3A issued,310,29.3,24.8,0,0,1,Medium,0.557,245
SYN-LA-02399,Karnataka,Urban,State Highway,2024-10-04,2026-06-27,3.83,Agricultural,7,1,0,0,0,286.67,1,3G award,631,100,88.3,60.0,36.6,1,Medium,0.391,169
SYN-LA-02400,Maharashtra,Semi-urban,Railway,2020-09-17,2022-05-10,15.09,Commercial,17,1,0,0,0,776.56,1,3G award,600,100,92.2,81.9,68.2,1,High,0.688,308
SYN-LA-02401,Karnataka,Rural,National Highway,2020-02-11,2021-07-30,3.42,Residential,6,0,0,1,1,111.5,1,3D issued,535,78.3,57.2,45.4,30.4,1,Medium,0.626,207
SYN-LA-02402,Rajasthan,Rural,Railway,2024-07-05,2025-04-16,7.47,Residential,18,1,0,0,1,523.14,1,3D issued,285,61.3,31.3,25.2,5.2,1,High,0.679,158
SYN-LA-02403,Uttar Pradesh,Rural,State Highway,2023-08-28,2024-03-14,6.66,Agricultural,44,1,1,0,0,389.48,1,3A issued,199,27.0,21.2,10.5,9.9,1,High,0.843,361
SYN-LA-02404,Odisha,Urban,National Highway,2024-02-20,2025-04-27,5.32,Agricultural,15,0,0,0,0,451.88,1,3D issued,432,65.9,48.1,21.3,0,1,Medium,0.499,240
SYN-LA-02405,Rajasthan,Semi-urban,Urban Infrastructure,2023-02-13,2024-11-17,1.4,Commercial,8,0,1,0,1,155.37,1,3D issued,643,90.3,62.9,56.0,52.7,1,Medium,0.486,239
SYN-LA-02406,Chhattisgarh,Urban,Railway,2021-10-09,2023-04-12,1.15,Commercial,26,1,0,1,1,126.25,1,3D issued,550,87.2,53.4,38.7,20.2,1,High,0.847,303
SYN-LA-02407,Odisha,Urban,State Highway,2020-11-10,2022-06-05,11.25,Agricultural,19,1,0,0,0,381.09,1,3G award,572,100,100,77.2,65.3,1,Medium,0.644,204
SYN-LA-02408,West Bengal,Urban,Urban Infrastructure,2020-06-09,2020-12-28,3.26,Agricultural,117,1,0,0,0,213.42,1,3A issued,202,52.0,26.5,0,0,0,High,0.719,0
SYN-LA-02409,Chhattisgarh,Rural,National Highway,2020-05-30,2022-05-06,3.72,Agricultural,5,0,0,0,0,230.24,1,3G award,706,100,100,88.7,68.7,0,Low,0.205,0
SYN-LA-02410,Rajasthan,Semi-urban,Urban Infrastructure,2020-08-22,2020-12-03,4.04,Agricultural,10,0,0,0,0,229.01,1,3A issued,103,32.2,20.2,0,0,0,Low,0.25,0
SYN-LA-02411,Uttar Pradesh,Urban,Railway,2021-05-04,2021-06-18,1.03,Forest,29,1,1,0,1,82.79,0,Pre-notification,45,0.1,0.1,0,0,1,High,0.886,232
SYN-LA-02412,Maharashtra,Urban,Industrial Corridor,2021-05-02,2022-03-07,1.31,Forest,13,0,0,0,0,61.31,1,3D issued,309,77.3,66.2,48.4,25.8,0,Low,0.297,0
SYN-LA-02413,West Bengal,Semi-urban,Industrial Corridor,2021-11-11,2023-04-24,2.65,Agricultural,6,0,0,0,0,152.4,1,3G award,529,100,98.7,90.6,85.6,1,Low,0.123,132
SYN-LA-02414,Odisha,Semi-urban,State Highway,2018-02-25,2019-12-08,2.11,Forest,10,1,0,0,1,56.89,1,3G award,651,100,100,93.6,86.8,0,Medium,0.374,0
SYN-LA-02415,Chhattisgarh,Rural,National Highway,2021-10-03,2022-06-26,5.52,Forest,6,0,0,0,0,339.8,1,3D issued,266,78.5,57.0,55.7,53.5,0,Low,0.237,0
SYN-LA-02416,Chhattisgarh,Urban,Urban Infrastructure,2018-07-13,2018-12-12,0.99,Residential,17,0,0,0,0,83.7,1,3A issued,152,15.1,0.5,0,0,0,Low,0.279,0
SYN-LA-02417,Uttar Pradesh,Rural,Industrial Corridor,2019-08-11,2020-01-14,2.82,Agricultural,2,0,0,0,0,133.7,1,3A issued,156,55.6,25.6,16.8,0,1,Low,0.193,67
SYN-LA-02418,West Bengal,Rural,National Highway,2024-03-08,2025-05-02,6.07,Residential,106,1,0,0,0,476.13,1,3G award,420,100,86.4,77.8,68.2,0,Medium,0.614,0
SYN-LA-02419,Maharashtra,Urban,National Highway,2022-12-17,2024-07-26,5.26,Residential,22,1,0,0,0,111.51,1,3D issued,587,86.6,73.8,62.9,41.3,1,Medium,0.547,241
SYN-LA-02420,Odisha,Urban,Urban Infrastructure,2021-10-09,2023-02-16,2.07,Agricultural,8,0,0,0,0,84.32,1,3G award,495,95.5,84.5,66.1,53.7,0,Low,0.204,0
SYN-LA-02421,Maharashtra,Rural,National Highway,2023-11-26,2025-07-03,3.86,Residential,22,1,0,0,1,261.94,1,3G award,585,100,100,83.4,71.9,0,Medium,0.47,0
SYN-LA-02422,Odisha,Urban,Industrial Corridor,2021-07-20,2022-05-22,7.56,Agricultural,3,1,0,0,1,625.68,1,3D issued,306,71.8,57.9,52.1,26.4,1,Medium,0.555,241
SYN-LA-02423,West Bengal,Rural,Urban Infrastructure,2021-08-17,2023-06-10,4.81,Commercial,15,0,0,0,0,197.16,1,3G award,662,100,99.6,95.5,75.1,0,Low,0.269,0
SYN-LA-02424,Uttar Pradesh,Semi-urban,Industrial Corridor,2019-09-02,2020-10-09,11.76,Forest,5,1,0,1,0,872.27,1,3D issued,403,66.8,47.2,23.1,0,1,High,0.891,254
SYN-LA-02425,Odisha,Rural,Industrial Corridor,2018-09-29,2019-11-27,1.82,Residential,7,0,1,0,0,50.84,0,3A issued,424,56.1,34.6,15.3,11.3,0,Medium,0.571,0
SYN-LA-02426,Odisha,Rural,National Highway,2023-02-11,2024-11-28,1.87,Agricultural,8,0,0,0,0,54.14,1,3G award,656,100,100,78.2,57.4,0,Low,0.192,0
SYN-LA-02427,Karnataka,Urban,Urban Infrastructure,2022-10-25,2024-03-19,0.86,Agricultural,15,1,0,0,0,25.1,1,3D issued,511,93.3,72.7,54.1,43.5,0,Low,0.298,0
SYN-LA-02428,Karnataka,Urban,Railway,2021-05-17,2021-12-06,3.48,Agricultural,10,0,0,0,0,186.18,1,3A issued,203,35.2,22.2,18.2,13.0,0,Low,0.263,0
SYN-LA-02429,Chhattisgarh,Semi-urban,Urban Infrastructure,2023-11-19,2024-11-05,0.74,Residential,7,0,0,0,1,48.21,1,3D issued,352,65.1,65.1,32.2,30.8,0,Low,0.241,0
SYN-LA-02430,Rajasthan,Urban,Urban Infrastructure,2021-12-28,2022-05-01,1.81,Residential,6,0,0,0,0,132.13,1,Pre-notification,124,0,0,0,0,1,Low,0.217,79
SYN-LA-02431,Uttar Pradesh,Rural,State Highway,2022-05-10,2023-10-26,5.32,Agricultural,34,1,0,0,1,292.67,1,3G award,534,100,87.3,58.2,32.6,0,High,0.739,0
SYN-LA-02432,Uttar Pradesh,Urban,Industrial Corridor,2019-10-15,2021-06-29,5.91,Residential,6,0,0,0,1,498.05,1,3G award,623,100,92.7,65.9,51.3,1,Medium,0.481,179
SYN-LA-02433,Madhya Pradesh,Rural,Industrial Corridor,2023-08-16,2025-06-11,1.46,Agricultural,5,0,0,0,0,143.31,0,3G award,665,100,94.9,50.0,25.4,1,Medium,0.364,142
SYN-LA-02434,Madhya Pradesh,Urban,National Highway,2019-09-18,2021-08-13,4.71,Agricultural,11,0,0,1,0,388.19,1,3G award,695,100,85.6,79.0,68.1,1,Medium,0.573,254
SYN-LA-02435,Rajasthan,Rural,State Highway,2018-12-29,2020-11-28,13.0,Residential,24,1,0,0,0,675.16,1,3G award,700,100,97.2,72.9,52.4,1,High,0.757,246
SYN-LA-02436,West Bengal,Semi-urban,National Highway,2024-03-16,2024-06-03,10.32,Agricultural,30,1,0,0,0,264.32,1,3A issued,79,26.0,26.0,0.1,0,1,High,0.691,218
SYN-LA-02437,Haryana,Urban,National Highway,2023-03-28,2024-08-17,1.59,Agricultural,2,0,0,0,0,87.99,1,3G award,508,100,97.2,93.4,79.5,0,Low,0.116,0
SYN-LA-02438,Punjab,Semi-urban,State Highway,2024-09-15,2025-07-11,0.99,Agricultural,3,0,0,0,0,16.0,0,Pre-notification,299,6.7,6.7,0,0,0,Low,0.281,0
SYN-LA-02439,Maharashtra,Rural,National Highway,2024-11-19,2026-01-07,3.69,Residential,16,1,0,0,1,360.47,1,3D issued,414,64.3,50.3,41.5,25.7,1,Medium,0.509,182
SYN-LA-02440,Haryana,Semi-urban,Railway,2024-01-25,2024-09-29,5.74,Residential,6,0,1,0,0,600.29,1,3A issued,248,29.5,11.2,0,0,1,Medium,0.506,286
SYN-LA-02441,Haryana,Urban,State Highway,2024-01-24,2025-04-28,2.36,Commercial,26,1,0,0,0,301.34,1,3G award,460,100,93.6,85.8,78.2,0,Low,0.309,0
SYN-LA-02442,Haryana,Urban,Industrial Corridor,2020-11-14,2021-01-20,9.51,Agricultural,21,1,0,0,1,476.97,1,Pre-notification,67,9.1,9.1,8.5,4.8,1,High,0.735,316
SYN-LA-02443,Karnataka,Rural,Industrial Corridor,2022-11-08,2024-02-12,4.77,Agricultural,6,0,0,0,0,82.07,1,3G award,461,100,86.0,76.3,65.4,1,Low,0.171,62
SYN-LA-02444,Rajasthan,Urban,National Highway,2022-01-13,2022-09-16,5.06,Agricultural,9,0,0,0,0,100.68,1,3D issued,246,86.6,56.9,53.0,34.1,1,Low,0.266,193
SYN-LA-02445,Chhattisgarh,Urban,Railway,2023-01-22,2023-03-14,2.67,Agricultural,1,0,0,0,0,160.53,1,Pre-notification,51,6.9,6.9,0,0,0,Low,0.194,0
SYN-LA-02446,Rajasthan,Urban,Railway,2023-01-23,2024-04-21,1.31,Agricultural,9,0,0,0,0,109.96,1,3G award,454,100,88.1,65.5,54.9,0,Low,0.18,0
SYN-LA-02447,West Bengal,Rural,Urban Infrastructure,2024-02-24,2025-08-17,4.18,Forest,11,0,0,0,0,330.66,1,3G award,540,93.1,82.8,67.1,64.3,0,Low,0.287,0
SYN-LA-02448,West Bengal,Semi-urban,Railway,2023-05-24,2025-03-07,1.49,Agricultural,4,0,0,0,0,76.39,1,3G award,653,100,96.1,88.8,65.6,0,Low,0.151,0
SYN-LA-02449,Karnataka,Urban,Industrial Corridor,2020-04-20,2020-07-28,3.2,Agricultural,3,0,0,0,0,54.35,1,Pre-notification,99,0,0,0,0,0,Low,0.216,0
SYN-LA-02450,Odisha,Semi-urban,National Highway,2018-10-13,2020-05-11,1.06,Forest,14,0,0,0,0,58.18,1,3G award,576,100,89.9,89.8,77.4,0,Low,0.199,0
SYN-LA-02451,Haryana,Rural,Industrial Corridor,2019-09-24,2020-05-27,1.04,Residential,9,0,0,0,0,44.7,1,3A issued,246,54.0,31.7,30.9,8.9,0,Low,0.182,0
SYN-LA-02452,West Bengal,Rural,Urban Infrastructure,2023-09-16,2024-03-20,2.93,Residential,8,0,1,0,0,231.37,1,Pre-notification,186,8.9,0.3,0,0,0,Medium,0.42,0
SYN-LA-02453,Punjab,Rural,Railway,2024-04-24,2025-05-28,1.77,Agricultural,10,0,0,0,0,86.8,1,3A issued,399,59.4,34.3,9.0,7.1,0,Low,0.24,0
SYN-LA-02454,Maharashtra,Semi-urban,State Highway,2021-02-12,2021-05-12,3.71,Agricultural,23,1,0,0,0,234.64,1,3A issued,89,44.6,26.4,21.8,14.2,1,Medium,0.354,179
SYN-LA-02455,West Bengal,Urban,Industrial Corridor,2019-07-12,2020-08-05,16.87,Agricultural,4,1,0,0,0,307.4,1,3D issued,390,79.2,66.9,40.5,37.0,0,High,0.731,0
SYN-LA-02456,Punjab,Urban,Industrial Corridor,2024-05-01,2026-01-02,2.64,Agricultural,7,0,0,0,1,242.84,1,3G award,611,100,82.9,51.2,36.1,0,Medium,0.395,0
SYN-LA-02457,Madhya Pradesh,Urban,State Highway,2018-07-28,2020-06-07,17.6,Agricultural,10,1,0,0,0,1001.61,0,3G award,680,100,91.9,71.5,61.9,1,High,0.876,292
SYN-LA-02458,Odisha,Rural,Industrial Corridor,2019-06-16,2021-01-12,3.59,Forest,7,0,0,0,0,217.44,1,3G award,576,98.7,89.3,69.8,68.9,1,Low,0.238,122
SYN-LA-02459,Uttar Pradesh,Urban,Railway,2021-04-30,2021-06-23,2.17,Forest,16,0,1,0,0,70.05,1,Pre-notification,54,0,0,0,0,0,Medium,0.563,0
SYN-LA-02460,Chhattisgarh,Semi-urban,Industrial Corridor,2019-08-09,2020-12-01,3.85,Residential,16,1,0,0,0,280.3,1,3G award,480,100,95.3,81.4,58.8,1,Low,0.305,183
SYN-LA-02461,Madhya Pradesh,Rural,Railway,2018-11-20,2019-11-30,1.23,Residential,1,0,1,1,1,110.83,1,3A issued,375,21.5,16.2,0,0,0,High,0.75,0
SYN-LA-02462,Karnataka,Urban,Industrial Corridor,2019-01-10,2019-12-24,3.58,Residential,17,0,0,1,0,159.19,0,Pre-notification,348,10.6,2.2,0,0,1,High,0.797,303
SYN-LA-02463,West Bengal,Semi-urban,State Highway,2023-09-16,2025-07-10,3.67,Agricultural,3,0,0,0,1,221.73,1,3G award,663,100,97.4,73.4,52.8,0,Low,0.331,0
SYN-LA-02464,Chhattisgarh,Rural,Urban Infrastructure,2019-08-14,2021-05-20,5.25,Agricultural,5,1,1,0,0,130.85,0,3D issued,645,78.9,68.0,30.5,5.3,1,High,0.811,250
SYN-LA-02465,Chhattisgarh,Rural,Industrial Corridor,2022-04-16,2022-07-14,2.36,Forest,4,1,0,0,0,208.24,0,Pre-notification,89,10.3,10.3,0,0,1,Medium,0.439,180
SYN-LA-02466,Maharashtra,Urban,Railway,2020-01-16,2021-06-21,1.81,Residential,3,1,0,0,0,98.26,1,3G award,522,100,100,98.7,82.9,0,Low,0.163,0
SYN-LA-02467,West Bengal,Semi-urban,State Highway,2019-10-24,2020-11-25,20.73,Agricultural,25,1,1,0,0,2091.08,1,3A issued,398,47.1,28.6,0,0,0,High,0.965,0
SYN-LA-02468,Odisha,Urban,Industrial Corridor,2023-07-20,2025-04-04,4.47,Agricultural,5,1,0,1,0,162.76,0,3G award,624,100,78.0,48.4,37.5,1,High,0.796,249
SYN-LA-02469,Maharashtra,Urban,National Highway,2022-08-11,2023-02-08,2.45,Agricultural,12,0,1,0,0,126.22,1,3A issued,181,23.2,0,0,0,0,Medium,0.484,0
SYN-LA-02470,Madhya Pradesh,Semi-urban,State Highway,2023-07-19,2023-09-24,4.43,Forest,20,0,0,0,1,253.86,1,Pre-notification,67,0,0,0,0,1,Medium,0.533,130
SYN-LA-02471,Chhattisgarh,Urban,State Highway,2020-10-28,2020-12-18,1.76,Residential,9,0,0,0,0,156.69,1,3A issued,51,15.7,12.9,0,0,1,Low,0.219,125
SYN-LA-02472,Uttar Pradesh,Semi-urban,Urban Infrastructure,2023-09-12,2025-08-30,3.05,Agricultural,24,1,0,0,0,310.62,1,3G award,718,100,90.5,63.7,62.8,0,Medium,0.417,0
SYN-LA-02473,West Bengal,Urban,Urban Infrastructure,2018-11-07,2019-03-18,0.59,Residential,7,0,0,0,1,38.54,1,3A issued,131,34.8,25.5,11.2,4.4,1,Low,0.294,155
SYN-LA-02474,Karnataka,Urban,Urban Infrastructure,2019-07-06,2020-09-11,1.59,Agricultural,11,0,0,0,0,94.19,1,3G award,433,100,80.4,62.2,58.7,1,Low,0.174,169
SYN-LA-02475,Punjab,Semi-urban,Railway,2020-03-28,2022-02-08,7.31,Agricultural,47,1,0,0,0,314.04,1,3G award,682,100,100,85.7,61.5,1,High,0.713,199
SYN-LA-02476,Odisha,Rural,National Highway,2019-05-17,2020-09-05,11.87,Agricultural,5,1,0,0,0,268.76,1,3G award,477,100.0,80.0,74.9,62.1,1,Medium,0.463,115
SYN-LA-02477,Punjab,Semi-urban,National Highway,2021-12-08,2022-12-03,1.85,Agricultural,1,0,0,0,0,48.5,1,3D issued,360,74.6,40.1,14.4,1.5,0,Low,0.192,0
SYN-LA-02478,Odisha,Urban,Industrial Corridor,2020-05-01,2022-01-07,3.84,Residential,6,0,0,0,1,151.01,1,3G award,616,100,100,88.2,69.8,0,Low,0.339,0
SYN-LA-02479,Uttar Pradesh,Urban,Urban Infrastructure,2019-07-27,2021-03-24,2.46,Agricultural,3,0,0,0,0,49.82,1,3G award,606,100,90.4,79.0,68.8,0,Low,0.183,0
SYN-LA-02480,Chhattisgarh,Urban,National Highway,2018-10-04,2020-01-05,1.38,Agricultural,16,0,0,0,1,53.97,1,3G award,458,96.3,87.9,61.4,52.3,0,Low,0.345,0
SYN-LA-02481,Chhattisgarh,Rural,Industrial Corridor,2022-01-25,2022-11-25,2.93,Agricultural,4,0,0,0,0,299.15,1,3D issued,304,79.5,62.5,33.9,15.9,0,Low,0.203,0
SYN-LA-02482,Odisha,Urban,Industrial Corridor,2020-10-06,2021-02-16,9.04,Agricultural,6,1,0,0,0,189.11,0,3A issued,133,28.3,5.1,0,0,1,High,0.669,295
SYN-LA-02483,Karnataka,Urban,National Highway,2019-05-17,2020-06-05,8.55,Forest,5,1,0,0,0,532.19,1,3D issued,385,71.1,53.3,32.4,28.1,0,Medium,0.561,0
SYN-LA-02484,Karnataka,Urban,Industrial Corridor,2018-04-20,2019-11-30,13.32,Agricultural,3,1,0,0,0,357.77,1,3G award,589,99.0,92.7,63.2,52.8,1,Medium,0.612,128
SYN-LA-02485,Rajasthan,Rural,National Highway,2020-01-05,2021-11-04,18.99,Agricultural,6,1,0,0,1,1561.69,1,3G award,669,100,100,74.2,65.0,1,High,0.843,298
SYN-LA-02486,Odisha,Urban,Industrial Corridor,2021-10-24,2023-02-16,4.0,Forest,2,0,0,0,0,159.87,0,3D issued,480,93.4,53.7,19.0,14.1,0,Medium,0.55,0
SYN-LA-02487,Chhattisgarh,Urban,Railway,2020-12-16,2022-02-15,4.15,Agricultural,10,1,0,0,1,391.79,1,3D issued,426,85.0,74.0,48.1,23.6,1,Medium,0.555,271
SYN-LA-02488,Madhya Pradesh,Urban,Urban Infrastructure,2020-10-14,2021-07-19,1.02,Agricultural,8,0,0,0,0,93.37,1,3D issued,278,74.4,66.7,38.9,24.1,0,Low,0.189,0
SYN-LA-02489,Chhattisgarh,Rural,Urban Infrastructure,2020-08-01,2021-02-09,3.99,Agricultural,5,1,0,0,0,288.85,1,3A issued,192,29.3,29.3,6.5,0,0,Low,0.31,0
SYN-LA-02490,Karnataka,Urban,Railway,2024-05-07,2026-04-04,12.56,Agricultural,3,1,1,1,1,572.57,1,3D issued,697,86.8,66.4,44.1,20.1,1,High,0.971,211
SYN-LA-02491,Rajasthan,Urban,State Highway,2018-07-22,2020-01-24,6.53,Agricultural,17,1,0,0,1,617.2,1,3D issued,551,97.0,70.1,38.0,28.4,1,High,0.711,292
SYN-LA-02492,Haryana,Semi-urban,Urban Infrastructure,2024-01-10,2025-09-13,0.62,Agricultural,11,0,1,1,1,26.92,1,3A issued,612,38.7,38.7,35.5,17.7,1,High,0.812,283
SYN-LA-02493,Punjab,Semi-urban,Industrial Corridor,2019-10-04,2020-06-27,2.98,Agricultural,7,1,0,0,1,132.89,1,3A issued,267,44.0,39.3,19.4,15.5,1,Medium,0.374,234
SYN-LA-02494,Rajasthan,Urban,Industrial Corridor,2024-08-29,2025-06-29,3.23,Residential,8,1,0,0,0,114.27,1,3A issued,304,55.4,31.5,15.1,0,0,Medium,0.398,0
SYN-LA-02495,Rajasthan,Rural,State Highway,2020-03-31,2021-10-10,25.3,Residential,5,1,0,0,0,1430.85,1,3G award,558,100,76.8,71.2,47.1,1,High,0.788,176
SYN-LA-02496,Chhattisgarh,Urban,Railway,2020-05-29,2020-11-30,1.03,Residential,6,0,0,0,0,88.74,1,3A issued,185,40.7,23.7,12.3,10.8,0,Low,0.193,0
SYN-LA-02497,Madhya Pradesh,Rural,Industrial Corridor,2024-01-24,2024-05-22,7.47,Agricultural,13,1,1,0,0,283.81,1,3A issued,119,21.4,8.2,0,0,1,High,0.659,267
SYN-LA-02498,Uttar Pradesh,Semi-urban,State Highway,2024-09-16,2026-02-22,4.93,Agricultural,2,1,0,0,0,157.62,1,3G award,524,100,88.9,61.3,57.3,1,Low,0.258,215
SYN-LA-02499,Haryana,Urban,National Highway,2021-08-03,2022-04-06,0.83,Agricultural,5,0,0,0,0,45.39,1,3A issued,246,57.0,40.4,10.9,0,1,Low,0.213,147
SYN-LA-02500,Odisha,Semi-urban,State Highway,2022-02-22,2023-04-29,2.24,Residential,13,0,0,0,0,195.82,0,3D issued,431,74.3,42.0,13.4,6.6,0,Medium,0.446,0
